2025-10-08 14:23:10 [INFO] ✅ Backend Running on Port 5000
2025-10-08 14:23:11 [INFO] ✅ MongoDB Connected Successfully (Local)
2025-10-08 14:23:11 [INFO] ✅ Database initialized
2025-10-08 14:40:05 [INFO] ✅ Backend Running on Port 5000
2025-10-08 14:40:05 [INFO] ✅ MongoDB Connected Successfully (Local)
2025-10-08 14:40:05 [INFO] ✅ Database initialized
2025-10-08 14:41:25 [INFO] ✅ Backend Running on Port 5000
2025-10-08 14:41:25 [INFO] ✅ MongoDB Connected Successfully (Local)
2025-10-08 14:41:25 [INFO] ✅ Database initialized
2025-10-08 15:01:10 [INFO] ✅ Backend Running on Port 5000
2025-10-08 15:01:10 [INFO] ✅ MongoDB Connected Successfully (Local)
2025-10-08 15:01:10 [INFO] ✅ Database initialized
2025-10-08 15:31:31 [INFO] ✅ Backend Running on Port 5000
2025-10-08 15:31:31 [INFO] ✅ MongoDB Connected Successfully (Local)
2025-10-08 15:31:31 [INFO] ✅ Database initialized
2025-10-08 15:31:41 [INFO] ✅ Backend Running on Port 5000
2025-10-08 15:31:41 [INFO] ✅ MongoDB Connected Successfully (Local)
2025-10-08 15:31:41 [INFO] ✅ Database initialized
2025-10-08 15:32:30 [INFO] ✅ Backend Running on Port 5000
2025-10-08 15:32:30 [INFO] ✅ MongoDB Connected Successfully (Local)
2025-10-08 15:32:30 [INFO] ✅ Database initialized
2025-10-08 16:19:10 [INFO] ✅ Backend Running on Port 5000
2025-10-08 16:19:11 [INFO] ✅ MongoDB Connected Successfully (Local)
2025-10-08 16:19:11 [INFO] ✅ Database initialized
2025-10-08 16:20:57 [INFO] ✅ Backend Running on Port 5000
2025-10-08 16:20:57 [INFO] ✅ MongoDB Connected Successfully (Local)
2025-10-08 16:20:57 [INFO] ✅ Database initialized
2025-10-08 17:02:19 [INFO] ✅ Backend Running on Port 5000
2025-10-08 17:02:19 [INFO] ✅ MongoDB Connected Successfully (Local)
2025-10-08 17:02:19 [INFO] ✅ Database initialized
2025-10-08 17:05:54 [INFO] ✅ Backend Running on Port 5000
2025-10-08 17:05:55 [INFO] ✅ MongoDB Connected Successfully (Local)
2025-10-08 17:05:55 [INFO] ✅ Database initialized
2025-10-08 19:52:02 [INFO] ✅ Backend Running on Port 5000
2025-10-08 19:52:02 [INFO] ✅ MongoDB Connected Successfully (Local)
2025-10-08 19:52:02 [INFO] ✅ Database initialized
2025-10-08 20:29:02 [INFO] ✅ Backend Running on Port 5000
2025-10-08 20:29:02 [INFO] ✅ MongoDB Connected Successfully (Local)
2025-10-08 20:29:02 [INFO] ✅ Database initialized
2025-10-08 20:29:10 [INFO] ✅ Backend Running on Port 5000
2025-10-08 20:29:11 [INFO] ✅ MongoDB Connected Successfully (Local)
2025-10-08 20:29:11 [INFO] ✅ Database initialized
2025-10-08 20:32:28 [INFO] ✅ Backend Running on Port 5000
2025-10-08 20:32:28 [INFO] ✅ MongoDB Connected Successfully (Local)
2025-10-08 20:32:28 [INFO] ✅ Database initialized
2025-10-08 20:35:08 [INFO] ✅ Backend Running on Port 5000
2025-10-08 20:35:08 [INFO] ✅ MongoDB Connected Successfully (Local)
2025-10-08 20:35:08 [INFO] ✅ Database initialized
2025-10-08 20:35:19 [INFO] ✅ Backend Running on Port 5000
2025-10-08 20:35:19 [INFO] ✅ MongoDB Connected Successfully (Local)
2025-10-08 20:35:19 [INFO] ✅ Database initialized
2025-10-08 20:35:31 [INFO] ✅ Backend Running on Port 5000
2025-10-08 20:35:31 [INFO] ✅ MongoDB Connected Successfully (Local)
2025-10-08 20:35:31 [INFO] ✅ Database initialized
2025-10-08 20:37:15 [INFO] ✅ Backend Running on Port 5000
2025-10-08 20:37:15 [INFO] ✅ MongoDB Connected Successfully (Local)
2025-10-08 20:37:15 [INFO] ✅ Database initialized
2025-10-08 20:39:09 [INFO] ✅ Backend Running on Port 5000
2025-10-08 20:39:09 [INFO] ✅ MongoDB Connected Successfully (Local)
2025-10-08 20:39:09 [INFO] ✅ Database initialized
2025-10-08 20:39:57 [INFO] ✅ Backend Running on Port 5000
2025-10-08 20:39:57 [INFO] ✅ MongoDB Connected Successfully (Local)
2025-10-08 20:39:57 [INFO] ✅ Database initialized
2025-10-08 20:40:09 [INFO] ✅ Backend Running on Port 5000
2025-10-08 20:40:09 [INFO] ✅ MongoDB Connected Successfully (Local)
2025-10-08 20:40:09 [INFO] ✅ Database initialized
2025-10-08 20:40:19 [INFO] ✅ Backend Running on Port 5000
2025-10-08 20:40:20 [INFO] ✅ MongoDB Connected Successfully (Local)
2025-10-08 20:40:20 [INFO] ✅ Database initialized
2025-10-08 20:40:36 [INFO] ✅ Backend Running on Port 5000
2025-10-08 20:40:36 [INFO] ✅ MongoDB Connected Successfully (Local)
2025-10-08 20:40:36 [INFO] ✅ Database initialized
2025-10-08 20:41:51 [INFO] ✅ Backend Running on Port 5000
2025-10-08 20:41:51 [INFO] ✅ MongoDB Connected Successfully (Local)
2025-10-08 20:41:51 [INFO] ✅ Database initialized
2025-10-08 20:41:59 [INFO] ✅ Backend Running on Port 5000
2025-10-08 20:41:59 [INFO] ✅ MongoDB Connected Successfully (Local)
2025-10-08 20:41:59 [INFO] ✅ Database initialized
2025-10-08 20:42:10 [INFO] ✅ Backend Running on Port 5000
2025-10-08 20:42:10 [INFO] ✅ MongoDB Connected Successfully (Local)
2025-10-08 20:42:10 [INFO] ✅ Database initialized
2025-10-08 20:42:19 [INFO] ✅ Backend Running on Port 5000
2025-10-08 20:42:19 [INFO] ✅ MongoDB Connected Successfully (Local)
2025-10-08 20:42:19 [INFO] ✅ Database initialized
2025-10-08 20:42:31 [INFO] ✅ Backend Running on Port 5000
2025-10-08 20:42:31 [INFO] ✅ MongoDB Connected Successfully (Local)
2025-10-08 20:42:31 [INFO] ✅ Database initialized
2025-10-08 20:44:53 [INFO] ✅ Backend Running on Port 5000
2025-10-08 20:44:53 [INFO] ✅ MongoDB Connected Successfully (Local)
2025-10-08 20:44:53 [INFO] ✅ Database initialized
2025-10-08 20:46:08 [INFO] ✅ Backend Running on Port 5000
2025-10-08 20:46:08 [INFO] ✅ MongoDB Connected Successfully (Local)
2025-10-08 20:46:08 [INFO] ✅ Database initialized
2025-10-08 20:46:24 [INFO] ✅ Backend Running on Port 5000
2025-10-08 20:46:24 [INFO] ✅ MongoDB Connected Successfully (Local)
2025-10-08 20:46:24 [INFO] ✅ Database initialized
2025-10-08 20:55:17 [INFO] ✅ Backend Running on Port 5000
2025-10-08 20:55:17 [INFO] ✅ MongoDB Connected Successfully (Local)
2025-10-08 20:55:17 [INFO] ✅ Database initialized
2025-10-08 20:55:25 [INFO] ✅ Backend Running on Port 5000
2025-10-08 20:55:25 [INFO] ✅ MongoDB Connected Successfully (Local)
2025-10-08 20:55:25 [INFO] ✅ Database initialized
2025-10-08 20:55:27 [INFO] ✅ Backend Running on Port 5000
2025-10-08 20:55:27 [INFO] ✅ MongoDB Connected Successfully (Local)
2025-10-08 20:55:27 [INFO] ✅ Database initialized
2025-10-08 20:55:29 [INFO] ✅ Backend Running on Port 5000
2025-10-08 20:55:29 [INFO] ✅ MongoDB Connected Successfully (Local)
2025-10-08 20:55:29 [INFO] ✅ Database initialized
2025-10-08 20:55:32 [INFO] ✅ Backend Running on Port 5000
2025-10-08 20:55:32 [INFO] ✅ MongoDB Connected Successfully (Local)
2025-10-08 20:55:32 [INFO] ✅ Database initialized
2025-10-08 20:55:34 [INFO] ✅ Backend Running on Port 5000
2025-10-08 20:55:34 [INFO] ✅ MongoDB Connected Successfully (Local)
2025-10-08 20:55:34 [INFO] ✅ Database initialized
2025-10-08 20:55:36 [INFO] ✅ Backend Running on Port 5000
2025-10-08 20:55:36 [INFO] ✅ MongoDB Connected Successfully (Local)
2025-10-08 20:55:36 [INFO] ✅ Database initialized
2025-10-08 20:55:44 [INFO] ✅ Backend Running on Port 5000
2025-10-08 20:55:44 [INFO] ✅ MongoDB Connected Successfully (Local)
2025-10-08 20:55:44 [INFO] ✅ Database initialized
2025-10-08 20:56:05 [INFO] ✅ Backend Running on Port 5000
2025-10-08 20:56:05 [INFO] ✅ MongoDB Connected Successfully (Local)
2025-10-08 20:56:05 [INFO] ✅ Database initialized
2025-10-08 20:56:09 [INFO] ✅ Backend Running on Port 5000
2025-10-08 20:56:09 [INFO] ✅ MongoDB Connected Successfully (Local)
2025-10-08 20:56:09 [INFO] ✅ Database initialized
2025-10-09 09:55:44 [INFO] ✅ Backend Running on Port 5000
2025-10-09 09:55:44 [INFO] ✅ MongoDB Connected Successfully (Local)
2025-10-09 09:55:44 [INFO] ✅ Database initialized
2025-10-09 11:22:47 [INFO] ✅ Backend Running on Port 5000
2025-10-09 11:22:47 [INFO] ✅ MongoDB Connected Successfully (Local)
2025-10-09 11:22:47 [INFO] ✅ Database initialized
2025-10-09 11:29:53 [INFO] ✅ Backend Running on Port 5000
2025-10-09 11:29:53 [INFO] ✅ MongoDB Connected Successfully (Local)
2025-10-09 11:29:53 [INFO] ✅ Database initialized
2025-10-09 11:43:39 [INFO] ✅ Backend Running on Port 5000
2025-10-09 11:43:39 [INFO] ✅ MongoDB Connected Successfully (Local)
2025-10-09 11:43:39 [INFO] ✅ Database initialized
2025-10-09 11:44:09 [INFO] ✅ Backend Running on Port 5000
2025-10-09 11:44:10 [INFO] ✅ MongoDB Connected Successfully (Local)
2025-10-09 11:44:10 [INFO] ✅ Database initialized
2025-10-09 11:45:37 [INFO] ✅ Backend Running on Port 5000
2025-10-09 11:45:37 [INFO] ✅ MongoDB Connected Successfully (Local)
2025-10-09 11:45:37 [INFO] ✅ Database initialized
2025-10-09 11:46:42 [INFO] ✅ Backend Running on Port 5000
2025-10-09 11:46:42 [INFO] ✅ MongoDB Connected Successfully (Local)
2025-10-09 11:46:42 [INFO] ✅ Database initialized
2025-10-09 11:49:54 [INFO] ✅ Backend Running on Port 5000
2025-10-09 11:49:54 [INFO] ✅ MongoDB Connected Successfully (Local)
2025-10-09 11:49:54 [INFO] ✅ Database initialized
2025-10-09 11:59:52 [INFO] ✅ Backend Running on Port 5000
2025-10-09 11:59:52 [INFO] ✅ MongoDB Connected Successfully (Local)
2025-10-09 11:59:52 [INFO] ✅ Database initialized
2025-10-09 12:02:26 [INFO] ✅ Backend Running on Port 5000
2025-10-09 12:02:26 [INFO] ✅ MongoDB Connected Successfully (Local)
2025-10-09 12:02:26 [INFO] ✅ Database initialized
2025-10-09 12:15:53 [INFO] ✅ Backend Running on Port 5000
2025-10-09 12:15:53 [INFO] ✅ MongoDB Connected Successfully (Local)
2025-10-09 12:15:53 [INFO] ✅ Database initialized
2025-10-09 12:19:15 [INFO] ✅ Backend Running on Port 5000
2025-10-09 12:19:15 [INFO] ✅ MongoDB Connected Successfully (Local)
2025-10-09 12:19:15 [INFO] ✅ Database initialized
2025-10-09 12:36:28 [INFO] ✅ Backend Running on Port 5000
2025-10-09 12:36:28 [INFO] ✅ MongoDB Connected Successfully (Local)
2025-10-09 12:36:28 [INFO] ✅ Database initialized
2025-10-09 12:36:43 [INFO] ✅ Backend Running on Port 5000
2025-10-09 12:36:43 [INFO] ✅ MongoDB Connected Successfully (Local)
2025-10-09 12:36:43 [INFO] ✅ Database initialized
2025-10-09 12:38:45 [INFO] ✅ Backend Running on Port 5000
2025-10-09 12:38:45 [INFO] ✅ MongoDB Connected Successfully (Local)
2025-10-09 12:38:45 [INFO] ✅ Database initialized
2025-10-09 12:39:18 [INFO] ✅ Backend Running on Port 5000
2025-10-09 12:39:18 [INFO] ✅ MongoDB Connected Successfully (Local)
2025-10-09 12:39:18 [INFO] ✅ Database initialized
2025-10-09 12:42:59 [INFO] ✅ Backend Running on Port 5000
2025-10-09 12:42:59 [INFO] ✅ MongoDB Connected Successfully (Local)
2025-10-09 12:42:59 [INFO] ✅ Database initialized
2025-10-09 13:02:57 [INFO] ✅ Backend Running on Port 5000
2025-10-09 13:02:57 [INFO] ✅ MongoDB Connected Successfully (Local)
2025-10-09 13:02:57 [INFO] ✅ Database initialized
2025-10-09 13:03:50 [INFO] ✅ Backend Running on Port 5000
2025-10-09 13:03:50 [INFO] ✅ MongoDB Connected Successfully (Local)
2025-10-09 13:03:50 [INFO] ✅ Database initialized
2025-10-09 13:11:20 [INFO] ✅ Backend Running on Port 5000
2025-10-09 13:11:20 [INFO] ✅ MongoDB Connected Successfully (Local)
2025-10-09 13:11:20 [INFO] ✅ Database initialized
2025-10-09 13:43:38 [INFO] ✅ Backend Running on Port 5000
2025-10-09 13:43:38 [INFO] ✅ MongoDB Connected Successfully (Local)
2025-10-09 13:43:38 [INFO] ✅ Database initialized
2025-10-09 14:49:32 [INFO] ✅ Backend Running on Port 5000
2025-10-09 14:49:32 [INFO] ✅ MongoDB Connected Successfully (Local)
2025-10-09 14:49:32 [INFO] ✅ Database initialized
2025-10-09 17:21:01 [INFO] ✅ Backend Running on Port 5000
2025-10-09 17:21:01 [INFO] ✅ MongoDB Connected Successfully (Local)
2025-10-09 17:21:01 [INFO] ✅ Database initialized
2025-10-09 17:27:58 [INFO] ✅ Backend Running on Port 5000
2025-10-09 17:27:58 [INFO] ✅ MongoDB Connected Successfully (Local)
2025-10-09 17:27:58 [INFO] ✅ Database initialized
2025-10-09 20:44:10 [INFO] ✅ Backend Running on Port 5000
2025-10-09 20:44:10 [INFO] ✅ MongoDB Connected Successfully (Local)
2025-10-09 20:44:10 [INFO] ✅ Database initialized
2025-10-09 21:08:33 [INFO] ✅ Backend Running on Port 5000
2025-10-09 21:08:33 [INFO] ✅ MongoDB Connected Successfully (Local)
2025-10-09 21:08:33 [INFO] ✅ Database initialized
2025-10-09 22:09:47 [INFO] ✅ Backend Running on Port 5000
2025-10-09 22:09:47 [INFO] ✅ MongoDB Connected Successfully (Local)
2025-10-09 22:09:47 [INFO] ✅ Database initialized
2025-10-09 22:13:35 [INFO] ✅ Backend Running on Port 5000
2025-10-09 22:13:35 [INFO] ✅ MongoDB Connected Successfully (Local)
2025-10-09 22:13:35 [INFO] ✅ Database initialized
2025-10-09 22:31:04 [INFO] ✅ Backend Running on Port 5000
2025-10-09 22:31:04 [INFO] ✅ MongoDB Connected Successfully (Local)
2025-10-09 22:31:04 [INFO] ✅ Database initialized
2025-10-09 22:31:21 [INFO] ✅ Backend Running on Port 5000
2025-10-09 22:31:21 [INFO] ✅ MongoDB Connected Successfully (Local)
2025-10-09 22:31:21 [INFO] ✅ Database initialized
2025-10-10 10:10:55 [INFO] ✅ Backend Running on Port 5000
2025-10-10 10:10:55 [INFO] ✅ MongoDB Connected Successfully (Local)
2025-10-10 10:10:55 [INFO] ✅ Database initialized
2025-10-10 10:24:05 [INFO] ✅ Backend Running on Port 5000
2025-10-10 10:24:05 [INFO] ✅ MongoDB Connected Successfully (Local)
2025-10-10 10:24:05 [INFO] ✅ Database initialized
2025-10-10 10:30:20 [INFO] ✅ Backend Running on Port 5000
2025-10-10 10:30:20 [INFO] ✅ MongoDB Connected Successfully (Local)
2025-10-10 10:30:20 [INFO] ✅ Database initialized
2025-10-10 10:40:00 [INFO] ✅ Backend Running on Port 5000
2025-10-10 10:40:00 [INFO] ✅ MongoDB Connected Successfully (Local)
2025-10-10 10:40:00 [INFO] ✅ Database initialized
2025-10-10 12:38:56 [INFO] ✅ Backend Running on Port 5000
2025-10-10 12:38:56 [INFO] ✅ MongoDB Connected Successfully (Local)
2025-10-10 12:38:56 [INFO] ✅ Database initialized
2025-10-10 12:53:13 [INFO] ✅ Backend Running on Port 5000
2025-10-10 12:53:13 [INFO] ✅ MongoDB Connected Successfully (Local)
2025-10-10 12:53:13 [INFO] ✅ Database initialized
2025-10-10 14:40:30 [INFO] ✅ Backend Running on Port 5000
2025-10-10 14:40:30 [INFO] ✅ MongoDB Connected Successfully (Local)
2025-10-10 14:40:30 [INFO] ✅ Database initialized
2025-10-10 14:44:27 [INFO] ✅ Backend Running on Port 5000
2025-10-10 14:44:27 [INFO] ✅ MongoDB Connected Successfully (Local)
2025-10-10 14:44:27 [INFO] ✅ Database initialized
2025-10-11 07:39:50 [INFO] ✅ Backend Running on Port 5000
2025-10-11 07:39:50 [INFO] ✅ MongoDB Connected Successfully (Local)
2025-10-11 07:39:50 [INFO] ✅ Database initialized
2025-10-11 08:19:24 [INFO] ✅ Backend Running on Port 5000
2025-10-11 08:19:24 [INFO] ✅ MongoDB Connected Successfully (Local)
2025-10-11 08:19:24 [INFO] ✅ Database initialized
2025-10-11 08:29:49 [INFO] ✅ Backend Running on Port 5000
2025-10-11 08:29:49 [INFO] ✅ MongoDB Connected Successfully (Local)
2025-10-11 08:29:49 [INFO] ✅ Database initialized
2025-10-11 08:30:17 [INFO] ✅ Backend Running on Port 5000
2025-10-11 08:30:17 [INFO] ✅ MongoDB Connected Successfully (Local)
2025-10-11 08:30:17 [INFO] ✅ Database initialized
2025-10-11 08:32:46 [INFO] ✅ Backend Running on Port 5000
2025-10-11 08:32:46 [INFO] ✅ MongoDB Connected Successfully (Local)
2025-10-11 08:32:46 [INFO] ✅ Database initialized
2025-10-11 08:35:08 [INFO] ✅ Backend Running on Port 5000
2025-10-11 08:35:08 [INFO] ✅ MongoDB Connected Successfully (Local)
2025-10-11 08:35:08 [INFO] ✅ Database initialized
2025-10-11 08:35:28 [INFO] ✅ Backend Running on Port 5000
2025-10-11 08:35:28 [INFO] ✅ MongoDB Connected Successfully (Local)
2025-10-11 08:35:28 [INFO] ✅ Database initialized
2025-10-11 08:36:48 [INFO] ✅ Backend Running on Port 5000
2025-10-11 08:36:49 [INFO] ✅ MongoDB Connected Successfully (Local)
2025-10-11 08:36:49 [INFO] ✅ Database initialized
2025-10-11 08:45:32 [INFO] ✅ Backend Running on Port 5000
2025-10-11 08:45:32 [INFO] ✅ MongoDB Connected Successfully (Local)
2025-10-11 08:45:32 [INFO] ✅ Database initialized
2025-10-11 09:05:47 [INFO] ✅ Backend Running on Port 5000
2025-10-11 09:05:47 [INFO] ✅ MongoDB Connected Successfully (Local)
2025-10-11 09:05:47 [INFO] ✅ Database initialized
2025-10-11 09:31:49 [INFO] ✅ Backend Running on Port 5000
2025-10-11 09:31:49 [INFO] ✅ MongoDB Connected Successfully (Local)
2025-10-11 09:31:49 [INFO] ✅ Database initialized
2025-10-11 09:41:16 [INFO] ✅ Backend Running on Port 5000
2025-10-11 09:41:16 [INFO] ✅ MongoDB Connected Successfully (Local)
2025-10-11 09:41:16 [INFO] ✅ Database initialized
2025-10-11 09:41:46 [INFO] ✅ Backend Running on Port 5000
2025-10-11 09:41:46 [INFO] ✅ MongoDB Connected Successfully (Local)
2025-10-11 09:41:46 [INFO] ✅ Database initialized
2025-10-11 10:27:22 [INFO] ✅ Backend Running on Port 5000
2025-10-11 10:27:22 [INFO] ✅ MongoDB Connected Successfully (Local)
2025-10-11 10:27:22 [INFO] ✅ Database initialized
2025-10-11 10:32:00 [INFO] ✅ Backend Running on Port 5000
2025-10-11 10:32:00 [INFO] ✅ MongoDB Connected Successfully (Local)
2025-10-11 10:32:00 [INFO] ✅ Database initialized
2025-10-11 10:51:31 [INFO] ✅ Backend Running on Port 5000
2025-10-11 10:51:32 [INFO] ✅ MongoDB Connected Successfully (Local)
2025-10-11 10:51:32 [INFO] ✅ Database initialized
2025-10-11 11:22:09 [INFO] ✅ Backend Running on Port 5000
2025-10-11 11:22:09 [INFO] ✅ MongoDB Connected Successfully (Local)
2025-10-11 11:22:09 [INFO] ✅ Database initialized
2025-10-11 11:27:20 [INFO] ✅ Backend Running on Port 5000
2025-10-11 11:27:20 [INFO] ✅ MongoDB Connected Successfully (Local)
2025-10-11 11:27:20 [INFO] ✅ Database initialized
2025-10-11 11:27:38 [INFO] ✅ Backend Running on Port 5000
2025-10-11 11:27:38 [INFO] ✅ MongoDB Connected Successfully (Local)
2025-10-11 11:27:38 [INFO] ✅ Database initialized
2025-10-11 11:29:22 [INFO] ✅ Backend Running on Port 5000
2025-10-11 11:29:22 [INFO] ✅ MongoDB Connected Successfully (Local)
2025-10-11 11:29:22 [INFO] ✅ Database initialized
2025-10-11 11:33:12 [INFO] ✅ Backend Running on Port 5000
2025-10-11 11:33:12 [INFO] ✅ MongoDB Connected Successfully (Local)
2025-10-11 11:33:12 [INFO] ✅ Database initialized
2025-10-11 11:45:03 [INFO] ✅ Backend Running on Port 5000
2025-10-11 11:45:03 [INFO] ✅ MongoDB Connected Successfully (Local)
2025-10-11 11:45:03 [INFO] ✅ Database initialized
2025-10-11 11:45:07 [INFO] ✅ Backend Running on Port 5000
2025-10-11 11:45:07 [INFO] ✅ MongoDB Connected Successfully (Local)
2025-10-11 11:45:07 [INFO] ✅ Database initialized
2025-10-11 11:45:50 [INFO] ✅ Backend Running on Port 5000
2025-10-11 11:45:50 [INFO] ✅ MongoDB Connected Successfully (Local)
2025-10-11 11:45:50 [INFO] ✅ Database initialized
2025-10-11 11:59:08 [INFO] ✅ Backend Running on Port 5000
2025-10-11 11:59:08 [INFO] ✅ MongoDB Connected Successfully (Local)
2025-10-11 11:59:08 [INFO] ✅ Database initialized
2025-10-11 12:06:14 [INFO] ✅ Backend Running on Port 5000
2025-10-11 12:06:15 [INFO] ✅ MongoDB Connected Successfully (Local)
2025-10-11 12:06:15 [INFO] ✅ Database initialized
2025-10-11 12:09:25 [INFO] ✅ Backend Running on Port 5000
2025-10-11 12:09:25 [INFO] ✅ MongoDB Connected Successfully (Local)
2025-10-11 12:09:25 [INFO] ✅ Database initialized
2025-10-11 12:09:28 [INFO] ✅ Backend Running on Port 5000
2025-10-11 12:09:28 [INFO] ✅ MongoDB Connected Successfully (Local)
2025-10-11 12:09:28 [INFO] ✅ Database initialized
2025-10-11 12:10:16 [INFO] ✅ Backend Running on Port 5000
2025-10-11 12:10:16 [INFO] ✅ MongoDB Connected Successfully (Local)
2025-10-11 12:10:16 [INFO] ✅ Database initialized
2025-10-11 12:12:25 [INFO] ✅ Backend Running on Port 5000
2025-10-11 12:12:25 [INFO] ✅ MongoDB Connected Successfully (Local)
2025-10-11 12:12:25 [INFO] ✅ Database initialized
2025-10-11 14:04:03 [INFO] ✅ Backend Running on Port 5000
2025-10-11 14:04:03 [INFO] ✅ MongoDB Connected Successfully (Local)
2025-10-11 14:04:03 [INFO] ✅ Database initialized
2025-10-11 14:12:53 [INFO] ✅ Backend Running on Port 5000
2025-10-11 14:12:53 [INFO] ✅ MongoDB Connected Successfully (Local)
2025-10-11 14:12:53 [INFO] ✅ Database initialized
2025-10-11 14:20:22 [INFO] ✅ Backend Running on Port 5000
2025-10-11 14:20:22 [INFO] ✅ MongoDB Connected Successfully (Local)
2025-10-11 14:20:22 [INFO] ✅ Database initialized
2025-10-11 15:18:04 [INFO] ✅ Backend Running on Port 5000
2025-10-11 15:18:04 [INFO] ✅ MongoDB Connected Successfully (Local)
2025-10-11 15:18:04 [INFO] ✅ Database initialized
2025-10-11 15:35:15 [INFO] ✅ Backend Running on Port 5000
2025-10-11 15:35:15 [INFO] ✅ MongoDB Connected Successfully (Local)
2025-10-11 15:35:15 [INFO] ✅ Database initialized
2025-10-11 15:35:20 [INFO] ✅ Backend Running on Port 5000
2025-10-11 15:35:20 [INFO] ✅ MongoDB Connected Successfully (Local)
2025-10-11 15:35:20 [INFO] ✅ Database initialized
2025-10-11 15:41:25 [INFO] ✅ Backend Running on Port 5000
2025-10-11 15:41:25 [INFO] ✅ MongoDB Connected Successfully (Local)
2025-10-11 15:41:25 [INFO] ✅ Database initialized
2025-10-11 15:41:31 [INFO] ✅ Backend Running on Port 5000
2025-10-11 15:41:31 [INFO] ✅ MongoDB Connected Successfully (Local)
2025-10-11 15:41:31 [INFO] ✅ Database initialized
2025-10-11 16:07:35 [INFO] ✅ Backend Running on Port 5000
2025-10-11 16:07:35 [INFO] ✅ MongoDB Connected Successfully (Local)
2025-10-11 16:07:35 [INFO] ✅ Database initialized
2025-10-11 17:10:33 [INFO] ✅ Backend Running on Port 5000
2025-10-11 17:10:33 [INFO] ✅ MongoDB Connected Successfully (Local)
2025-10-11 17:10:33 [INFO] ✅ Database initialized
2025-10-11 17:12:36 [INFO] ✅ Backend Running on Port 5000
2025-10-11 17:12:36 [INFO] ✅ MongoDB Connected Successfully (Local)
2025-10-11 17:12:36 [INFO] ✅ Database initialized
2025-10-12 09:41:17 [INFO] ✅ Backend Running on Port 5000
2025-10-12 09:41:17 [INFO] ✅ MongoDB Connected Successfully (Local)
2025-10-12 09:41:17 [INFO] ✅ Database initialized
2025-10-12 09:46:17 [INFO] ✅ Backend Running on Port 5000
2025-10-12 09:46:17 [INFO] ✅ MongoDB Connected Successfully (Local)
2025-10-12 09:46:17 [INFO] ✅ Database initialized
2025-10-12 09:46:53 [INFO] ✅ Backend Running on Port 5000
2025-10-12 09:46:53 [INFO] ✅ MongoDB Connected Successfully (Local)
2025-10-12 09:46:53 [INFO] ✅ Database initialized
2025-10-13 22:23:25 [INFO] ✅ Backend Running on Port 5000
2025-10-13 22:23:25 [INFO] ✅ MongoDB Connected Successfully (Local)
2025-10-13 22:23:25 [INFO] ✅ Database initialized
2025-10-13 22:32:36 [INFO] ✅ Backend Running on Port 5000
2025-10-13 22:32:36 [INFO] ✅ MongoDB Connected Successfully (Local)
2025-10-13 22:32:36 [INFO] ✅ Database initialized
2025-10-13 22:33:36 [INFO] ✅ Backend Running on Port 5000
2025-10-13 22:33:36 [INFO] ✅ MongoDB Connected Successfully (Local)
2025-10-13 22:33:36 [INFO] ✅ Database initialized
2025-10-13 22:39:33 [INFO] ✅ Backend Running on Port 5000
2025-10-13 22:39:33 [INFO] ✅ MongoDB Connected Successfully (Local)
2025-10-13 22:39:33 [INFO] ✅ Database initialized
2025-10-13 23:14:49 [INFO] ✅ Backend Running on Port 5000
2025-10-13 23:14:49 [INFO] ✅ MongoDB Connected Successfully (Local)
2025-10-13 23:14:49 [INFO] ✅ Database initialized
2025-10-14 07:38:41 [INFO] ✅ Backend Running on Port 5000
2025-10-14 07:38:41 [INFO] ✅ MongoDB Connected Successfully (Local)
2025-10-14 07:38:41 [INFO] ✅ Database initialized
2025-10-14 07:44:05 [INFO] ✅ Backend Running on Port 5000
2025-10-14 07:44:05 [INFO] ✅ MongoDB Connected Successfully (Local)
2025-10-14 07:44:05 [INFO] ✅ Database initialized
2025-10-14 08:46:50 [INFO] ✅ Backend Running on Port 5000
2025-10-14 08:46:50 [INFO] ✅ MongoDB Connected Successfully (Local)
2025-10-14 08:46:50 [INFO] ✅ Database initialized
2025-10-14 14:16:36 [INFO] ✅ Backend Running on Port 5000
2025-10-14 14:16:36 [INFO] ✅ MongoDB Connected Successfully (Local)
2025-10-14 14:16:36 [INFO] ✅ Database initialized
2025-10-14 14:42:41 [INFO] ✅ Backend Running on Port 5000
2025-10-14 14:42:41 [INFO] ✅ MongoDB Connected Successfully (Local)
2025-10-14 14:42:41 [INFO] ✅ Database initialized
2025-10-14 14:51:08 [INFO] ✅ Backend Running on Port 5000
2025-10-14 14:51:08 [INFO] ✅ MongoDB Connected Successfully (Local)
2025-10-14 14:51:08 [INFO] ✅ Database initialized
2025-10-14 15:02:51 [INFO] ✅ Backend Running on Port 5000
2025-10-14 15:02:51 [INFO] ✅ MongoDB Connected Successfully (Local)
2025-10-14 15:02:51 [INFO] ✅ Database initialized
2025-10-14 15:28:38 [INFO] ✅ Backend Running on Port 5000
2025-10-14 15:28:38 [INFO] ✅ MongoDB Connected Successfully (Local)
2025-10-14 15:28:38 [INFO] ✅ Database initialized
2025-10-14 15:49:02 [INFO] ✅ Backend Running on Port 5000
2025-10-14 15:49:02 [INFO] ✅ MongoDB Connected Successfully (Local)
2025-10-14 15:49:02 [INFO] ✅ Database initialized
2025-10-14 16:43:00 [INFO] ✅ Backend Running on Port 5000
2025-10-14 16:43:00 [INFO] ✅ MongoDB Connected Successfully (Local)
2025-10-14 16:43:00 [INFO] ✅ Database initialized
2025-10-14 17:27:01 [INFO] ✅ Backend Running on Port 5000
2025-10-14 17:27:01 [INFO] ✅ MongoDB Connected Successfully (Local)
2025-10-14 17:27:01 [INFO] ✅ Database initialized
2025-10-14 17:27:03 [INFO] ✅ Backend Running on Port 5000
2025-10-14 17:27:04 [INFO] ✅ MongoDB Connected Successfully (Local)
2025-10-14 17:27:04 [INFO] ✅ Database initialized
2025-10-14 17:27:42 [INFO] ✅ Backend Running on Port 5000
2025-10-14 17:27:42 [INFO] ✅ MongoDB Connected Successfully (Local)
2025-10-14 17:27:42 [INFO] ✅ Database initialized
2025-10-14 17:27:45 [INFO] ✅ Backend Running on Port 5000
2025-10-14 17:27:45 [INFO] ✅ MongoDB Connected Successfully (Local)
2025-10-14 17:27:45 [INFO] ✅ Database initialized
2025-10-14 17:43:23 [INFO] ✅ Backend Running on Port 5000
2025-10-14 17:43:23 [INFO] ✅ MongoDB Connected Successfully (Local)
2025-10-14 17:43:23 [INFO] ✅ Database initialized
2025-10-14 17:44:44 [INFO] ✅ Backend Running on Port 5000
2025-10-14 17:44:44 [INFO] ✅ MongoDB Connected Successfully (Local)
2025-10-14 17:44:44 [INFO] ✅ Database initialized
2025-10-15 07:59:28 [INFO] ✅ Backend Running on Port 5000
2025-10-15 07:59:28 [INFO] ✅ MongoDB Connected Successfully (Local)
2025-10-15 07:59:28 [INFO] ✅ Database initialized
2025-10-15 08:00:38 [INFO] ✅ Backend Running on Port 5000
2025-10-15 08:00:38 [INFO] ✅ MongoDB Connected Successfully (Local)
2025-10-15 08:00:38 [INFO] ✅ Database initialized
2025-10-20 18:27:51 [INFO] ✅ Backend Running on 0.0.0.0:5000
2025-10-20 18:27:51 [INFO] 🌐 Access at: http://localhost:5000
2025-10-20 18:27:55 [WARN] ⚠️  MongoDB Local connection failed: connect ECONNREFUSED 127.0.0.1:27017
2025-10-20 18:27:55 [ERROR] ❌ All MongoDB connection attempts failed. Set MONGO_URI_ATLAS or start local MongoDB.
2025-10-20 18:27:55 [ERROR] ❌ Database init failed: MongoDB connection failed
2025-10-20 19:06:37 [INFO] ✅ Backend Running on 0.0.0.0:5000
2025-10-20 19:06:37 [INFO] 🌐 Access at: http://localhost:5000
2025-10-20 19:07:08 [INFO] ✅ Backend Running on 0.0.0.0:5000
2025-10-20 19:07:08 [INFO] 🌐 Access at: http://localhost:5000
2025-10-20 19:07:16 [INFO] ✅ Backend Running on 0.0.0.0:5000
2025-10-20 19:07:16 [INFO] 🌐 Access at: http://localhost:5000
2025-10-21 15:41:32 [INFO] ✅ Backend Running on 0.0.0.0:5000
2025-10-21 15:41:32 [INFO] 🌐 Access at: http://localhost:5000
2025-10-21 15:41:32 [INFO] ✅ MongoDB Connected Successfully (Local)
2025-10-21 15:41:32 [INFO] ✅ Database initialized
2025-10-21 16:04:07 [INFO] ✅ Backend Running on 0.0.0.0:5000
2025-10-21 16:04:07 [INFO] 🌐 Access at: http://localhost:5000
2025-10-21 16:04:07 [INFO] ✅ MongoDB Connected Successfully (Local)
2025-10-21 16:04:07 [INFO] ✅ Database initialized
2025-10-21 16:04:19 [INFO] ✅ Backend Running on 0.0.0.0:5000
2025-10-21 16:04:19 [INFO] 🌐 Access at: http://localhost:5000
2025-10-21 16:04:19 [INFO] ✅ MongoDB Connected Successfully (Local)
2025-10-21 16:04:19 [INFO] ✅ Database initialized
2025-10-21 16:04:22 [INFO] ✅ Backend Running on 0.0.0.0:5000
2025-10-21 16:04:22 [INFO] 🌐 Access at: http://localhost:5000
2025-10-21 16:04:22 [INFO] ✅ MongoDB Connected Successfully (Local)
2025-10-21 16:04:22 [INFO] ✅ Database initialized
2025-10-21 16:04:43 [INFO] ✅ Backend Running on 0.0.0.0:5000
2025-10-21 16:04:43 [INFO] 🌐 Access at: http://localhost:5000
2025-10-21 16:04:43 [INFO] ✅ MongoDB Connected Successfully (Local)
2025-10-21 16:04:43 [INFO] ✅ Database initialized
2025-10-21 16:04:53 [INFO] ✅ Backend Running on 0.0.0.0:5000
2025-10-21 16:04:53 [INFO] 🌐 Access at: http://localhost:5000
2025-10-21 16:04:53 [INFO] ✅ MongoDB Connected Successfully (Local)
2025-10-21 16:04:53 [INFO] ✅ Database initialized
2025-10-21 16:09:47 [INFO] ✅ Backend Running on 0.0.0.0:5000
2025-10-21 16:09:47 [INFO] 🌐 Access at: http://localhost:5000
2025-10-21 16:09:47 [INFO] ✅ MongoDB Connected Successfully (Local)
2025-10-21 16:09:47 [INFO] ✅ Database initialized
2025-10-21 16:15:36 [INFO] ✅ Backend Running on 0.0.0.0:5000
2025-10-21 16:15:36 [INFO] 🌐 Access at: http://localhost:5000
2025-10-21 16:15:37 [INFO] ✅ MongoDB Connected Successfully (Local)
2025-10-21 16:15:37 [INFO] ✅ Database initialized
2025-10-21 16:28:20 [INFO] ✅ Backend Running on 0.0.0.0:5000
2025-10-21 16:28:21 [INFO] 🌐 Access at: http://localhost:5000
2025-10-21 16:28:21 [INFO] ✅ MongoDB Connected Successfully (Local)
2025-10-21 16:28:21 [INFO] ✅ Database initialized
2025-10-21 17:14:09 [INFO] ✅ Backend Running on 0.0.0.0:5000
2025-10-21 17:14:09 [INFO] 🌐 Access at: http://localhost:5000
2025-10-21 17:14:09 [INFO] ✅ MongoDB Connected Successfully (Local)
2025-10-21 17:14:09 [INFO] ✅ Database initialized
2025-10-21 17:16:46 [INFO] ✅ Backend Running on 0.0.0.0:5000
2025-10-21 17:16:46 [INFO] 🌐 Access at: http://localhost:5000
2025-10-21 17:16:46 [INFO] ✅ MongoDB Connected Successfully (Local)
2025-10-21 17:16:46 [INFO] ✅ Database initialized
2025-10-21 17:19:17 [INFO] ✅ Backend Running on 0.0.0.0:5000
2025-10-21 17:19:17 [INFO] 🌐 Access at: http://localhost:5000
2025-10-21 17:19:17 [INFO] ✅ MongoDB Connected Successfully (Local)
2025-10-21 17:19:17 [INFO] ✅ Database initialized
2025-10-21 18:59:29 [INFO] ✅ Backend Running on 0.0.0.0:5000
2025-10-21 18:59:29 [INFO] 🌐 Access at: http://localhost:5000
2025-10-21 18:59:29 [INFO] ✅ MongoDB Connected Successfully (Local)
2025-10-21 18:59:29 [INFO] ✅ Database initialized
2025-10-21 19:49:08 [INFO] ✅ Backend Running on 0.0.0.0:5000
2025-10-21 19:49:08 [INFO] 🌐 Access at: http://localhost:5000
2025-10-21 19:49:08 [INFO] ✅ MongoDB Connected Successfully (Local)
2025-10-21 19:49:08 [INFO] ✅ Database initialized
2025-10-21 19:50:21 [INFO] ✅ Backend Running on 0.0.0.0:5000
2025-10-21 19:50:21 [INFO] 🌐 Access at: http://localhost:5000
2025-10-21 19:50:21 [INFO] ✅ MongoDB Connected Successfully (Local)
2025-10-21 19:50:21 [INFO] ✅ Database initialized
2025-10-21 20:49:34 [INFO] ✅ Backend Running on 0.0.0.0:5000
2025-10-21 20:49:34 [INFO] 🌐 Access at: http://localhost:5000
2025-10-21 20:49:34 [INFO] ✅ MongoDB Connected Successfully (Local)
2025-10-21 20:49:34 [INFO] ✅ Database initialized
2025-10-21 21:04:54 [INFO] ✅ Backend Running on 0.0.0.0:5000
2025-10-21 21:04:54 [INFO] 🌐 Access at: http://localhost:5000
2025-10-21 21:04:54 [INFO] ✅ MongoDB Connected Successfully (Local)
2025-10-21 21:04:54 [INFO] ✅ Database initialized
2025-10-21 21:57:24 [INFO] ✅ Backend Running on 0.0.0.0:5000
2025-10-21 21:57:24 [INFO] 🌐 Access at: http://localhost:5000
2025-10-21 21:57:24 [INFO] ✅ MongoDB Connected Successfully (Local)
2025-10-21 21:57:24 [INFO] ✅ Database initialized
2025-10-21 22:01:38 [INFO] ✅ Backend Running on 0.0.0.0:5000
2025-10-21 22:01:38 [INFO] 🌐 Access at: http://localhost:5000
2025-10-21 22:01:38 [INFO] ✅ MongoDB Connected Successfully (Local)
2025-10-21 22:01:38 [INFO] ✅ Database initialized
2025-10-21 22:02:45 [INFO] ✅ Backend Running on 0.0.0.0:5000
2025-10-21 22:02:45 [INFO] 🌐 Access at: http://localhost:5000
2025-10-21 22:02:45 [INFO] ✅ MongoDB Connected Successfully (Local)
2025-10-21 22:02:45 [INFO] ✅ Database initialized
2025-10-21 22:05:26 [INFO] ✅ Backend Running on 0.0.0.0:5001
2025-10-21 22:05:26 [INFO] 🌐 Access at: http://localhost:5001
2025-10-21 22:05:26 [INFO] ✅ MongoDB Connected Successfully (Local)
2025-10-21 22:05:26 [INFO] ✅ Database initialized
2025-10-21 22:15:54 [INFO] ✅ Backend Running on 0.0.0.0:5001
2025-10-21 22:15:54 [INFO] 🌐 Access at: http://localhost:5001
2025-10-21 22:15:54 [INFO] ✅ MongoDB Connected Successfully (Local)
2025-10-21 22:15:54 [INFO] ✅ Database initialized
2025-10-21 22:23:14 [INFO] ✅ Backend Running on 0.0.0.0:5000
2025-10-21 22:23:14 [INFO] 🌐 Access at: http://localhost:5000
2025-10-21 22:23:14 [INFO] ✅ MongoDB Connected Successfully (Local)
2025-10-21 22:23:14 [INFO] ✅ Database initialized
2025-10-22 07:18:11 [INFO] ✅ Backend Running on 0.0.0.0:5001
2025-10-22 07:18:11 [INFO] 🌐 Access at: http://localhost:5001
2025-10-22 07:18:11 [INFO] ✅ MongoDB Connected Successfully (Local)
2025-10-22 07:18:11 [INFO] ✅ Database initialized
2025-10-22 07:20:15 [INFO] ✅ Backend Running on 0.0.0.0:5001
2025-10-22 07:20:15 [INFO] 🌐 Access at: http://localhost:5001
2025-10-22 07:20:15 [INFO] ✅ MongoDB Connected Successfully (Local)
2025-10-22 07:20:15 [INFO] ✅ Database initialized
2025-10-22 07:26:24 [INFO] ✅ Backend Running on 0.0.0.0:5001
2025-10-22 07:26:24 [INFO] 🌐 Access at: http://localhost:5001
2025-10-22 07:26:24 [INFO] ✅ MongoDB Connected Successfully (Local)
2025-10-22 07:26:24 [INFO] ✅ Database initialized
2025-10-22 07:26:48 [INFO] ✅ Backend Running on 0.0.0.0:5001
2025-10-22 07:26:48 [INFO] 🌐 Access at: http://localhost:5001
2025-10-22 07:26:48 [INFO] ✅ MongoDB Connected Successfully (Local)
2025-10-22 07:26:48 [INFO] ✅ Database initialized
2025-10-22 07:28:31 [INFO] ✅ Backend Running on 0.0.0.0:5001
2025-10-22 07:28:31 [INFO] 🌐 Access at: http://localhost:5001
2025-10-22 07:28:31 [INFO] ✅ MongoDB Connected Successfully (Local)
2025-10-22 07:28:31 [INFO] ✅ Database initialized
2025-10-22 07:40:36 [INFO] ✅ Backend Running on 0.0.0.0:5001
2025-10-22 07:40:36 [INFO] 🌐 Access at: http://localhost:5001
2025-10-22 07:40:36 [INFO] ✅ MongoDB Connected Successfully (Local)
2025-10-22 07:40:36 [INFO] ✅ Database initialized
2025-10-22 07:56:20 [INFO] ✅ Backend Running on 0.0.0.0:5001
2025-10-22 07:56:20 [INFO] 🌐 Access at: http://localhost:5001
2025-10-22 07:56:20 [INFO] ✅ MongoDB Connected Successfully (Local)
2025-10-22 07:56:20 [INFO] ✅ Database initialized
2025-10-22 07:57:12 [INFO] ✅ Backend Running on 0.0.0.0:5001
2025-10-22 07:57:12 [INFO] 🌐 Access at: http://localhost:5001
2025-10-22 07:57:12 [INFO] ✅ MongoDB Connected Successfully (Local)
2025-10-22 07:57:12 [INFO] ✅ Database initialized
2025-10-22 07:57:46 [INFO] ✅ Backend Running on 0.0.0.0:5001
2025-10-22 07:57:46 [INFO] 🌐 Access at: http://localhost:5001
2025-10-22 07:57:46 [INFO] ✅ MongoDB Connected Successfully (Local)
2025-10-22 07:57:46 [INFO] ✅ Database initialized
2025-10-22 08:02:29 [INFO] ✅ Backend Running on 0.0.0.0:5001
2025-10-22 08:02:29 [INFO] 🌐 Access at: http://localhost:5001
2025-10-22 08:02:29 [INFO] ✅ MongoDB Connected Successfully (Local)
2025-10-22 08:02:29 [INFO] ✅ Database initialized
2025-10-22 08:06:01 [INFO] ✅ Backend Running on 0.0.0.0:5001
2025-10-22 08:06:01 [INFO] 🌐 Access at: http://localhost:5001
2025-10-22 08:06:01 [INFO] ✅ MongoDB Connected Successfully (Local)
2025-10-22 08:06:01 [INFO] ✅ Database initialized
2025-10-22 08:12:08 [INFO] ✅ Backend Running on 0.0.0.0:5001
2025-10-22 08:12:08 [INFO] 🌐 Access at: http://localhost:5001
2025-10-22 08:12:08 [INFO] ✅ MongoDB Connected Successfully (Local)
2025-10-22 08:12:08 [INFO] ✅ Database initialized
2025-10-22 08:39:30 [INFO] ✅ Backend Running on 0.0.0.0:5001
2025-10-22 08:39:30 [INFO] 🌐 Access at: http://localhost:5001
2025-10-22 08:39:30 [INFO] ✅ MongoDB Connected Successfully (Local)
2025-10-22 08:39:30 [INFO] ✅ Database initialized
2025-10-22 12:42:52 [INFO] ✅ Backend Running on 0.0.0.0:5001
2025-10-22 12:42:52 [INFO] 🌐 Access at: http://localhost:5001
2025-10-22 12:42:52 [INFO] ✅ MongoDB Connected Successfully (Local)
2025-10-22 12:42:52 [INFO] ✅ Database initialized
2025-10-22 13:01:18 [INFO] ✅ Backend Running on 0.0.0.0:5001
2025-10-22 13:01:18 [INFO] 🌐 Access at: http://localhost:5001
2025-10-22 13:01:18 [INFO] ✅ MongoDB Connected Successfully (Local)
2025-10-22 13:01:18 [INFO] ✅ Database initialized
2025-10-22 14:39:52 [INFO] ✅ Backend Running on 0.0.0.0:5001
2025-10-22 14:39:52 [INFO] 🌐 Access at: http://localhost:5001
2025-10-22 14:39:52 [INFO] ✅ MongoDB Connected Successfully (Local)
2025-10-22 14:39:52 [INFO] ✅ Database initialized
2025-10-22 14:52:21 [INFO] ✅ Backend Running on 0.0.0.0:5001
2025-10-22 14:52:21 [INFO] 🌐 Access at: http://localhost:5001
2025-10-22 14:52:21 [INFO] ✅ MongoDB Connected Successfully (Local)
2025-10-22 14:52:21 [INFO] ✅ Database initialized
2025-10-22 17:51:25 [INFO] ✅ Backend Running on 0.0.0.0:5000
2025-10-22 17:51:25 [INFO] 🌐 Access at: http://localhost:5000
2025-10-22 17:51:25 [INFO] ✅ MongoDB Connected Successfully (Local)
2025-10-22 17:51:25 [INFO] ✅ Database initialized
2025-10-22 19:31:44 [INFO] ✅ Backend Running on 0.0.0.0:5000
2025-10-22 19:31:44 [INFO] 🌐 Access at: http://localhost:5000
2025-10-22 19:31:44 [INFO] ✅ MongoDB Connected Successfully (Local)
2025-10-22 19:31:44 [INFO] ✅ Database initialized
2025-10-22 19:36:29 [INFO] ✅ Backend Running on 0.0.0.0:5000
2025-10-22 19:36:29 [INFO] 🌐 Access at: http://localhost:5000
2025-10-22 19:36:29 [INFO] ✅ MongoDB Connected Successfully (Local)
2025-10-22 19:36:29 [INFO] ✅ Database initialized
2025-10-22 19:37:01 [INFO] ✅ Backend Running on 0.0.0.0:5000
2025-10-22 19:37:01 [INFO] 🌐 Access at: http://localhost:5000
2025-10-22 19:37:01 [INFO] ✅ MongoDB Connected Successfully (Local)
2025-10-22 19:37:01 [INFO] ✅ Database initialized
2025-10-22 19:38:48 [INFO] ✅ Backend Running on 0.0.0.0:5000
2025-10-22 19:38:48 [INFO] 🌐 Access at: http://localhost:5000
2025-10-22 19:38:48 [INFO] ✅ MongoDB Connected Successfully (Local)
2025-10-22 19:38:48 [INFO] ✅ Database initialized
2025-10-22 19:39:08 [INFO] ✅ Backend Running on 0.0.0.0:5000
2025-10-22 19:39:08 [INFO] 🌐 Access at: http://localhost:5000
2025-10-22 19:39:08 [INFO] ✅ MongoDB Connected Successfully (Local)
2025-10-22 19:39:08 [INFO] ✅ Database initialized
2025-10-22 19:39:43 [INFO] ✅ Backend Running on 0.0.0.0:5000
2025-10-22 19:39:43 [INFO] 🌐 Access at: http://localhost:5000
2025-10-22 19:39:43 [INFO] ✅ MongoDB Connected Successfully (Local)
2025-10-22 19:39:43 [INFO] ✅ Database initialized
2025-10-22 19:40:52 [INFO] ✅ Backend Running on 0.0.0.0:5000
2025-10-22 19:40:52 [INFO] 🌐 Access at: http://localhost:5000
2025-10-22 19:40:52 [INFO] ✅ MongoDB Connected Successfully (Local)
2025-10-22 19:40:52 [INFO] ✅ Database initialized
2025-10-22 19:41:28 [INFO] ✅ Backend Running on 0.0.0.0:5000
2025-10-22 19:41:28 [INFO] 🌐 Access at: http://localhost:5000
2025-10-22 19:41:28 [INFO] ✅ MongoDB Connected Successfully (Local)
2025-10-22 19:41:28 [INFO] ✅ Database initialized
2025-10-22 19:42:04 [INFO] ✅ Backend Running on 0.0.0.0:5000
2025-10-22 19:42:04 [INFO] 🌐 Access at: http://localhost:5000
2025-10-22 19:42:04 [INFO] ✅ MongoDB Connected Successfully (Local)
2025-10-22 19:42:04 [INFO] ✅ Database initialized
2025-10-22 19:43:17 [INFO] ✅ Backend Running on 0.0.0.0:5000
2025-10-22 19:43:17 [INFO] 🌐 Access at: http://localhost:5000
2025-10-22 19:43:17 [INFO] ✅ MongoDB Connected Successfully (Local)
2025-10-22 19:43:17 [INFO] ✅ Database initialized
2025-10-22 19:43:51 [INFO] ✅ Backend Running on 0.0.0.0:5000
2025-10-22 19:43:51 [INFO] 🌐 Access at: http://localhost:5000
2025-10-22 19:43:51 [INFO] ✅ MongoDB Connected Successfully (Local)
2025-10-22 19:43:51 [INFO] ✅ Database initialized
2025-10-22 19:45:08 [INFO] ✅ Backend Running on 0.0.0.0:5000
2025-10-22 19:45:08 [INFO] 🌐 Access at: http://localhost:5000
2025-10-22 19:45:08 [INFO] ✅ MongoDB Connected Successfully (Local)
2025-10-22 19:45:08 [INFO] ✅ Database initialized
2025-10-22 19:46:14 [INFO] ✅ Backend Running on 0.0.0.0:5000
2025-10-22 19:46:14 [INFO] 🌐 Access at: http://localhost:5000
2025-10-22 19:46:14 [INFO] ✅ MongoDB Connected Successfully (Local)
2025-10-22 19:46:14 [INFO] ✅ Database initialized
2025-10-22 19:46:42 [INFO] ✅ Backend Running on 0.0.0.0:5000
2025-10-22 19:46:42 [INFO] 🌐 Access at: http://localhost:5000
2025-10-22 19:46:42 [INFO] ✅ MongoDB Connected Successfully (Local)
2025-10-22 19:46:42 [INFO] ✅ Database initialized
2025-10-22 19:47:20 [INFO] ✅ Backend Running on 0.0.0.0:5000
2025-10-22 19:47:20 [INFO] 🌐 Access at: http://localhost:5000
2025-10-22 19:47:20 [INFO] ✅ MongoDB Connected Successfully (Local)
2025-10-22 19:47:20 [INFO] ✅ Database initialized
2025-10-22 19:50:03 [INFO] ✅ Backend Running on 0.0.0.0:5000
2025-10-22 19:50:03 [INFO] 🌐 Access at: http://localhost:5000
2025-10-22 19:50:03 [INFO] ✅ MongoDB Connected Successfully (Local)
2025-10-22 19:50:03 [INFO] ✅ Database initialized
2025-10-22 21:22:54 [INFO] ✅ Backend Running on 0.0.0.0:5000
2025-10-22 21:22:54 [INFO] 🌐 Access at: http://localhost:5000
2025-10-22 21:22:55 [INFO] ✅ MongoDB Connected Successfully (Local)
2025-10-22 21:22:55 [INFO] ✅ Database initialized
2025-10-22 21:41:39 [INFO] ✅ Backend Running on 0.0.0.0:5000
2025-10-22 21:41:39 [INFO] 🌐 Access at: http://localhost:5000
2025-10-22 21:41:39 [INFO] ✅ MongoDB Connected Successfully (Local)
2025-10-22 21:41:39 [INFO] ✅ Database initialized
2025-10-22 21:42:30 [INFO] ✅ Backend Running on 0.0.0.0:5000
2025-10-22 21:42:30 [INFO] 🌐 Access at: http://localhost:5000
2025-10-22 21:42:30 [INFO] ✅ MongoDB Connected Successfully (Local)
2025-10-22 21:42:30 [INFO] ✅ Database initialized
2025-10-22 22:28:39 [INFO] ✅ Backend Running on 0.0.0.0:5000
2025-10-22 22:28:39 [INFO] 🌐 Access at: http://localhost:5000
2025-10-22 22:28:39 [INFO] ✅ MongoDB Connected Successfully (Local)
2025-10-22 22:28:39 [INFO] ✅ Database initialized
2025-10-22 23:18:33 [INFO] ✅ Backend Running on 0.0.0.0:5000
2025-10-22 23:18:33 [INFO] 🌐 Access at: http://localhost:5000
2025-10-22 23:18:33 [INFO] ✅ MongoDB Connected Successfully (Local)
2025-10-22 23:18:33 [INFO] ✅ Database initialized
2025-10-22 23:19:04 [INFO] ✅ Backend Running on 0.0.0.0:5000
2025-10-22 23:19:04 [INFO] 🌐 Access at: http://localhost:5000
2025-10-22 23:19:04 [INFO] ✅ MongoDB Connected Successfully (Local)
2025-10-22 23:19:04 [INFO] ✅ Database initialized
2025-10-22 23:19:58 [INFO] ✅ Backend Running on 0.0.0.0:5000
2025-10-22 23:19:58 [INFO] 🌐 Access at: http://localhost:5000
2025-10-22 23:19:58 [INFO] ✅ MongoDB Connected Successfully (Local)
2025-10-22 23:19:58 [INFO] ✅ Database initialized
2025-10-22 23:26:47 [INFO] ✅ Backend Running on 0.0.0.0:5000
2025-10-22 23:26:47 [INFO] 🌐 Access at: http://localhost:5000
2025-10-22 23:26:47 [INFO] ✅ MongoDB Connected Successfully (Local)
2025-10-22 23:26:47 [INFO] ✅ Database initialized
2025-10-22 23:28:13 [INFO] ✅ Backend Running on 0.0.0.0:5000
2025-10-22 23:28:13 [INFO] 🌐 Access at: http://localhost:5000
2025-10-22 23:28:13 [INFO] ✅ MongoDB Connected Successfully (Local)
2025-10-22 23:28:13 [INFO] ✅ Database initialized
2025-10-22 23:36:32 [INFO] ✅ Backend Running on 0.0.0.0:5000
2025-10-22 23:36:32 [INFO] 🌐 Access at: http://localhost:5000
2025-10-22 23:36:32 [INFO] ✅ MongoDB Connected Successfully (Local)
2025-10-22 23:36:32 [INFO] ✅ Database initialized
2025-10-23 10:44:52 [INFO] ✅ Backend Running on 0.0.0.0:5000
2025-10-23 10:44:52 [INFO] 🌐 Access at: http://localhost:5000
2025-10-23 10:44:52 [INFO] ✅ MongoDB Connected Successfully (Local)
2025-10-23 10:44:52 [INFO] ✅ Database initialized
2025-10-23 11:07:43 [INFO] ✅ Backend Running on 0.0.0.0:5000
2025-10-23 11:07:43 [INFO] 🌐 Access at: http://localhost:5000
2025-10-23 11:07:43 [INFO] ✅ MongoDB Connected Successfully (Local)
2025-10-23 11:07:43 [INFO] ✅ Database initialized
2025-10-23 11:08:52 [INFO] ✅ Backend Running on 0.0.0.0:5000
2025-10-23 11:08:52 [INFO] 🌐 Access at: http://localhost:5000
2025-10-23 11:08:52 [INFO] ✅ MongoDB Connected Successfully (Local)
2025-10-23 11:08:52 [INFO] ✅ Database initialized
2025-10-23 11:22:17 [INFO] ✅ Backend Running on 0.0.0.0:5000
2025-10-23 11:22:17 [INFO] 🌐 Access at: http://localhost:5000
2025-10-23 11:22:17 [INFO] ✅ MongoDB Connected Successfully (Local)
2025-10-23 11:22:17 [INFO] ✅ Database initialized
2025-10-23 11:25:48 [INFO] ✅ Backend Running on 0.0.0.0:5000
2025-10-23 11:25:48 [INFO] 🌐 Access at: http://localhost:5000
2025-10-23 11:25:48 [INFO] ✅ MongoDB Connected Successfully (Local)
2025-10-23 11:25:48 [INFO] ✅ Database initialized
2025-10-23 11:40:38 [INFO] ✅ Backend Running on 0.0.0.0:5000
2025-10-23 11:40:38 [INFO] 🌐 Access at: http://localhost:5000
2025-10-23 11:40:38 [INFO] ✅ MongoDB Connected Successfully (Local)
2025-10-23 11:40:38 [INFO] ✅ Database initialized
2025-10-23 11:54:45 [INFO] ✅ Backend Running on 0.0.0.0:5000
2025-10-23 11:54:45 [INFO] 🌐 Access at: http://localhost:5000
2025-10-23 11:54:45 [INFO] ✅ MongoDB Connected Successfully (Local)
2025-10-23 11:54:45 [INFO] ✅ Database initialized
2025-10-23 11:57:22 [INFO] ✅ Backend Running on 0.0.0.0:5000
2025-10-23 11:57:22 [INFO] 🌐 Access at: http://localhost:5000
2025-10-23 11:57:22 [INFO] ✅ MongoDB Connected Successfully (Local)
2025-10-23 11:57:22 [INFO] ✅ Database initialized
2025-10-23 12:00:23 [INFO] ✅ Backend Running on 0.0.0.0:5000
2025-10-23 12:00:23 [INFO] 🌐 Access at: http://localhost:5000
2025-10-23 12:00:23 [INFO] ✅ MongoDB Connected Successfully (Local)
2025-10-23 12:00:23 [INFO] ✅ Database initialized
2025-10-23 12:11:01 [INFO] ✅ Backend Running on 0.0.0.0:5000
2025-10-23 12:11:01 [INFO] 🌐 Access at: http://localhost:5000
2025-10-23 12:11:01 [INFO] ✅ MongoDB Connected Successfully (Local)
2025-10-23 12:11:01 [INFO] ✅ Database initialized
2025-10-23 12:25:24 [INFO] ✅ Backend Running on 0.0.0.0:5000
2025-10-23 12:25:24 [INFO] 🌐 Access at: http://localhost:5000
2025-10-23 12:25:24 [INFO] ✅ MongoDB Connected Successfully (Local)
2025-10-23 12:25:24 [INFO] ✅ Database initialized
2025-10-23 12:35:18 [INFO] ✅ Backend Running on 0.0.0.0:5000
2025-10-23 12:35:18 [INFO] 🌐 Access at: http://localhost:5000
2025-10-23 12:35:18 [INFO] ✅ MongoDB Connected Successfully (Local)
2025-10-23 12:35:18 [INFO] ✅ Database initialized
2025-10-23 12:36:55 [INFO] ✅ Backend Running on 0.0.0.0:5000
2025-10-23 12:36:55 [INFO] 🌐 Access at: http://localhost:5000
2025-10-23 12:36:55 [INFO] ✅ MongoDB Connected Successfully (Local)
2025-10-23 12:36:55 [INFO] ✅ Database initialized
2025-10-23 12:38:19 [INFO] ✅ Backend Running on 0.0.0.0:5000
2025-10-23 12:38:19 [INFO] 🌐 Access at: http://localhost:5000
2025-10-23 12:38:19 [INFO] ✅ MongoDB Connected Successfully (Local)
2025-10-23 12:38:19 [INFO] ✅ Database initialized
2025-10-23 12:52:47 [INFO] ✅ Backend Running on 0.0.0.0:5000
2025-10-23 12:52:47 [INFO] 🌐 Access at: http://localhost:5000
2025-10-23 12:52:47 [INFO] ✅ MongoDB Connected Successfully (Local)
2025-10-23 12:52:47 [INFO] ✅ Database initialized
2025-10-23 13:07:20 [INFO] ✅ Backend Running on 0.0.0.0:5000
2025-10-23 13:07:20 [INFO] 🌐 Access at: http://localhost:5000
2025-10-23 13:07:20 [INFO] ✅ MongoDB Connected Successfully (Local)
2025-10-23 13:07:20 [INFO] ✅ Database initialized
2025-10-23 13:29:34 [INFO] ✅ Backend Running on 0.0.0.0:5000
2025-10-23 13:29:34 [INFO] 🌐 Access at: http://localhost:5000
2025-10-23 13:29:34 [INFO] ✅ MongoDB Connected Successfully (Local)
2025-10-23 13:29:34 [INFO] ✅ Database initialized
2025-10-23 13:30:09 [INFO] ✅ Backend Running on 0.0.0.0:5000
2025-10-23 13:30:09 [INFO] 🌐 Access at: http://localhost:5000
2025-10-23 13:30:09 [INFO] ✅ MongoDB Connected Successfully (Local)
2025-10-23 13:30:09 [INFO] ✅ Database initialized
2025-10-23 13:30:55 [INFO] ✅ Backend Running on 0.0.0.0:5000
2025-10-23 13:30:55 [INFO] 🌐 Access at: http://localhost:5000
2025-10-23 13:30:55 [INFO] ✅ MongoDB Connected Successfully (Local)
2025-10-23 13:30:55 [INFO] ✅ Database initialized
2025-10-23 13:33:44 [INFO] ✅ Backend Running on 0.0.0.0:5000
2025-10-23 13:33:44 [INFO] 🌐 Access at: http://localhost:5000
2025-10-23 13:33:44 [INFO] ✅ MongoDB Connected Successfully (Local)
2025-10-23 13:33:44 [INFO] ✅ Database initialized
2025-10-23 14:10:52 [INFO] ✅ Backend Running on 0.0.0.0:5000
2025-10-23 14:10:52 [INFO] 🌐 Access at: http://localhost:5000
2025-10-23 14:10:52 [INFO] ✅ MongoDB Connected Successfully (Local)
2025-10-23 14:10:52 [INFO] ✅ Database initialized
2025-10-23 14:12:37 [INFO] ✅ Backend Running on 0.0.0.0:5000
2025-10-23 14:12:37 [INFO] 🌐 Access at: http://localhost:5000
2025-10-23 14:12:37 [INFO] ✅ MongoDB Connected Successfully (Local)
2025-10-23 14:12:37 [INFO] ✅ Database initialized
2025-10-23 14:17:26 [INFO] ✅ Backend Running on 0.0.0.0:5000
2025-10-23 14:17:26 [INFO] 🌐 Access at: http://localhost:5000
2025-10-23 14:17:26 [INFO] ✅ MongoDB Connected Successfully (Local)
2025-10-23 14:17:26 [INFO] ✅ Database initialized
2025-10-23 14:22:23 [INFO] ✅ Backend Running on 0.0.0.0:5000
2025-10-23 14:22:23 [INFO] 🌐 Access at: http://localhost:5000
2025-10-23 14:22:23 [INFO] ✅ MongoDB Connected Successfully (Local)
2025-10-23 14:22:23 [INFO] ✅ Database initialized
2025-10-23 14:40:30 [INFO] ✅ Backend Running on 0.0.0.0:5000
2025-10-23 14:40:30 [INFO] 🌐 Access at: http://localhost:5000
2025-10-23 14:40:30 [INFO] ✅ MongoDB Connected Successfully (Local)
2025-10-23 14:40:30 [INFO] ✅ Database initialized
2025-10-23 14:40:47 [INFO] ✅ Backend Running on 0.0.0.0:5000
2025-10-23 14:40:47 [INFO] 🌐 Access at: http://localhost:5000
2025-10-23 14:40:47 [INFO] ✅ MongoDB Connected Successfully (Local)
2025-10-23 14:40:47 [INFO] ✅ Database initialized
2025-10-23 14:41:09 [INFO] ✅ Backend Running on 0.0.0.0:5000
2025-10-23 14:41:09 [INFO] 🌐 Access at: http://localhost:5000
2025-10-23 14:41:09 [INFO] ✅ MongoDB Connected Successfully (Local)
2025-10-23 14:41:09 [INFO] ✅ Database initialized
2025-10-23 14:41:22 [INFO] ✅ Backend Running on 0.0.0.0:5000
2025-10-23 14:41:22 [INFO] 🌐 Access at: http://localhost:5000
2025-10-23 14:41:22 [INFO] ✅ MongoDB Connected Successfully (Local)
2025-10-23 14:41:22 [INFO] ✅ Database initialized
2025-10-23 14:42:31 [INFO] ✅ Backend Running on 0.0.0.0:5000
2025-10-23 14:42:31 [INFO] 🌐 Access at: http://localhost:5000
2025-10-23 14:42:31 [INFO] ✅ MongoDB Connected Successfully (Local)
2025-10-23 14:42:31 [INFO] ✅ Database initialized
2025-10-23 14:45:11 [INFO] ✅ Backend Running on 0.0.0.0:5000
2025-10-23 14:45:11 [INFO] 🌐 Access at: http://localhost:5000
2025-10-23 14:45:11 [INFO] ✅ MongoDB Connected Successfully (Local)
2025-10-23 14:45:11 [INFO] ✅ Database initialized
2025-10-23 15:35:01 [INFO] ✅ Backend Running on 0.0.0.0:5000
2025-10-23 15:35:01 [INFO] 🌐 Access at: http://localhost:5000
2025-10-23 15:35:01 [INFO] ✅ MongoDB Connected Successfully (Local)
2025-10-23 15:35:01 [INFO] ✅ Database initialized
2025-10-23 15:38:40 [INFO] ✅ Backend Running on 0.0.0.0:5000
2025-10-23 15:38:40 [INFO] 🌐 Access at: http://localhost:5000
2025-10-23 15:38:40 [INFO] ✅ MongoDB Connected Successfully (Local)
2025-10-23 15:38:40 [INFO] ✅ Database initialized
2025-10-23 15:40:06 [INFO] ✅ Backend Running on 0.0.0.0:5000
2025-10-23 15:40:06 [INFO] 🌐 Access at: http://localhost:5000
2025-10-23 15:40:06 [INFO] ✅ MongoDB Connected Successfully (Local)
2025-10-23 15:40:06 [INFO] ✅ Database initialized
2025-10-23 15:43:47 [INFO] ✅ Backend Running on 0.0.0.0:5000
2025-10-23 15:43:47 [INFO] 🌐 Access at: http://localhost:5000
2025-10-23 15:43:47 [INFO] ✅ MongoDB Connected Successfully (Local)
2025-10-23 15:43:47 [INFO] ✅ Database initialized
2025-10-23 18:12:40 [INFO] ✅ Backend Running on 0.0.0.0:5000
2025-10-23 18:12:40 [INFO] 🌐 Access at: http://localhost:5000
2025-10-23 18:12:40 [INFO] ✅ MongoDB Connected Successfully (Local)
2025-10-23 18:12:40 [INFO] ✅ Database initialized
2025-10-23 19:15:39 [INFO] ✅ Backend Running on 0.0.0.0:5000
2025-10-23 19:15:39 [INFO] 🌐 Access at: http://localhost:5000
2025-10-23 19:15:39 [INFO] ✅ MongoDB Connected Successfully (Local)
2025-10-23 19:15:39 [INFO] ✅ Database initialized
2025-10-23 19:16:29 [INFO] ✅ Backend Running on 0.0.0.0:5000
2025-10-23 19:16:29 [INFO] 🌐 Access at: http://localhost:5000
2025-10-23 19:16:29 [INFO] ✅ MongoDB Connected Successfully (Local)
2025-10-23 19:16:29 [INFO] ✅ Database initialized
2025-10-23 19:32:25 [INFO] ✅ Backend Running on 0.0.0.0:5000
2025-10-23 19:32:25 [INFO] 🌐 Access at: http://localhost:5000
2025-10-23 19:32:25 [INFO] ✅ MongoDB Connected Successfully (Local)
2025-10-23 19:32:25 [INFO] ✅ Database initialized
2025-10-23 19:43:10 [INFO] ✅ Backend Running on 0.0.0.0:5000
2025-10-23 19:43:10 [INFO] 🌐 Access at: http://localhost:5000
2025-10-23 19:43:10 [INFO] ✅ MongoDB Connected Successfully (Local)
2025-10-23 19:43:10 [INFO] ✅ Database initialized
2025-10-23 19:51:55 [INFO] ✅ Backend Running on 0.0.0.0:5000
2025-10-23 19:51:55 [INFO] 🌐 Access at: http://localhost:5000
2025-10-23 19:51:55 [INFO] ✅ MongoDB Connected Successfully (Local)
2025-10-23 19:51:55 [INFO] ✅ Database initialized
2025-10-23 19:53:22 [INFO] ✅ Backend Running on 0.0.0.0:5000
2025-10-23 19:53:22 [INFO] 🌐 Access at: http://localhost:5000
2025-10-23 19:53:22 [INFO] ✅ MongoDB Connected Successfully (Local)
2025-10-23 19:53:22 [INFO] ✅ Database initialized
2025-10-23 19:56:36 [INFO] ✅ Backend Running on 0.0.0.0:5000
2025-10-23 19:56:36 [INFO] 🌐 Access at: http://localhost:5000
2025-10-23 19:56:36 [INFO] ✅ MongoDB Connected Successfully (Local)
2025-10-23 19:56:36 [INFO] ✅ Database initialized
2025-10-24 06:33:19 [INFO] ✅ Backend Running on 0.0.0.0:5000
2025-10-24 06:33:19 [INFO] 🌐 Access at: http://localhost:5000
2025-10-24 06:33:19 [INFO] ✅ MongoDB Connected Successfully (Local)
2025-10-24 06:33:19 [INFO] ✅ Database initialized
2025-10-24 06:46:10 [INFO] ✅ Backend Running on 0.0.0.0:5000
2025-10-24 06:46:10 [INFO] 🌐 Access at: http://localhost:5000
2025-10-24 06:46:10 [INFO] ✅ MongoDB Connected Successfully (Local)
2025-10-24 06:46:10 [INFO] ✅ Database initialized
2025-10-24 07:14:56 [INFO] ✅ Backend Running on 0.0.0.0:5000
2025-10-24 07:14:56 [INFO] 🌐 Access at: http://localhost:5000
2025-10-24 07:14:56 [INFO] ✅ MongoDB Connected Successfully (Local)
2025-10-24 07:14:56 [INFO] ✅ Database initialized
2025-10-24 07:32:51 [INFO] ✅ Backend Running on 0.0.0.0:5000
2025-10-24 07:32:51 [INFO] 🌐 Access at: http://localhost:5000
2025-10-24 07:32:51 [INFO] ✅ MongoDB Connected Successfully (Local)
2025-10-24 07:32:51 [INFO] ✅ Database initialized
2025-10-24 07:41:24 [INFO] ✅ Backend Running on 0.0.0.0:5000
2025-10-24 07:41:24 [INFO] 🌐 Access at: http://localhost:5000
2025-10-24 07:41:24 [INFO] ✅ MongoDB Connected Successfully (Local)
2025-10-24 07:41:24 [INFO] ✅ Database initialized
2025-10-24 07:42:14 [INFO] ✅ Backend Running on 0.0.0.0:5000
2025-10-24 07:42:14 [INFO] 🌐 Access at: http://localhost:5000
2025-10-24 07:42:14 [INFO] ✅ MongoDB Connected Successfully (Local)
2025-10-24 07:42:14 [INFO] ✅ Database initialized
2025-10-24 07:43:07 [INFO] ✅ Backend Running on 0.0.0.0:5000
2025-10-24 07:43:07 [INFO] 🌐 Access at: http://localhost:5000
2025-10-24 07:43:07 [INFO] ✅ MongoDB Connected Successfully (Local)
2025-10-24 07:43:07 [INFO] ✅ Database initialized
2025-10-24 07:43:26 [INFO] ✅ Backend Running on 0.0.0.0:5000
2025-10-24 07:43:26 [INFO] 🌐 Access at: http://localhost:5000
2025-10-24 07:43:26 [INFO] ✅ MongoDB Connected Successfully (Local)
2025-10-24 07:43:26 [INFO] ✅ Database initialized
2025-10-24 07:44:46 [INFO] ✅ Backend Running on 0.0.0.0:5000
2025-10-24 07:44:46 [INFO] 🌐 Access at: http://localhost:5000
2025-10-24 07:44:46 [INFO] ✅ MongoDB Connected Successfully (Local)
2025-10-24 07:44:46 [INFO] ✅ Database initialized
2025-10-24 08:15:18 [INFO] ✅ Backend Running on 0.0.0.0:5000
2025-10-24 08:15:18 [INFO] 🌐 Access at: http://localhost:5000
2025-10-24 08:15:18 [INFO] ✅ MongoDB Connected Successfully (Local)
2025-10-24 08:15:18 [INFO] ✅ Database initialized
2025-10-24 08:18:43 [INFO] ✅ Backend Running on 0.0.0.0:5000
2025-10-24 08:18:43 [INFO] 🌐 Access at: http://localhost:5000
2025-10-24 08:18:43 [INFO] ✅ MongoDB Connected Successfully (Local)
2025-10-24 08:18:43 [INFO] ✅ Database initialized
2025-10-24 08:21:21 [INFO] ✅ Backend Running on 0.0.0.0:5000
2025-10-24 08:21:21 [INFO] 🌐 Access at: http://localhost:5000
2025-10-24 08:21:21 [INFO] ✅ MongoDB Connected Successfully (Local)
2025-10-24 08:21:21 [INFO] ✅ Database initialized
2025-10-24 08:22:28 [INFO] ✅ Backend Running on 0.0.0.0:5000
2025-10-24 08:22:28 [INFO] 🌐 Access at: http://localhost:5000
2025-10-24 08:22:28 [INFO] ✅ MongoDB Connected Successfully (Local)
2025-10-24 08:22:28 [INFO] ✅ Database initialized
2025-10-24 09:53:02 [INFO] ✅ Backend Running on 0.0.0.0:5000
2025-10-24 09:53:02 [INFO] 🌐 Access at: http://localhost:5000
2025-10-24 09:53:02 [INFO] ✅ MongoDB Connected Successfully (Local)
2025-10-24 09:53:02 [INFO] ✅ Database initialized
2025-10-24 09:53:13 [INFO] ✅ Backend Running on 0.0.0.0:5000
2025-10-24 09:53:13 [INFO] 🌐 Access at: http://localhost:5000
2025-10-24 09:53:13 [INFO] ✅ MongoDB Connected Successfully (Local)
2025-10-24 09:53:13 [INFO] ✅ Database initialized
2025-10-24 09:53:38 [INFO] ✅ Backend Running on 0.0.0.0:5000
2025-10-24 09:53:38 [INFO] 🌐 Access at: http://localhost:5000
2025-10-24 09:53:38 [INFO] ✅ MongoDB Connected Successfully (Local)
2025-10-24 09:53:38 [INFO] ✅ Database initialized
2025-10-24 10:06:38 [INFO] ✅ Backend Running on 0.0.0.0:5000
2025-10-24 10:06:38 [INFO] 🌐 Access at: http://localhost:5000
2025-10-24 10:06:38 [INFO] ✅ MongoDB Connected Successfully (Local)
2025-10-24 10:06:38 [INFO] ✅ Database initialized
2025-10-24 10:49:51 [INFO] ✅ Backend Running on 0.0.0.0:5000
2025-10-24 10:49:51 [INFO] 🌐 Access at: http://localhost:5000
2025-10-24 10:49:51 [INFO] ✅ MongoDB Connected Successfully (Local)
2025-10-24 10:49:51 [INFO] ✅ Database initialized
2025-10-24 11:03:11 [INFO] ✅ Backend Running on 0.0.0.0:5000
2025-10-24 11:03:11 [INFO] 🌐 Access at: http://localhost:5000
2025-10-24 11:03:11 [INFO] ✅ MongoDB Connected Successfully (Local)
2025-10-24 11:03:11 [INFO] ✅ Database initialized
2025-10-24 11:17:53 [INFO] ✅ Backend Running on 0.0.0.0:5000
2025-10-24 11:17:53 [INFO] 🌐 Access at: http://localhost:5000
2025-10-24 11:17:53 [INFO] ✅ MongoDB Connected Successfully (Local)
2025-10-24 11:17:53 [INFO] ✅ Database initialized
2025-10-24 11:24:01 [INFO] ✅ Backend Running on 0.0.0.0:5000
2025-10-24 11:24:01 [INFO] 🌐 Access at: http://localhost:5000
2025-10-24 11:24:01 [INFO] ✅ MongoDB Connected Successfully (Local)
2025-10-24 11:24:01 [INFO] ✅ Database initialized
2025-10-24 12:03:18 [INFO] ✅ Backend Running on 0.0.0.0:5000
2025-10-24 12:03:18 [INFO] 🌐 Access at: http://localhost:5000
2025-10-24 12:03:18 [INFO] ✅ MongoDB Connected Successfully (Local)
2025-10-24 12:03:18 [INFO] ✅ Database initialized
2025-10-24 12:15:20 [INFO] ✅ Backend Running on 0.0.0.0:5000
2025-10-24 12:15:20 [INFO] 🌐 Access at: http://localhost:5000
2025-10-24 12:15:20 [INFO] ✅ MongoDB Connected Successfully (Local)
2025-10-24 12:15:20 [INFO] ✅ Database initialized
2025-10-24 12:25:21 [INFO] ✅ Backend Running on 0.0.0.0:5000
2025-10-24 12:25:21 [INFO] 🌐 Access at: http://localhost:5000
2025-10-24 12:25:21 [INFO] ✅ MongoDB Connected Successfully (Local)
2025-10-24 12:25:21 [INFO] ✅ Database initialized
2025-10-24 12:33:35 [INFO] ✅ Backend Running on 0.0.0.0:5000
2025-10-24 12:33:35 [INFO] 🌐 Access at: http://localhost:5000
2025-10-24 12:33:35 [INFO] ✅ MongoDB Connected Successfully (Local)
2025-10-24 12:33:35 [INFO] ✅ Database initialized
2025-10-24 12:40:57 [INFO] ✅ Backend Running on 0.0.0.0:5000
2025-10-24 12:40:57 [INFO] 🌐 Access at: http://localhost:5000
2025-10-24 12:40:57 [INFO] ✅ MongoDB Connected Successfully (Local)
2025-10-24 12:40:57 [INFO] ✅ Database initialized
2025-10-24 12:44:30 [INFO] ✅ Backend Running on 0.0.0.0:5000
2025-10-24 12:44:30 [INFO] 🌐 Access at: http://localhost:5000
2025-10-24 12:44:30 [INFO] ✅ MongoDB Connected Successfully (Local)
2025-10-24 12:44:30 [INFO] ✅ Database initialized
2025-10-24 12:49:43 [INFO] ✅ Backend Running on 0.0.0.0:5000
2025-10-24 12:49:43 [INFO] 🌐 Access at: http://localhost:5000
2025-10-24 12:49:43 [INFO] ✅ MongoDB Connected Successfully (Local)
2025-10-24 12:49:43 [INFO] ✅ Database initialized
2025-10-24 12:56:33 [INFO] ✅ Backend Running on 0.0.0.0:5000
2025-10-24 12:56:33 [INFO] 🌐 Access at: http://localhost:5000
2025-10-24 12:56:33 [INFO] ✅ MongoDB Connected Successfully (Local)
2025-10-24 12:56:33 [INFO] ✅ Database initialized
2025-10-24 14:54:54 [INFO] ✅ Backend Running on 0.0.0.0:5000
2025-10-24 14:54:54 [INFO] 🌐 Access at: http://localhost:5000
2025-10-24 14:54:54 [INFO] ✅ MongoDB Connected Successfully (Local)
2025-10-24 14:54:54 [INFO] ✅ Database initialized
2025-10-24 14:55:45 [INFO] ✅ Backend Running on 0.0.0.0:5000
2025-10-24 14:55:45 [INFO] 🌐 Access at: http://localhost:5000
2025-10-24 14:55:45 [INFO] ✅ MongoDB Connected Successfully (Local)
2025-10-24 14:55:45 [INFO] ✅ Database initialized
2025-10-24 14:57:37 [INFO] ✅ Backend Running on 0.0.0.0:5000
2025-10-24 14:57:37 [INFO] 🌐 Access at: http://localhost:5000
2025-10-24 14:57:37 [INFO] ✅ MongoDB Connected Successfully (Local)
2025-10-24 14:57:37 [INFO] ✅ Database initialized
2025-10-24 15:11:48 [INFO] ✅ Backend Running on 0.0.0.0:5000
2025-10-24 15:11:48 [INFO] 🌐 Access at: http://localhost:5000
2025-10-24 15:11:48 [INFO] ✅ MongoDB Connected Successfully (Local)
2025-10-24 15:11:48 [INFO] ✅ Database initialized
2025-10-24 15:12:09 [INFO] ✅ Backend Running on 0.0.0.0:5000
2025-10-24 15:12:09 [INFO] 🌐 Access at: http://localhost:5000
2025-10-24 15:12:09 [INFO] ✅ MongoDB Connected Successfully (Local)
2025-10-24 15:12:09 [INFO] ✅ Database initialized
2025-10-24 15:34:49 [INFO] ✅ Backend Running on 0.0.0.0:5000
2025-10-24 15:34:49 [INFO] 🌐 Access at: http://localhost:5000
2025-10-24 15:34:49 [INFO] ✅ MongoDB Connected Successfully (Local)
2025-10-24 15:34:49 [INFO] ✅ Database initialized
2025-10-24 15:48:53 [INFO] ✅ Backend Running on 0.0.0.0:5000
2025-10-24 15:48:53 [INFO] 🌐 Access at: http://localhost:5000
2025-10-24 15:48:53 [INFO] ✅ MongoDB Connected Successfully (Local)
2025-10-24 15:48:53 [INFO] ✅ Database initialized
2025-10-24 15:49:08 [INFO] ✅ Backend Running on 0.0.0.0:5000
2025-10-24 15:49:08 [INFO] 🌐 Access at: http://localhost:5000
2025-10-24 15:49:08 [INFO] ✅ MongoDB Connected Successfully (Local)
2025-10-24 15:49:08 [INFO] ✅ Database initialized
2025-10-24 15:50:03 [INFO] ✅ Backend Running on 0.0.0.0:5000
2025-10-24 15:50:03 [INFO] 🌐 Access at: http://localhost:5000
2025-10-24 15:50:03 [INFO] ✅ MongoDB Connected Successfully (Local)
2025-10-24 15:50:03 [INFO] ✅ Database initialized
2025-10-24 16:01:36 [INFO] ✅ Backend Running on 0.0.0.0:5000
2025-10-24 16:01:36 [INFO] 🌐 Access at: http://localhost:5000
2025-10-24 16:01:36 [INFO] ✅ MongoDB Connected Successfully (Local)
2025-10-24 16:01:36 [INFO] ✅ Database initialized
2025-10-24 16:02:42 [INFO] ✅ Backend Running on 0.0.0.0:5000
2025-10-24 16:02:42 [INFO] 🌐 Access at: http://localhost:5000
2025-10-24 16:02:42 [INFO] ✅ MongoDB Connected Successfully (Local)
2025-10-24 16:02:42 [INFO] ✅ Database initialized
2025-10-24 16:12:12 [INFO] ✅ Backend Running on 0.0.0.0:5000
2025-10-24 16:12:12 [INFO] 🌐 Access at: http://localhost:5000
2025-10-24 16:12:12 [INFO] ✅ MongoDB Connected Successfully (Local)
2025-10-24 16:12:12 [INFO] ✅ Database initialized
2025-10-24 16:26:05 [INFO] ✅ Backend Running on 0.0.0.0:5000
2025-10-24 16:26:05 [INFO] 🌐 Access at: http://localhost:5000
2025-10-24 16:26:05 [INFO] ✅ MongoDB Connected Successfully (Local)
2025-10-24 16:26:05 [INFO] ✅ Database initialized
2025-10-24 16:38:05 [INFO] ✅ Backend Running on 0.0.0.0:5000
2025-10-24 16:38:05 [INFO] 🌐 Access at: http://localhost:5000
2025-10-24 16:38:05 [INFO] ✅ MongoDB Connected Successfully (Local)
2025-10-24 16:38:05 [INFO] ✅ Database initialized
2025-10-24 16:41:47 [INFO] ✅ Backend Running on 0.0.0.0:5000
2025-10-24 16:41:47 [INFO] 🌐 Access at: http://localhost:5000
2025-10-24 16:41:47 [INFO] ✅ MongoDB Connected Successfully (Local)
2025-10-24 16:41:47 [INFO] ✅ Database initialized
2025-10-24 16:48:43 [INFO] ✅ Backend Running on 0.0.0.0:5000
2025-10-24 16:48:43 [INFO] 🌐 Access at: http://localhost:5000
2025-10-24 16:48:43 [INFO] ✅ MongoDB Connected Successfully (Local)
2025-10-24 16:48:43 [INFO] ✅ Database initialized
2025-10-24 16:54:52 [INFO] ✅ Backend Running on 0.0.0.0:5000
2025-10-24 16:54:52 [INFO] 🌐 Access at: http://localhost:5000
2025-10-24 16:54:52 [INFO] ✅ MongoDB Connected Successfully (Local)
2025-10-24 16:54:52 [INFO] ✅ Database initialized
2025-10-24 17:03:10 [INFO] ✅ Backend Running on 0.0.0.0:5000
2025-10-24 17:03:10 [INFO] 🌐 Access at: http://localhost:5000
2025-10-24 17:03:10 [INFO] ✅ MongoDB Connected Successfully (Local)
2025-10-24 17:03:10 [INFO] ✅ Database initialized
2025-10-27 18:55:48 [INFO] ✅ Backend Running on 0.0.0.0:5000
2025-10-27 18:55:48 [INFO] 🌐 Access at: http://localhost:5000
2025-10-27 18:55:48 [INFO] ✅ MongoDB Connected Successfully (Local)
2025-10-27 18:55:48 [INFO] ✅ Database initialized
2025-10-27 18:58:00 [INFO] ✅ Backend Running on 0.0.0.0:5000
2025-10-27 18:58:00 [INFO] 🌐 Access at: http://localhost:5000
2025-10-27 18:58:00 [INFO] ✅ MongoDB Connected Successfully (Local)
2025-10-27 18:58:00 [INFO] ✅ Database initialized
2025-10-31 06:56:29 [INFO] ✅ Backend Running on 0.0.0.0:5000
2025-10-31 06:56:29 [INFO] 🌐 Access at: http://localhost:5000
2025-10-31 06:56:29 [INFO] ✅ MongoDB Connected Successfully (Local)
2025-10-31 06:56:29 [INFO] ✅ Database initialized
2025-10-31 07:03:58 [INFO] ✅ Backend Running on 0.0.0.0:5000
2025-10-31 07:03:58 [INFO] 🌐 Access at: http://localhost:5000
2025-10-31 07:03:58 [INFO] ✅ MongoDB Connected Successfully (Local)
2025-10-31 07:03:58 [INFO] ✅ Database initialized
2025-10-31 07:17:42 [INFO] ✅ Backend Running on 0.0.0.0:5000
2025-10-31 07:17:42 [INFO] 🌐 Access at: http://localhost:5000
2025-10-31 07:17:42 [INFO] ✅ MongoDB Connected Successfully (Local)
2025-10-31 07:17:42 [INFO] ✅ Database initialized
2025-10-31 07:22:29 [INFO] ✅ Backend Running on 0.0.0.0:5000
2025-10-31 07:22:29 [INFO] 🌐 Access at: http://localhost:5000
2025-10-31 07:22:29 [INFO] ✅ MongoDB Connected Successfully (Local)
2025-10-31 07:22:29 [INFO] ✅ Database initialized
2025-10-31 07:22:34 [INFO] ✅ Backend Running on 0.0.0.0:5000
2025-10-31 07:22:34 [INFO] 🌐 Access at: http://localhost:5000
2025-10-31 07:22:34 [INFO] ✅ MongoDB Connected Successfully (Local)
2025-10-31 07:22:34 [INFO] ✅ Database initialized
2025-10-31 07:23:29 [INFO] ✅ Backend Running on 0.0.0.0:5000
2025-10-31 07:23:29 [INFO] 🌐 Access at: http://localhost:5000
2025-10-31 07:23:29 [INFO] ✅ MongoDB Connected Successfully (Local)
2025-10-31 07:23:29 [INFO] ✅ Database initialized
2025-10-31 07:23:43 [INFO] ✅ Backend Running on 0.0.0.0:5000
2025-10-31 07:23:43 [INFO] 🌐 Access at: http://localhost:5000
2025-10-31 07:23:43 [INFO] ✅ MongoDB Connected Successfully (Local)
2025-10-31 07:23:43 [INFO] ✅ Database initialized
2025-10-31 07:23:52 [INFO] ✅ Backend Running on 0.0.0.0:5000
2025-10-31 07:23:52 [INFO] 🌐 Access at: http://localhost:5000
2025-10-31 07:23:52 [INFO] ✅ MongoDB Connected Successfully (Local)
2025-10-31 07:23:52 [INFO] ✅ Database initialized
2025-10-31 07:24:01 [INFO] ✅ Backend Running on 0.0.0.0:5000
2025-10-31 07:24:01 [INFO] 🌐 Access at: http://localhost:5000
2025-10-31 07:24:01 [INFO] ✅ MongoDB Connected Successfully (Local)
2025-10-31 07:24:01 [INFO] ✅ Database initialized
2025-10-31 07:25:15 [INFO] ✅ Backend Running on 0.0.0.0:5000
2025-10-31 07:25:15 [INFO] 🌐 Access at: http://localhost:5000
2025-10-31 07:25:15 [INFO] ✅ MongoDB Connected Successfully (Local)
2025-10-31 07:25:15 [INFO] ✅ Database initialized
2025-10-31 07:36:26 [INFO] ✅ Backend Running on 0.0.0.0:5000
2025-10-31 07:36:26 [INFO] 🌐 Access at: http://localhost:5000
2025-10-31 07:36:26 [INFO] ✅ MongoDB Connected Successfully (Local)
2025-10-31 07:36:26 [INFO] ✅ Database initialized
2025-10-31 07:36:55 [INFO] ✅ Backend Running on 0.0.0.0:5000
2025-10-31 07:36:55 [INFO] 🌐 Access at: http://localhost:5000
2025-10-31 07:36:55 [INFO] ✅ MongoDB Connected Successfully (Local)
2025-10-31 07:36:55 [INFO] ✅ Database initialized
2025-10-31 07:37:28 [INFO] ✅ Backend Running on 0.0.0.0:5000
2025-10-31 07:37:28 [INFO] 🌐 Access at: http://localhost:5000
2025-10-31 07:37:28 [INFO] ✅ MongoDB Connected Successfully (Local)
2025-10-31 07:37:28 [INFO] ✅ Database initialized
2025-10-31 07:47:28 [INFO] ✅ Backend Running on 0.0.0.0:5000
2025-10-31 07:47:28 [INFO] 🌐 Access at: http://localhost:5000
2025-10-31 07:47:28 [INFO] ✅ MongoDB Connected Successfully (Local)
2025-10-31 07:47:28 [INFO] ✅ Database initialized
2025-10-31 07:49:06 [INFO] ✅ Backend Running on 0.0.0.0:5000
2025-10-31 07:49:06 [INFO] 🌐 Access at: http://localhost:5000
2025-10-31 07:49:06 [INFO] ✅ MongoDB Connected Successfully (Local)
2025-10-31 07:49:06 [INFO] ✅ Database initialized
2025-10-31 07:56:46 [INFO] ✅ Backend Running on 0.0.0.0:5000
2025-10-31 07:56:46 [INFO] 🌐 Access at: http://localhost:5000
2025-10-31 07:56:46 [INFO] ✅ MongoDB Connected Successfully (Local)
2025-10-31 07:56:46 [INFO] ✅ Database initialized
2025-10-31 07:59:55 [INFO] ✅ Backend Running on 0.0.0.0:5000
2025-10-31 07:59:55 [INFO] 🌐 Access at: http://localhost:5000
2025-10-31 07:59:55 [INFO] ✅ MongoDB Connected Successfully (Local)
2025-10-31 07:59:55 [INFO] ✅ Database initialized
2025-10-31 08:01:48 [INFO] ✅ Backend Running on 0.0.0.0:5000
2025-10-31 08:01:48 [INFO] 🌐 Access at: http://localhost:5000
2025-10-31 08:01:48 [INFO] ✅ MongoDB Connected Successfully (Local)
2025-10-31 08:01:48 [INFO] ✅ Database initialized
2025-10-31 08:09:30 [INFO] ✅ Backend Running on 0.0.0.0:5000
2025-10-31 08:09:30 [INFO] 🌐 Access at: http://localhost:5000
2025-10-31 08:09:30 [INFO] ✅ MongoDB Connected Successfully (Local)
2025-10-31 08:09:30 [INFO] ✅ Database initialized
2025-10-31 08:12:14 [INFO] ✅ Backend Running on 0.0.0.0:5000
2025-10-31 08:12:14 [INFO] 🌐 Access at: http://localhost:5000
2025-10-31 08:12:14 [INFO] ✅ MongoDB Connected Successfully (Local)
2025-10-31 08:12:14 [INFO] ✅ Database initialized
2025-10-31 08:13:36 [INFO] ✅ Backend Running on 0.0.0.0:5000
2025-10-31 08:13:36 [INFO] 🌐 Access at: http://localhost:5000
2025-10-31 08:13:36 [INFO] ✅ MongoDB Connected Successfully (Local)
2025-10-31 08:13:36 [INFO] ✅ Database initialized
2025-10-31 08:15:34 [INFO] ✅ Backend Running on 0.0.0.0:5000
2025-10-31 08:15:34 [INFO] 🌐 Access at: http://localhost:5000
2025-10-31 08:15:34 [INFO] ✅ MongoDB Connected Successfully (Local)
2025-10-31 08:15:34 [INFO] ✅ Database initialized
2025-10-31 09:37:54 [INFO] ✅ Backend Running on 0.0.0.0:5000
2025-10-31 09:37:54 [INFO] 🌐 Access at: http://localhost:5000
2025-10-31 09:37:54 [INFO] ✅ MongoDB Connected Successfully (Local)
2025-10-31 09:37:54 [INFO] ✅ Database initialized
2025-10-31 09:48:00 [INFO] ✅ Backend Running on 0.0.0.0:5000
2025-10-31 09:48:00 [INFO] 🌐 Access at: http://localhost:5000
2025-10-31 09:48:00 [INFO] ✅ MongoDB Connected Successfully (Local)
2025-10-31 09:48:00 [INFO] ✅ Database initialized
2025-10-31 09:50:23 [INFO] ✅ Backend Running on 0.0.0.0:5000
2025-10-31 09:50:23 [INFO] 🌐 Access at: http://localhost:5000
2025-10-31 09:50:23 [INFO] ✅ MongoDB Connected Successfully (Local)
2025-10-31 09:50:23 [INFO] ✅ Database initialized
2025-10-31 09:50:36 [INFO] ✅ Backend Running on 0.0.0.0:5000
2025-10-31 09:50:36 [INFO] 🌐 Access at: http://localhost:5000
2025-10-31 09:50:36 [INFO] ✅ MongoDB Connected Successfully (Local)
2025-10-31 09:50:36 [INFO] ✅ Database initialized
2025-10-31 09:50:51 [INFO] ✅ Backend Running on 0.0.0.0:5000
2025-10-31 09:50:51 [INFO] 🌐 Access at: http://localhost:5000
2025-10-31 09:50:51 [INFO] ✅ MongoDB Connected Successfully (Local)
2025-10-31 09:50:51 [INFO] ✅ Database initialized
2025-10-31 09:50:56 [INFO] ✅ Backend Running on 0.0.0.0:5000
2025-10-31 09:50:56 [INFO] 🌐 Access at: http://localhost:5000
2025-10-31 09:50:56 [INFO] ✅ MongoDB Connected Successfully (Local)
2025-10-31 09:50:56 [INFO] ✅ Database initialized
2025-10-31 09:52:05 [INFO] ✅ Backend Running on 0.0.0.0:5000
2025-10-31 09:52:05 [INFO] 🌐 Access at: http://localhost:5000
2025-10-31 09:52:05 [INFO] ✅ MongoDB Connected Successfully (Local)
2025-10-31 09:52:05 [INFO] ✅ Database initialized
2025-10-31 09:53:16 [INFO] ✅ Backend Running on 0.0.0.0:5000
2025-10-31 09:53:16 [INFO] 🌐 Access at: http://localhost:5000
2025-10-31 09:53:16 [INFO] ✅ MongoDB Connected Successfully (Local)
2025-10-31 09:53:16 [INFO] ✅ Database initialized
2025-10-31 09:54:04 [INFO] ✅ Backend Running on 0.0.0.0:5000
2025-10-31 09:54:04 [INFO] 🌐 Access at: http://localhost:5000
2025-10-31 09:54:04 [INFO] ✅ MongoDB Connected Successfully (Local)
2025-10-31 09:54:04 [INFO] ✅ Database initialized
2025-10-31 10:21:46 [INFO] ✅ Backend Running on 0.0.0.0:5000
2025-10-31 10:21:46 [INFO] 🌐 Access at: http://localhost:5000
2025-10-31 10:21:46 [INFO] ✅ MongoDB Connected Successfully (Local)
2025-10-31 10:21:46 [INFO] ✅ Database initialized
2025-10-31 10:22:10 [INFO] ✅ Backend Running on 0.0.0.0:5000
2025-10-31 10:22:10 [INFO] 🌐 Access at: http://localhost:5000
2025-10-31 10:22:10 [INFO] ✅ MongoDB Connected Successfully (Local)
2025-10-31 10:22:10 [INFO] ✅ Database initialized
2025-10-31 10:22:31 [INFO] ✅ Backend Running on 0.0.0.0:5000
2025-10-31 10:22:31 [INFO] 🌐 Access at: http://localhost:5000
2025-10-31 10:22:31 [INFO] ✅ MongoDB Connected Successfully (Local)
2025-10-31 10:22:31 [INFO] ✅ Database initialized
2025-10-31 10:23:15 [INFO] ✅ Backend Running on 0.0.0.0:5000
2025-10-31 10:23:15 [INFO] 🌐 Access at: http://localhost:5000
2025-10-31 10:23:15 [INFO] ✅ MongoDB Connected Successfully (Local)
2025-10-31 10:23:15 [INFO] ✅ Database initialized
2025-10-31 10:24:12 [INFO] ✅ Backend Running on 0.0.0.0:5000
2025-10-31 10:24:12 [INFO] 🌐 Access at: http://localhost:5000
2025-10-31 10:24:12 [INFO] ✅ MongoDB Connected Successfully (Local)
2025-10-31 10:24:12 [INFO] ✅ Database initialized
2025-10-31 10:27:22 [INFO] ✅ Backend Running on 0.0.0.0:5000
2025-10-31 10:27:22 [INFO] 🌐 Access at: http://localhost:5000
2025-10-31 10:27:22 [INFO] ✅ MongoDB Connected Successfully (Local)
2025-10-31 10:27:22 [INFO] ✅ Database initialized
2025-10-31 10:27:31 [INFO] ✅ Backend Running on 0.0.0.0:5000
2025-10-31 10:27:31 [INFO] 🌐 Access at: http://localhost:5000
2025-10-31 10:27:31 [INFO] ✅ MongoDB Connected Successfully (Local)
2025-10-31 10:27:31 [INFO] ✅ Database initialized
2025-10-31 10:27:46 [INFO] ✅ Backend Running on 0.0.0.0:5000
2025-10-31 10:27:46 [INFO] 🌐 Access at: http://localhost:5000
2025-10-31 10:27:46 [INFO] ✅ MongoDB Connected Successfully (Local)
2025-10-31 10:27:46 [INFO] ✅ Database initialized
2025-10-31 10:28:45 [INFO] ✅ Backend Running on 0.0.0.0:5000
2025-10-31 10:28:45 [INFO] 🌐 Access at: http://localhost:5000
2025-10-31 10:28:45 [INFO] ✅ MongoDB Connected Successfully (Local)
2025-10-31 10:28:45 [INFO] ✅ Database initialized
2025-10-31 10:33:56 [INFO] ✅ Backend Running on 0.0.0.0:5000
2025-10-31 10:33:56 [INFO] 🌐 Access at: http://localhost:5000
2025-10-31 10:33:56 [INFO] ✅ MongoDB Connected Successfully (Local)
2025-10-31 10:33:56 [INFO] ✅ Database initialized
2025-10-31 10:34:08 [INFO] ✅ Backend Running on 0.0.0.0:5000
2025-10-31 10:34:08 [INFO] 🌐 Access at: http://localhost:5000
2025-10-31 10:34:08 [INFO] ✅ MongoDB Connected Successfully (Local)
2025-10-31 10:34:08 [INFO] ✅ Database initialized
2025-10-31 10:34:19 [INFO] ✅ Backend Running on 0.0.0.0:5000
2025-10-31 10:34:19 [INFO] 🌐 Access at: http://localhost:5000
2025-10-31 10:34:19 [INFO] ✅ MongoDB Connected Successfully (Local)
2025-10-31 10:34:19 [INFO] ✅ Database initialized
2025-10-31 10:34:53 [INFO] ✅ Backend Running on 0.0.0.0:5000
2025-10-31 10:34:53 [INFO] 🌐 Access at: http://localhost:5000
2025-10-31 10:34:53 [INFO] ✅ MongoDB Connected Successfully (Local)
2025-10-31 10:34:53 [INFO] ✅ Database initialized
2025-10-31 10:35:15 [INFO] ✅ Backend Running on 0.0.0.0:5000
2025-10-31 10:35:15 [INFO] 🌐 Access at: http://localhost:5000
2025-10-31 10:35:15 [INFO] ✅ MongoDB Connected Successfully (Local)
2025-10-31 10:35:15 [INFO] ✅ Database initialized
2025-10-31 10:41:43 [INFO] ✅ Backend Running on 0.0.0.0:5000
2025-10-31 10:41:43 [INFO] 🌐 Access at: http://localhost:5000
2025-10-31 10:41:43 [INFO] ✅ MongoDB Connected Successfully (Local)
2025-10-31 10:41:43 [INFO] ✅ Database initialized
2025-10-31 10:44:28 [INFO] ✅ Backend Running on 0.0.0.0:5000
2025-10-31 10:44:28 [INFO] 🌐 Access at: http://localhost:5000
2025-10-31 10:44:28 [INFO] ✅ MongoDB Connected Successfully (Local)
2025-10-31 10:44:28 [INFO] ✅ Database initialized
2025-10-31 10:49:01 [INFO] ✅ Backend Running on 0.0.0.0:5000
2025-10-31 10:49:01 [INFO] 🌐 Access at: http://localhost:5000
2025-10-31 10:49:01 [INFO] ✅ MongoDB Connected Successfully (Local)
2025-10-31 10:49:01 [INFO] ✅ Database initialized
2025-10-31 10:50:15 [INFO] ✅ Backend Running on 0.0.0.0:5000
2025-10-31 10:50:15 [INFO] 🌐 Access at: http://localhost:5000
2025-10-31 10:50:15 [INFO] ✅ MongoDB Connected Successfully (Local)
2025-10-31 10:50:15 [INFO] ✅ Database initialized
2025-10-31 18:16:35 [INFO] ✅ Backend Running on 0.0.0.0:5000
2025-10-31 18:16:35 [INFO] 🌐 Access at: http://localhost:5000
2025-10-31 18:16:35 [INFO] ✅ MongoDB Connected Successfully (Local)
2025-10-31 18:16:35 [INFO] ✅ Database initialized
2025-10-31 18:16:58 [INFO] ✅ Backend Running on 0.0.0.0:5000
2025-10-31 18:16:58 [INFO] 🌐 Access at: http://localhost:5000
2025-10-31 18:16:58 [INFO] ✅ MongoDB Connected Successfully (Local)
2025-10-31 18:16:58 [INFO] ✅ Database initialized
2025-10-31 18:22:07 [INFO] ✅ Backend Running on 0.0.0.0:5000
2025-10-31 18:22:07 [INFO] 🌐 Access at: http://localhost:5000
2025-10-31 18:22:07 [INFO] ✅ MongoDB Connected Successfully (Local)
2025-10-31 18:22:07 [INFO] ✅ Database initialized
2025-10-31 18:22:17 [INFO] ✅ Backend Running on 0.0.0.0:5000
2025-10-31 18:22:17 [INFO] 🌐 Access at: http://localhost:5000
2025-10-31 18:22:17 [INFO] ✅ MongoDB Connected Successfully (Local)
2025-10-31 18:22:17 [INFO] ✅ Database initialized
2025-10-31 18:22:28 [INFO] ✅ Backend Running on 0.0.0.0:5000
2025-10-31 18:22:28 [INFO] 🌐 Access at: http://localhost:5000
2025-10-31 18:22:28 [INFO] ✅ MongoDB Connected Successfully (Local)
2025-10-31 18:22:28 [INFO] ✅ Database initialized
2025-10-31 18:29:53 [INFO] ✅ Backend Running on 0.0.0.0:5000
2025-10-31 18:29:53 [INFO] 🌐 Access at: http://localhost:5000
2025-10-31 18:29:53 [INFO] ✅ MongoDB Connected Successfully (Local)
2025-10-31 18:29:53 [INFO] ✅ Database initialized
2025-10-31 18:30:23 [INFO] ✅ Backend Running on 0.0.0.0:5000
2025-10-31 18:30:23 [INFO] 🌐 Access at: http://localhost:5000
2025-10-31 18:30:23 [INFO] ✅ MongoDB Connected Successfully (Local)
2025-10-31 18:30:23 [INFO] ✅ Database initialized
2025-10-31 18:30:40 [INFO] ✅ Backend Running on 0.0.0.0:5000
2025-10-31 18:30:40 [INFO] 🌐 Access at: http://localhost:5000
2025-10-31 18:30:40 [INFO] ✅ MongoDB Connected Successfully (Local)
2025-10-31 18:30:40 [INFO] ✅ Database initialized
2025-10-31 18:31:06 [INFO] ✅ Backend Running on 0.0.0.0:5000
2025-10-31 18:31:06 [INFO] 🌐 Access at: http://localhost:5000
2025-10-31 18:31:06 [INFO] ✅ MongoDB Connected Successfully (Local)
2025-10-31 18:31:06 [INFO] ✅ Database initialized
2025-10-31 18:32:13 [INFO] ✅ Backend Running on 0.0.0.0:5000
2025-10-31 18:32:13 [INFO] 🌐 Access at: http://localhost:5000
2025-10-31 18:32:13 [INFO] ✅ MongoDB Connected Successfully (Local)
2025-10-31 18:32:13 [INFO] ✅ Database initialized
2025-10-31 18:54:34 [INFO] ✅ Backend Running on 0.0.0.0:5000
2025-10-31 18:54:34 [INFO] 🌐 Access at: http://localhost:5000
2025-10-31 18:54:34 [INFO] ✅ MongoDB Connected Successfully (Local)
2025-10-31 18:54:34 [INFO] ✅ Database initialized
2025-10-31 18:55:10 [INFO] ✅ Backend Running on 0.0.0.0:5000
2025-10-31 18:55:10 [INFO] 🌐 Access at: http://localhost:5000
2025-10-31 18:55:10 [INFO] ✅ MongoDB Connected Successfully (Local)
2025-10-31 18:55:10 [INFO] ✅ Database initialized
2025-10-31 18:56:03 [INFO] ✅ Backend Running on 0.0.0.0:5000
2025-10-31 18:56:03 [INFO] 🌐 Access at: http://localhost:5000
2025-10-31 18:56:03 [INFO] ✅ MongoDB Connected Successfully (Local)
2025-10-31 18:56:03 [INFO] ✅ Database initialized
2025-10-31 18:57:30 [INFO] ✅ Backend Running on 0.0.0.0:5000
2025-10-31 18:57:30 [INFO] 🌐 Access at: http://localhost:5000
2025-10-31 18:57:31 [INFO] ✅ MongoDB Connected Successfully (Local)
2025-10-31 18:57:31 [INFO] ✅ Database initialized
2025-10-31 18:58:03 [INFO] ✅ Backend Running on 0.0.0.0:5000
2025-10-31 18:58:03 [INFO] 🌐 Access at: http://localhost:5000
2025-10-31 18:58:03 [INFO] ✅ MongoDB Connected Successfully (Local)
2025-10-31 18:58:03 [INFO] ✅ Database initialized
2025-10-31 19:00:37 [INFO] ✅ Backend Running on 0.0.0.0:5000
2025-10-31 19:00:37 [INFO] 🌐 Access at: http://localhost:5000
2025-10-31 19:00:37 [INFO] ✅ MongoDB Connected Successfully (Local)
2025-10-31 19:00:37 [INFO] ✅ Database initialized
2025-10-31 19:00:59 [INFO] ✅ Backend Running on 0.0.0.0:5000
2025-10-31 19:00:59 [INFO] 🌐 Access at: http://localhost:5000
2025-10-31 19:00:59 [INFO] ✅ MongoDB Connected Successfully (Local)
2025-10-31 19:00:59 [INFO] ✅ Database initialized
2025-10-31 19:46:05 [INFO] ✅ Backend Running on 0.0.0.0:5000
2025-10-31 19:46:05 [INFO] 🌐 Access at: http://localhost:5000
2025-10-31 19:46:05 [INFO] ✅ MongoDB Connected Successfully (Local)
2025-10-31 19:46:05 [INFO] ✅ Database initialized
2025-10-31 19:47:50 [INFO] ✅ Backend Running on 0.0.0.0:5000
2025-10-31 19:47:50 [INFO] 🌐 Access at: http://localhost:5000
2025-10-31 19:47:50 [INFO] ✅ MongoDB Connected Successfully (Local)
2025-10-31 19:47:50 [INFO] ✅ Database initialized
2025-10-31 19:52:10 [INFO] ✅ Backend Running on 0.0.0.0:5000
2025-10-31 19:52:10 [INFO] 🌐 Access at: http://localhost:5000
2025-10-31 19:52:10 [INFO] ✅ MongoDB Connected Successfully (Local)
2025-10-31 19:52:10 [INFO] ✅ Database initialized
2025-11-01 10:18:38 [INFO] ✅ Backend Running on 0.0.0.0:5000
2025-11-01 10:18:38 [INFO] 🌐 Access at: http://localhost:5000
2025-11-01 10:18:38 [INFO] ✅ MongoDB Connected Successfully (Local)
2025-11-01 10:18:38 [INFO] ✅ Database initialized
2025-11-01 11:16:54 [INFO] ✅ Backend Running on 0.0.0.0:5000
2025-11-01 11:16:54 [INFO] 🌐 Access at: http://localhost:5000
2025-11-01 11:16:54 [INFO] ✅ MongoDB Connected Successfully (Local)
2025-11-01 11:16:54 [INFO] ✅ Database initialized
2025-11-01 11:42:15 [INFO] ✅ Backend Running on 0.0.0.0:5000
2025-11-01 11:42:15 [INFO] 🌐 Access at: http://localhost:5000
2025-11-01 11:42:15 [INFO] ✅ MongoDB Connected Successfully (Local)
2025-11-01 11:42:15 [INFO] ✅ Database initialized
2025-11-01 11:44:56 [INFO] ✅ Backend Running on 0.0.0.0:5000
2025-11-01 11:44:56 [INFO] 🌐 Access at: http://localhost:5000
2025-11-01 11:44:56 [INFO] ✅ MongoDB Connected Successfully (Local)
2025-11-01 11:44:56 [INFO] ✅ Database initialized
2025-11-01 17:15:35 [INFO] ✅ Backend Running on 0.0.0.0:5000
2025-11-01 17:15:35 [INFO] 🌐 Access at: http://localhost:5000
2025-11-01 17:15:35 [INFO] ✅ MongoDB Connected Successfully (Local)
2025-11-01 17:15:35 [INFO] ✅ Database initialized
2025-11-01 17:18:23 [INFO] ✅ Backend Running on 0.0.0.0:5000
2025-11-01 17:18:23 [INFO] 🌐 Access at: http://localhost:5000
2025-11-01 17:18:23 [INFO] ✅ MongoDB Connected Successfully (Local)
2025-11-01 17:18:23 [INFO] ✅ Database initialized
2025-11-01 17:24:10 [INFO] ✅ Backend Running on 0.0.0.0:5000
2025-11-01 17:24:10 [INFO] 🌐 Access at: http://localhost:5000
2025-11-01 17:24:10 [INFO] ✅ MongoDB Connected Successfully (Local)
2025-11-01 17:24:10 [INFO] ✅ Database initialized
2025-11-01 17:28:10 [INFO] ✅ Backend Running on 0.0.0.0:5000
2025-11-01 17:28:10 [INFO] 🌐 Access at: http://localhost:5000
2025-11-01 17:28:10 [INFO] ✅ MongoDB Connected Successfully (Local)
2025-11-01 17:28:10 [INFO] ✅ Database initialized
2025-11-01 17:28:31 [INFO] ✅ Backend Running on 0.0.0.0:5000
2025-11-01 17:28:31 [INFO] 🌐 Access at: http://localhost:5000
2025-11-01 17:28:31 [INFO] ✅ MongoDB Connected Successfully (Local)
2025-11-01 17:28:31 [INFO] ✅ Database initialized
2025-11-02 12:08:50 [INFO] ✅ Backend Running on 0.0.0.0:5000
2025-11-02 12:08:50 [INFO] 🌐 Access at: http://localhost:5000
2025-11-02 12:08:50 [INFO] ✅ MongoDB Connected Successfully (Local)
2025-11-02 12:08:50 [INFO] ✅ Database initialized
2025-11-02 12:11:24 [INFO] ✅ Backend Running on 0.0.0.0:5000
2025-11-02 12:11:24 [INFO] 🌐 Access at: http://localhost:5000
2025-11-02 12:11:24 [INFO] ✅ MongoDB Connected Successfully (Local)
2025-11-02 12:11:24 [INFO] ✅ Database initialized
2025-11-02 12:15:41 [INFO] ✅ Backend Running on 0.0.0.0:5000
2025-11-02 12:15:41 [INFO] 🌐 Access at: http://localhost:5000
2025-11-02 12:15:41 [INFO] ✅ MongoDB Connected Successfully (Local)
2025-11-02 12:15:41 [INFO] ✅ Database initialized
2025-11-02 12:18:49 [INFO] ✅ Backend Running on 0.0.0.0:5000
2025-11-02 12:18:49 [INFO] 🌐 Access at: http://localhost:5000
2025-11-02 12:18:49 [INFO] ✅ MongoDB Connected Successfully (Local)
2025-11-02 12:18:49 [INFO] ✅ Database initialized
2025-11-02 12:24:43 [INFO] ✅ Backend Running on 0.0.0.0:5000
2025-11-02 12:24:43 [INFO] 🌐 Access at: http://localhost:5000
2025-11-02 12:24:43 [INFO] ✅ MongoDB Connected Successfully (Local)
2025-11-02 12:24:43 [INFO] ✅ Database initialized
2025-11-02 12:30:17 [INFO] ✅ Backend Running on 0.0.0.0:5000
2025-11-02 12:30:17 [INFO] 🌐 Access at: http://localhost:5000
2025-11-02 12:30:17 [INFO] ✅ MongoDB Connected Successfully (Local)
2025-11-02 12:30:17 [INFO] ✅ Database initialized
2025-11-02 12:32:08 [INFO] ✅ Backend Running on 0.0.0.0:5000
2025-11-02 12:32:08 [INFO] 🌐 Access at: http://localhost:5000
2025-11-02 12:32:08 [INFO] ✅ MongoDB Connected Successfully (Local)
2025-11-02 12:32:08 [INFO] ✅ Database initialized
2025-11-02 12:46:04 [INFO] ✅ Backend Running on 0.0.0.0:5000
2025-11-02 12:46:04 [INFO] 🌐 Access at: http://localhost:5000
2025-11-02 12:46:04 [INFO] ✅ MongoDB Connected Successfully (Local)
2025-11-02 12:46:04 [INFO] ✅ Database initialized
2025-11-02 12:52:58 [INFO] ✅ Backend Running on 0.0.0.0:5000
2025-11-02 12:52:58 [INFO] 🌐 Access at: http://localhost:5000
2025-11-02 12:52:58 [INFO] ✅ MongoDB Connected Successfully (Local)
2025-11-02 12:52:58 [INFO] ✅ Database initialized
2025-11-02 13:13:56 [INFO] ✅ Backend Running on 0.0.0.0:5000
2025-11-02 13:13:56 [INFO] 🌐 Access at: http://localhost:5000
2025-11-02 13:13:56 [INFO] ✅ MongoDB Connected Successfully (Local)
2025-11-02 13:13:56 [INFO] ✅ Database initialized
2025-11-02 14:20:05 [INFO] ✅ Backend Running on 0.0.0.0:5000
2025-11-02 14:20:05 [INFO] 🌐 Access at: http://localhost:5000
2025-11-02 14:20:05 [INFO] ✅ MongoDB Connected Successfully (Local)
2025-11-02 14:20:05 [INFO] ✅ Database initialized
2025-11-02 14:35:09 [INFO] ✅ Backend Running on 0.0.0.0:5000
2025-11-02 14:35:09 [INFO] 🌐 Access at: http://localhost:5000
2025-11-02 14:35:09 [INFO] ✅ MongoDB Connected Successfully (Local)
2025-11-02 14:35:09 [INFO] ✅ Database initialized
2025-11-02 14:35:55 [INFO] ✅ Backend Running on 0.0.0.0:5000
2025-11-02 14:35:55 [INFO] 🌐 Access at: http://localhost:5000
2025-11-02 14:35:55 [INFO] ✅ MongoDB Connected Successfully (Local)
2025-11-02 14:35:55 [INFO] ✅ Database initialized
2025-11-02 14:36:49 [INFO] ✅ Backend Running on 0.0.0.0:5000
2025-11-02 14:36:49 [INFO] 🌐 Access at: http://localhost:5000
2025-11-02 14:36:49 [INFO] ✅ MongoDB Connected Successfully (Local)
2025-11-02 14:36:49 [INFO] ✅ Database initialized
2025-11-02 16:04:22 [INFO] ✅ Backend Running on 0.0.0.0:5000
2025-11-02 16:04:22 [INFO] 🌐 Access at: http://localhost:5000
2025-11-02 16:04:22 [INFO] ✅ MongoDB Connected Successfully (Local)
2025-11-02 16:04:22 [INFO] ✅ Database initialized
2025-11-02 16:08:11 [INFO] ✅ Backend Running on 0.0.0.0:5000
2025-11-02 16:08:11 [INFO] 🌐 Access at: http://localhost:5000
2025-11-02 16:08:11 [INFO] ✅ MongoDB Connected Successfully (Local)
2025-11-02 16:08:11 [INFO] ✅ Database initialized
2025-11-02 16:20:42 [INFO] ✅ Backend Running on 0.0.0.0:5000
2025-11-02 16:20:42 [INFO] 🌐 Access at: http://localhost:5000
2025-11-02 16:20:42 [INFO] ✅ MongoDB Connected Successfully (Local)
2025-11-02 16:20:42 [INFO] ✅ Database initialized
2025-11-02 16:32:09 [INFO] ✅ Backend Running on 0.0.0.0:5000
2025-11-02 16:32:09 [INFO] 🌐 Access at: http://localhost:5000
2025-11-02 16:32:09 [INFO] ✅ MongoDB Connected Successfully (Local)
2025-11-02 16:32:09 [INFO] ✅ Database initialized
2025-11-02 16:41:31 [INFO] ✅ Backend Running on 0.0.0.0:5000
2025-11-02 16:41:31 [INFO] 🌐 Access at: http://localhost:5000
2025-11-02 16:41:31 [INFO] ✅ MongoDB Connected Successfully (Local)
2025-11-02 16:41:31 [INFO] ✅ Database initialized
2025-11-02 16:47:01 [INFO] ✅ Backend Running on 0.0.0.0:5000
2025-11-02 16:47:01 [INFO] 🌐 Access at: http://localhost:5000
2025-11-02 16:47:01 [INFO] ✅ MongoDB Connected Successfully (Local)
2025-11-02 16:47:01 [INFO] ✅ Database initialized
2025-11-02 16:47:09 [INFO] ✅ Backend Running on 0.0.0.0:5000
2025-11-02 16:47:09 [INFO] 🌐 Access at: http://localhost:5000
2025-11-02 16:47:09 [INFO] ✅ MongoDB Connected Successfully (Local)
2025-11-02 16:47:09 [INFO] ✅ Database initialized
2025-11-02 16:47:43 [INFO] ✅ Backend Running on 0.0.0.0:5000
2025-11-02 16:47:43 [INFO] 🌐 Access at: http://localhost:5000
2025-11-02 16:47:43 [INFO] ✅ MongoDB Connected Successfully (Local)
2025-11-02 16:47:43 [INFO] ✅ Database initialized
2025-11-02 16:47:53 [INFO] ✅ Backend Running on 0.0.0.0:5000
2025-11-02 16:47:53 [INFO] 🌐 Access at: http://localhost:5000
2025-11-02 16:47:53 [INFO] ✅ MongoDB Connected Successfully (Local)
2025-11-02 16:47:53 [INFO] ✅ Database initialized
2025-11-02 16:48:21 [INFO] ✅ Backend Running on 0.0.0.0:5000
2025-11-02 16:48:21 [INFO] 🌐 Access at: http://localhost:5000
2025-11-02 16:48:21 [INFO] ✅ MongoDB Connected Successfully (Local)
2025-11-02 16:48:21 [INFO] ✅ Database initialized
2025-11-02 16:52:54 [INFO] ✅ Backend Running on 0.0.0.0:5000
2025-11-02 16:52:54 [INFO] 🌐 Access at: http://localhost:5000
2025-11-02 16:52:54 [INFO] ✅ MongoDB Connected Successfully (Local)
2025-11-02 16:52:54 [INFO] ✅ Database initialized
2025-11-02 18:50:21 [INFO] ✅ Backend Running on 0.0.0.0:5000
2025-11-02 18:50:21 [INFO] 🌐 Access at: http://localhost:5000
2025-11-02 18:50:21 [INFO] ✅ MongoDB Connected Successfully (Local)
2025-11-02 18:50:21 [INFO] ✅ Database initialized
2025-11-02 18:51:50 [INFO] ✅ Backend Running on 0.0.0.0:5000
2025-11-02 18:51:50 [INFO] 🌐 Access at: http://localhost:5000
2025-11-02 18:51:50 [INFO] ✅ MongoDB Connected Successfully (Local)
2025-11-02 18:51:50 [INFO] ✅ Database initialized
2025-11-02 18:59:33 [INFO] ✅ Backend Running on 0.0.0.0:5000
2025-11-02 18:59:33 [INFO] 🌐 Access at: http://localhost:5000
2025-11-02 18:59:33 [INFO] ✅ MongoDB Connected Successfully (Local)
2025-11-02 18:59:33 [INFO] ✅ Database initialized
2025-11-02 19:06:58 [INFO] ✅ Backend Running on 0.0.0.0:5000
2025-11-02 19:06:58 [INFO] 🌐 Access at: http://localhost:5000
2025-11-02 19:06:58 [INFO] ✅ MongoDB Connected Successfully (Local)
2025-11-02 19:06:58 [INFO] ✅ Database initialized
2025-11-02 19:27:16 [INFO] ✅ Backend Running on 0.0.0.0:5000
2025-11-02 19:27:16 [INFO] 🌐 Access at: http://localhost:5000
2025-11-02 19:27:16 [INFO] ✅ MongoDB Connected Successfully (Local)
2025-11-02 19:27:16 [INFO] ✅ Database initialized
2025-11-02 19:38:58 [INFO] ✅ Backend Running on 0.0.0.0:5000
2025-11-02 19:38:58 [INFO] 🌐 Access at: http://localhost:5000
2025-11-02 19:38:58 [INFO] ✅ MongoDB Connected Successfully (Local)
2025-11-02 19:38:58 [INFO] ✅ Database initialized
2025-11-02 19:40:32 [INFO] ✅ Backend Running on 0.0.0.0:5000
2025-11-02 19:40:32 [INFO] 🌐 Access at: http://localhost:5000
2025-11-02 19:40:32 [INFO] ✅ MongoDB Connected Successfully (Local)
2025-11-02 19:40:32 [INFO] ✅ Database initialized
2025-11-02 20:17:02 [INFO] ✅ Backend Running on 0.0.0.0:5000
2025-11-02 20:17:02 [INFO] 🌐 Access at: http://localhost:5000
2025-11-02 20:17:02 [INFO] ✅ MongoDB Connected Successfully (Local)
2025-11-02 20:17:02 [INFO] ✅ Database initialized
2025-11-02 20:41:00 [INFO] ✅ Backend Running on 0.0.0.0:5000
2025-11-02 20:41:00 [INFO] 🌐 Access at: http://localhost:5000
2025-11-02 20:41:00 [INFO] ✅ MongoDB Connected Successfully (Local)
2025-11-02 20:41:00 [INFO] ✅ Database initialized
2025-11-02 20:45:42 [INFO] ✅ Backend Running on 0.0.0.0:5000
2025-11-02 20:45:42 [INFO] 🌐 Access at: http://localhost:5000
2025-11-02 20:45:42 [INFO] ✅ MongoDB Connected Successfully (Local)
2025-11-02 20:45:42 [INFO] ✅ Database initialized
2025-11-02 20:54:49 [INFO] ✅ Backend Running on 0.0.0.0:5000
2025-11-02 20:54:49 [INFO] 🌐 Access at: http://localhost:5000
2025-11-02 20:54:49 [INFO] ✅ MongoDB Connected Successfully (Local)
2025-11-02 20:54:49 [INFO] ✅ Database initialized
2025-11-02 21:00:51 [INFO] ✅ Backend Running on 0.0.0.0:5000
2025-11-02 21:00:51 [INFO] 🌐 Access at: http://localhost:5000
2025-11-02 21:00:52 [INFO] ✅ MongoDB Connected Successfully (Local)
2025-11-02 21:00:52 [INFO] ✅ Database initialized
2025-11-02 21:10:08 [INFO] ✅ Backend Running on 0.0.0.0:5000
2025-11-02 21:10:08 [INFO] 🌐 Access at: http://localhost:5000
2025-11-02 21:10:08 [INFO] ✅ MongoDB Connected Successfully (Local)
2025-11-02 21:10:08 [INFO] ✅ Database initialized
2025-11-02 21:11:47 [INFO] ✅ Backend Running on 0.0.0.0:5000
2025-11-02 21:11:47 [INFO] 🌐 Access at: http://localhost:5000
2025-11-02 21:11:47 [INFO] ✅ MongoDB Connected Successfully (Local)
2025-11-02 21:11:47 [INFO] ✅ Database initialized
2025-11-03 06:21:10 [INFO] ✅ Backend Running on 0.0.0.0:5000
2025-11-03 06:21:10 [INFO] 🌐 Access at: http://localhost:5000
2025-11-03 06:21:10 [WARN] ⚠️  MongoDB Local connection failed: Socket 'connect' timed out after 38283ms (connectTimeoutMS: 30000)
2025-11-03 06:21:10 [ERROR] ❌ All MongoDB connection attempts failed. Set MONGO_URI_ATLAS or start local MongoDB.
2025-11-03 06:21:10 [ERROR] ❌ Database init failed: MongoDB connection failed
2025-11-03 06:23:50 [INFO] ✅ Backend Running on 0.0.0.0:5000
2025-11-03 06:23:50 [INFO] 🌐 Access at: http://localhost:5000
2025-11-03 06:23:50 [INFO] ✅ MongoDB Connected Successfully (Local)
2025-11-03 06:23:50 [INFO] ✅ Database initialized
2025-11-03 06:24:11 [INFO] ✅ Backend Running on 0.0.0.0:5000
2025-11-03 06:24:11 [INFO] 🌐 Access at: http://localhost:5000
2025-11-03 06:24:11 [INFO] ✅ MongoDB Connected Successfully (Local)
2025-11-03 06:24:11 [INFO] ✅ Database initialized
2025-11-03 06:47:36 [INFO] ✅ Backend Running on 0.0.0.0:5000
2025-11-03 06:47:36 [INFO] 🌐 Access at: http://localhost:5000
2025-11-03 06:47:36 [INFO] ✅ MongoDB Connected Successfully (Local)
2025-11-03 06:47:36 [INFO] ✅ Database initialized
2025-11-03 07:03:45 [INFO] ✅ Backend Running on 0.0.0.0:5000
2025-11-03 07:03:45 [INFO] 🌐 Access at: http://localhost:5000
2025-11-03 07:03:45 [INFO] ✅ MongoDB Connected Successfully (Local)
2025-11-03 07:03:45 [INFO] ✅ Database initialized
2025-11-03 12:23:32 [INFO] ✅ Backend Running on 0.0.0.0:5000
2025-11-03 12:23:33 [INFO] 🌐 Access at: http://localhost:5000
2025-11-03 12:23:33 [INFO] ✅ MongoDB Connected Successfully (Local)
2025-11-03 12:23:33 [INFO] ✅ Database initialized
2025-11-03 12:44:22 [INFO] ✅ Backend Running on 0.0.0.0:5000
2025-11-03 12:44:22 [INFO] 🌐 Access at: http://localhost:5000
2025-11-03 12:44:22 [INFO] ✅ MongoDB Connected Successfully (Local)
2025-11-03 12:44:22 [INFO] ✅ Database initialized
2025-11-03 12:47:24 [INFO] ✅ Backend Running on 0.0.0.0:5000
2025-11-03 12:47:24 [INFO] 🌐 Access at: http://localhost:5000
2025-11-03 12:47:24 [INFO] ✅ MongoDB Connected Successfully (Local)
2025-11-03 12:47:24 [INFO] ✅ Database initialized
2025-11-03 13:16:59 [INFO] ✅ Backend Running on 0.0.0.0:5000
2025-11-03 13:16:59 [INFO] 🌐 Access at: http://localhost:5000
2025-11-03 13:16:59 [INFO] ✅ MongoDB Connected Successfully (Local)
2025-11-03 13:16:59 [INFO] ✅ Database initialized
2025-11-03 13:24:47 [INFO] ✅ Backend Running on 0.0.0.0:5000
2025-11-03 13:24:47 [INFO] 🌐 Access at: http://localhost:5000
2025-11-03 13:24:47 [INFO] ✅ MongoDB Connected Successfully (Local)
2025-11-03 13:24:47 [INFO] ✅ Database initialized
2025-11-03 13:36:00 [INFO] ✅ Backend Running on 0.0.0.0:5000
2025-11-03 13:36:00 [INFO] 🌐 Access at: http://localhost:5000
2025-11-03 13:36:00 [INFO] ✅ MongoDB Connected Successfully (Local)
2025-11-03 13:36:00 [INFO] ✅ Database initialized
2025-11-03 14:10:23 [INFO] ✅ Backend Running on 0.0.0.0:5000
2025-11-03 14:10:23 [INFO] 🌐 Access at: http://localhost:5000
2025-11-03 14:10:23 [INFO] ✅ MongoDB Connected Successfully (Local)
2025-11-03 14:10:23 [INFO] ✅ Database initialized
2025-11-03 14:31:13 [INFO] ✅ Backend Running on 0.0.0.0:5001
2025-11-03 14:31:13 [INFO] 🌐 Access at: http://localhost:5001
2025-11-03 14:31:13 [INFO] ✅ MongoDB Connected Successfully (Local)
2025-11-03 14:31:13 [INFO] ✅ Database initialized
2025-11-03 14:32:05 [INFO] ✅ Backend Running on 0.0.0.0:5001
2025-11-03 14:32:05 [INFO] 🌐 Access at: http://localhost:5001
2025-11-03 14:32:05 [INFO] ✅ MongoDB Connected Successfully (Local)
2025-11-03 14:32:05 [INFO] ✅ Database initialized
2025-11-03 14:35:55 [INFO] ✅ Backend Running on 0.0.0.0:5001
2025-11-03 14:35:55 [INFO] 🌐 Access at: http://localhost:5001
2025-11-03 14:35:55 [INFO] ✅ MongoDB Connected Successfully (Local)
2025-11-03 14:35:55 [INFO] ✅ Database initialized
2025-11-03 14:38:15 [INFO] ✅ Backend Running on 0.0.0.0:5001
2025-11-03 14:38:15 [INFO] 🌐 Access at: http://localhost:5001
2025-11-03 14:38:15 [INFO] ✅ MongoDB Connected Successfully (Local)
2025-11-03 14:38:15 [INFO] ✅ Database initialized
2025-11-03 14:48:54 [INFO] ✅ Backend Running on 0.0.0.0:5001
2025-11-03 14:48:54 [INFO] 🌐 Access at: http://localhost:5001
2025-11-03 14:48:54 [INFO] ✅ MongoDB Connected Successfully (Local)
2025-11-03 14:48:54 [INFO] ✅ Database initialized
2025-11-03 14:51:44 [INFO] ✅ Backend Running on 0.0.0.0:5001
2025-11-03 14:51:44 [INFO] 🌐 Access at: http://localhost:5001
2025-11-03 14:51:44 [INFO] ✅ MongoDB Connected Successfully (Local)
2025-11-03 14:51:44 [INFO] ✅ Database initialized
2025-11-03 14:53:40 [INFO] ✅ Backend Running on 0.0.0.0:5001
2025-11-03 14:53:40 [INFO] 🌐 Access at: http://localhost:5001
2025-11-03 14:53:40 [INFO] ✅ MongoDB Connected Successfully (Local)
2025-11-03 14:53:40 [INFO] ✅ Database initialized
2025-11-03 15:01:50 [INFO] ✅ Backend Running on 0.0.0.0:5001
2025-11-03 15:01:50 [INFO] 🌐 Access at: http://localhost:5001
2025-11-03 15:01:50 [INFO] ✅ MongoDB Connected Successfully (Local)
2025-11-03 15:01:50 [INFO] ✅ Database initialized
2025-11-03 15:09:11 [INFO] ✅ Backend Running on 0.0.0.0:5001
2025-11-03 15:09:11 [INFO] 🌐 Access at: http://localhost:5001
2025-11-03 15:09:11 [INFO] ✅ MongoDB Connected Successfully (Local)
2025-11-03 15:09:11 [INFO] ✅ Database initialized
2025-11-03 15:11:37 [INFO] ✅ Backend Running on 0.0.0.0:5001
2025-11-03 15:11:37 [INFO] 🌐 Access at: http://localhost:5001
2025-11-03 15:11:37 [INFO] ✅ MongoDB Connected Successfully (Local)
2025-11-03 15:11:37 [INFO] ✅ Database initialized
2025-11-03 15:17:32 [INFO] ✅ Backend Running on 0.0.0.0:5001
2025-11-03 15:17:32 [INFO] 🌐 Access at: http://localhost:5001
2025-11-03 15:17:32 [INFO] ✅ MongoDB Connected Successfully (Local)
2025-11-03 15:17:32 [INFO] ✅ Database initialized
2025-11-03 15:21:31 [INFO] ✅ Backend Running on 0.0.0.0:5001
2025-11-03 15:21:31 [INFO] 🌐 Access at: http://localhost:5001
2025-11-03 15:21:31 [INFO] ✅ MongoDB Connected Successfully (Local)
2025-11-03 15:21:31 [INFO] ✅ Database initialized
2025-11-03 15:27:18 [INFO] ✅ Backend Running on 0.0.0.0:5001
2025-11-03 15:27:18 [INFO] 🌐 Access at: http://localhost:5001
2025-11-03 15:27:18 [INFO] ✅ MongoDB Connected Successfully (Local)
2025-11-03 15:27:18 [INFO] ✅ Database initialized
2025-11-03 15:53:02 [INFO] ✅ Backend Running on 0.0.0.0:5001
2025-11-03 15:53:02 [INFO] 🌐 Access at: http://localhost:5001
2025-11-03 15:53:02 [INFO] ✅ MongoDB Connected Successfully (Local)
2025-11-03 15:53:02 [INFO] ✅ Database initialized
2025-11-03 15:54:08 [INFO] ✅ Backend Running on 0.0.0.0:5001
2025-11-03 15:54:08 [INFO] 🌐 Access at: http://localhost:5001
2025-11-03 15:54:08 [INFO] ✅ MongoDB Connected Successfully (Local)
2025-11-03 15:54:08 [INFO] ✅ Database initialized
2025-11-03 15:57:14 [INFO] ✅ Backend Running on 0.0.0.0:5001
2025-11-03 15:57:14 [INFO] 🌐 Access at: http://localhost:5001
2025-11-03 15:57:14 [INFO] ✅ MongoDB Connected Successfully (Local)
2025-11-03 15:57:14 [INFO] ✅ Database initialized
2025-11-03 16:06:02 [INFO] ✅ Backend Running on 0.0.0.0:5001
2025-11-03 16:06:02 [INFO] 🌐 Access at: http://localhost:5001
2025-11-03 16:06:02 [INFO] ✅ MongoDB Connected Successfully (Local)
2025-11-03 16:06:02 [INFO] ✅ Database initialized
2025-11-03 16:11:40 [INFO] ✅ Backend Running on 0.0.0.0:5001
2025-11-03 16:11:40 [INFO] 🌐 Access at: http://localhost:5001
2025-11-03 16:11:40 [INFO] ✅ MongoDB Connected Successfully (Local)
2025-11-03 16:11:40 [INFO] ✅ Database initialized
2025-11-03 16:13:37 [INFO] ✅ Backend Running on 0.0.0.0:5001
2025-11-03 16:13:37 [INFO] 🌐 Access at: http://localhost:5001
2025-11-03 16:13:37 [INFO] ✅ MongoDB Connected Successfully (Local)
2025-11-03 16:13:37 [INFO] ✅ Database initialized
2025-11-03 16:14:46 [INFO] ✅ Backend Running on 0.0.0.0:5001
2025-11-03 16:14:46 [INFO] 🌐 Access at: http://localhost:5001
2025-11-03 16:14:46 [INFO] ✅ MongoDB Connected Successfully (Local)
2025-11-03 16:14:46 [INFO] ✅ Database initialized
2025-11-03 16:21:54 [INFO] ✅ Backend Running on 0.0.0.0:5001
2025-11-03 16:21:54 [INFO] 🌐 Access at: http://localhost:5001
2025-11-03 16:21:54 [INFO] ✅ MongoDB Connected Successfully (Local)
2025-11-03 16:21:54 [INFO] ✅ Database initialized
2025-11-03 16:39:40 [INFO] ✅ Backend Running on 0.0.0.0:5001
2025-11-03 16:39:40 [INFO] 🌐 Access at: http://localhost:5001
2025-11-03 16:39:40 [INFO] ✅ MongoDB Connected Successfully (Local)
2025-11-03 16:39:40 [INFO] ✅ Database initialized
2025-11-03 17:05:56 [INFO] ✅ Backend Running on 0.0.0.0:5001
2025-11-03 17:05:56 [INFO] 🌐 Access at: http://localhost:5001
2025-11-03 17:05:56 [INFO] ✅ MongoDB Connected Successfully (Local)
2025-11-03 17:05:56 [INFO] ✅ Database initialized
2025-11-03 17:09:50 [INFO] ✅ Backend Running on 0.0.0.0:5000
2025-11-03 17:09:50 [INFO] 🌐 Access at: http://localhost:5000
2025-11-03 17:09:50 [INFO] ✅ MongoDB Connected Successfully (Local)
2025-11-03 17:09:50 [INFO] ✅ Database initialized
2025-11-03 18:02:13 [INFO] ✅ Backend Running on 0.0.0.0:5000
2025-11-03 18:02:13 [INFO] 🌐 Access at: http://localhost:5000
2025-11-03 18:02:13 [INFO] ✅ MongoDB Connected Successfully (Local)
2025-11-03 18:02:13 [INFO] ✅ Database initialized
2025-11-03 18:25:40 [INFO] ✅ Backend Running on 0.0.0.0:5000
2025-11-03 18:25:40 [INFO] 🌐 Access at: http://localhost:5000
2025-11-03 18:25:40 [INFO] ✅ MongoDB Connected Successfully (Local)
2025-11-03 18:25:40 [INFO] ✅ Database initialized
2025-11-03 18:29:16 [INFO] ✅ Backend Running on 0.0.0.0:5000
2025-11-03 18:29:16 [INFO] 🌐 Access at: http://localhost:5000
2025-11-03 18:29:16 [INFO] ✅ MongoDB Connected Successfully (Local)
2025-11-03 18:29:16 [INFO] ✅ Database initialized
2025-11-03 18:56:00 [INFO] ✅ Backend Running on 0.0.0.0:5000
2025-11-03 18:56:00 [INFO] 🌐 Access at: http://localhost:5000
2025-11-03 18:56:00 [INFO] ✅ MongoDB Connected Successfully (Local)
2025-11-03 18:56:00 [INFO] ✅ Database initialized
2025-11-03 19:18:02 [INFO] ✅ Backend Running on 0.0.0.0:5000
2025-11-03 19:18:02 [INFO] 🌐 Access at: http://localhost:5000
2025-11-03 19:18:02 [INFO] ✅ MongoDB Connected Successfully (Local)
2025-11-03 19:18:02 [INFO] ✅ Database initialized
2025-11-03 19:31:08 [INFO] ✅ Backend Running on 0.0.0.0:5000
2025-11-03 19:31:08 [INFO] 🌐 Access at: http://localhost:5000
2025-11-03 19:31:08 [INFO] ✅ MongoDB Connected Successfully (Local)
2025-11-03 19:31:08 [INFO] ✅ Database initialized
2025-11-03 19:36:47 [INFO] ✅ Backend Running on 0.0.0.0:5000
2025-11-03 19:36:47 [INFO] 🌐 Access at: http://localhost:5000
2025-11-03 19:36:47 [INFO] ✅ MongoDB Connected Successfully (Local)
2025-11-03 19:36:47 [INFO] ✅ Database initialized
2025-11-03 19:41:23 [INFO] ✅ Backend Running on 0.0.0.0:5000
2025-11-03 19:41:23 [INFO] 🌐 Access at: http://localhost:5000
2025-11-03 19:41:23 [INFO] ✅ MongoDB Connected Successfully (Local)
2025-11-03 19:41:23 [INFO] ✅ Database initialized
2025-11-03 19:51:37 [INFO] ✅ Backend Running on 0.0.0.0:5000
2025-11-03 19:51:37 [INFO] 🌐 Access at: http://localhost:5000
2025-11-03 19:51:38 [INFO] ✅ MongoDB Connected Successfully (Local)
2025-11-03 19:51:38 [INFO] ✅ Database initialized
2025-11-03 20:06:59 [INFO] ✅ Backend Running on 0.0.0.0:5000
2025-11-03 20:06:59 [INFO] 🌐 Access at: http://localhost:5000
2025-11-03 20:06:59 [INFO] ✅ MongoDB Connected Successfully (Local)
2025-11-03 20:06:59 [INFO] ✅ Database initialized
2025-11-03 20:08:39 [INFO] ✅ Backend Running on 0.0.0.0:5000
2025-11-03 20:08:39 [INFO] 🌐 Access at: http://localhost:5000
2025-11-03 20:08:39 [INFO] ✅ MongoDB Connected Successfully (Local)
2025-11-03 20:08:39 [INFO] ✅ Database initialized
2025-11-03 20:13:36 [INFO] ✅ Backend Running on 0.0.0.0:5000
2025-11-03 20:13:36 [INFO] 🌐 Access at: http://localhost:5000
2025-11-03 20:13:36 [INFO] ✅ MongoDB Connected Successfully (Local)
2025-11-03 20:13:36 [INFO] ✅ Database initialized
2025-11-03 20:15:38 [INFO] ✅ Backend Running on 0.0.0.0:5000
2025-11-03 20:15:38 [INFO] 🌐 Access at: http://localhost:5000
2025-11-03 20:15:38 [INFO] ✅ MongoDB Connected Successfully (Local)
2025-11-03 20:15:38 [INFO] ✅ Database initialized
2025-11-03 20:20:51 [INFO] ✅ Backend Running on 0.0.0.0:5000
2025-11-03 20:20:51 [INFO] 🌐 Access at: http://localhost:5000
2025-11-03 20:20:51 [INFO] ✅ MongoDB Connected Successfully (Local)
2025-11-03 20:20:51 [INFO] ✅ Database initialized
2025-11-04 11:10:39 [INFO] ✅ Backend Running on 0.0.0.0:5000
2025-11-04 11:10:39 [INFO] 🌐 Access at: http://localhost:5000
2025-11-04 11:10:39 [INFO] ✅ MongoDB Connected Successfully (Local)
2025-11-04 11:10:39 [INFO] ✅ Database initialized
2025-11-04 11:10:49 [INFO] ✅ Backend Running on 0.0.0.0:5000
2025-11-04 11:10:49 [INFO] 🌐 Access at: http://localhost:5000
2025-11-04 11:10:49 [INFO] ✅ MongoDB Connected Successfully (Local)
2025-11-04 11:10:49 [INFO] ✅ Database initialized
2025-11-04 11:11:13 [INFO] ✅ Backend Running on 0.0.0.0:5000
2025-11-04 11:11:13 [INFO] 🌐 Access at: http://localhost:5000
2025-11-04 11:11:13 [INFO] ✅ MongoDB Connected Successfully (Local)
2025-11-04 11:11:13 [INFO] ✅ Database initialized
2025-11-04 11:11:47 [INFO] ✅ Backend Running on 0.0.0.0:5000
2025-11-04 11:11:47 [INFO] 🌐 Access at: http://localhost:5000
2025-11-04 11:11:47 [INFO] ✅ MongoDB Connected Successfully (Local)
2025-11-04 11:11:47 [INFO] ✅ Database initialized
2025-11-04 11:21:59 [INFO] ✅ Backend Running on 0.0.0.0:5000
2025-11-04 11:21:59 [INFO] 🌐 Access at: http://localhost:5000
2025-11-04 11:21:59 [INFO] ✅ MongoDB Connected Successfully (Local)
2025-11-04 11:21:59 [INFO] ✅ Database initialized
2025-11-04 11:23:22 [INFO] ✅ Backend Running on 0.0.0.0:5000
2025-11-04 11:23:22 [INFO] 🌐 Access at: http://localhost:5000
2025-11-04 11:23:22 [INFO] ✅ MongoDB Connected Successfully (Local)
2025-11-04 11:23:22 [INFO] ✅ Database initialized
2025-11-04 11:27:27 [INFO] ✅ Backend Running on 0.0.0.0:5000
2025-11-04 11:27:27 [INFO] 🌐 Access at: http://localhost:5000
2025-11-04 11:27:27 [INFO] ✅ MongoDB Connected Successfully (Local)
2025-11-04 11:27:27 [INFO] ✅ Database initialized
2025-11-04 11:34:35 [INFO] ✅ Backend Running on 0.0.0.0:5000
2025-11-04 11:34:35 [INFO] 🌐 Access at: http://localhost:5000
2025-11-04 11:34:35 [INFO] ✅ MongoDB Connected Successfully (Local)
2025-11-04 11:34:35 [INFO] ✅ Database initialized
2025-11-04 11:39:32 [INFO] ✅ Backend Running on 0.0.0.0:5000
2025-11-04 11:39:32 [INFO] 🌐 Access at: http://localhost:5000
2025-11-04 11:39:32 [INFO] ✅ MongoDB Connected Successfully (Local)
2025-11-04 11:39:32 [INFO] ✅ Database initialized
2025-11-04 11:45:09 [INFO] ✅ Backend Running on 0.0.0.0:5000
2025-11-04 11:45:09 [INFO] 🌐 Access at: http://localhost:5000
2025-11-04 11:45:09 [INFO] ✅ MongoDB Connected Successfully (Local)
2025-11-04 11:45:09 [INFO] ✅ Database initialized
2025-11-04 11:52:10 [INFO] ✅ Backend Running on 0.0.0.0:5000
2025-11-04 11:52:11 [INFO] 🌐 Access at: http://localhost:5000
2025-11-04 11:52:11 [INFO] ✅ MongoDB Connected Successfully (Local)
2025-11-04 11:52:11 [INFO] ✅ Database initialized
2025-11-04 11:55:43 [INFO] ✅ Backend Running on 0.0.0.0:5000
2025-11-04 11:55:43 [INFO] 🌐 Access at: http://localhost:5000
2025-11-04 11:55:43 [INFO] ✅ MongoDB Connected Successfully (Local)
2025-11-04 11:55:43 [INFO] ✅ Database initialized
2025-11-04 12:03:59 [INFO] ✅ Backend Running on 0.0.0.0:5000
2025-11-04 12:03:59 [INFO] 🌐 Access at: http://localhost:5000
2025-11-04 12:03:59 [INFO] ✅ MongoDB Connected Successfully (Local)
2025-11-04 12:03:59 [INFO] ✅ Database initialized
2025-11-04 12:08:00 [INFO] ✅ Backend Running on 0.0.0.0:5000
2025-11-04 12:08:00 [INFO] 🌐 Access at: http://localhost:5000
2025-11-04 12:08:00 [INFO] ✅ MongoDB Connected Successfully (Local)
2025-11-04 12:08:00 [INFO] ✅ Database initialized
2025-11-04 12:10:59 [INFO] ✅ Backend Running on 0.0.0.0:5000
2025-11-04 12:10:59 [INFO] 🌐 Access at: http://localhost:5000
2025-11-04 12:10:59 [INFO] ✅ MongoDB Connected Successfully (Local)
2025-11-04 12:10:59 [INFO] ✅ Database initialized
2025-11-04 12:36:30 [INFO] ✅ Backend Running on 0.0.0.0:5000
2025-11-04 12:36:30 [INFO] 🌐 Access at: http://localhost:5000
2025-11-04 12:36:30 [INFO] ✅ MongoDB Connected Successfully (Local)
2025-11-04 12:36:30 [INFO] ✅ Database initialized
2025-11-04 12:39:07 [INFO] ✅ Backend Running on 0.0.0.0:5000
2025-11-04 12:39:07 [INFO] 🌐 Access at: http://localhost:5000
2025-11-04 12:39:07 [INFO] ✅ MongoDB Connected Successfully (Local)
2025-11-04 12:39:07 [INFO] ✅ Database initialized
2025-11-04 12:42:59 [INFO] ✅ Backend Running on 0.0.0.0:5000
2025-11-04 12:42:59 [INFO] 🌐 Access at: http://localhost:5000
2025-11-04 12:42:59 [INFO] ✅ MongoDB Connected Successfully (Local)
2025-11-04 12:42:59 [INFO] ✅ Database initialized
2025-11-04 12:52:49 [INFO] ✅ Backend Running on 0.0.0.0:5000
2025-11-04 12:52:49 [INFO] 🌐 Access at: http://localhost:5000
2025-11-04 12:52:49 [INFO] ✅ MongoDB Connected Successfully (Local)
2025-11-04 12:52:49 [INFO] ✅ Database initialized
2025-11-04 12:57:36 [INFO] ✅ Backend Running on 0.0.0.0:5000
2025-11-04 12:57:36 [INFO] 🌐 Access at: http://localhost:5000
2025-11-04 12:57:36 [INFO] ✅ MongoDB Connected Successfully (Local)
2025-11-04 12:57:36 [INFO] ✅ Database initialized
2025-11-04 13:07:59 [INFO] ✅ Backend Running on 0.0.0.0:5000
2025-11-04 13:07:59 [INFO] 🌐 Access at: http://localhost:5000
2025-11-04 13:07:59 [INFO] ✅ MongoDB Connected Successfully (Local)
2025-11-04 13:07:59 [INFO] ✅ Database initialized
2025-11-04 13:13:56 [INFO] ✅ Backend Running on 0.0.0.0:5000
2025-11-04 13:13:56 [INFO] 🌐 Access at: http://localhost:5000
2025-11-04 13:13:56 [INFO] ✅ MongoDB Connected Successfully (Local)
2025-11-04 13:13:56 [INFO] ✅ Database initialized
2025-11-04 13:18:18 [INFO] ✅ Backend Running on 0.0.0.0:5000
2025-11-04 13:18:18 [INFO] 🌐 Access at: http://localhost:5000
2025-11-04 13:18:18 [INFO] ✅ MongoDB Connected Successfully (Local)
2025-11-04 13:18:18 [INFO] ✅ Database initialized
2025-11-05 13:08:19 [INFO] ✅ Backend Running on 0.0.0.0:5000
2025-11-05 13:08:19 [INFO] 🌐 Access at: http://localhost:5000
2025-11-05 13:08:19 [INFO] ✅ MongoDB Connected Successfully (Local)
2025-11-05 13:08:19 [INFO] ✅ Database initialized
2025-11-05 13:59:47 [INFO] ✅ Backend Running on 0.0.0.0:5000
2025-11-05 13:59:47 [INFO] 🌐 Access at: http://localhost:5000
2025-11-05 13:59:47 [INFO] ✅ MongoDB Connected Successfully (Local)
2025-11-05 13:59:47 [INFO] ✅ Database initialized
2025-11-05 14:24:09 [INFO] ✅ Backend Running on 0.0.0.0:5000
2025-11-05 14:24:09 [INFO] 🌐 Access at: http://localhost:5000
2025-11-05 14:24:09 [INFO] ✅ MongoDB Connected Successfully (Local)
2025-11-05 14:24:09 [INFO] ✅ Database initialized
2025-11-05 14:55:42 [INFO] ✅ Backend Running on 0.0.0.0:5000
2025-11-05 14:55:42 [INFO] 🌐 Access at: http://localhost:5000
2025-11-05 14:55:42 [INFO] ✅ MongoDB Connected Successfully (Local)
2025-11-05 14:55:42 [INFO] ✅ Database initialized
2025-11-05 15:13:06 [INFO] ✅ Backend Running on 0.0.0.0:5000
2025-11-05 15:13:06 [INFO] 🌐 Access at: http://localhost:5000
2025-11-05 15:13:06 [INFO] ✅ MongoDB Connected Successfully (Local)
2025-11-05 15:13:06 [INFO] ✅ Database initialized
2025-11-05 15:30:19 [INFO] ✅ Backend Running on 0.0.0.0:5000
2025-11-05 15:30:19 [INFO] 🌐 Access at: http://localhost:5000
2025-11-05 15:30:19 [INFO] ✅ MongoDB Connected Successfully (Local)
2025-11-05 15:30:19 [INFO] ✅ Database initialized
2025-11-05 15:30:43 [INFO] ✅ Backend Running on 0.0.0.0:5000
2025-11-05 15:30:43 [INFO] 🌐 Access at: http://localhost:5000
2025-11-05 15:30:43 [INFO] ✅ MongoDB Connected Successfully (Local)
2025-11-05 15:30:43 [INFO] ✅ Database initialized
2025-11-05 15:59:50 [INFO] ✅ Backend Running on 0.0.0.0:5000
2025-11-05 15:59:51 [INFO] 🌐 Access at: http://localhost:5000
2025-11-05 15:59:51 [INFO] ✅ MongoDB Connected Successfully (Local)
2025-11-05 15:59:51 [INFO] ✅ Database initialized
2025-11-05 16:08:06 [INFO] ✅ Backend Running on 0.0.0.0:5000
2025-11-05 16:08:06 [INFO] 🌐 Access at: http://localhost:5000
2025-11-05 16:08:06 [INFO] ✅ MongoDB Connected Successfully (Local)
2025-11-05 16:08:06 [INFO] ✅ Database initialized
2025-11-06 19:49:26 [INFO] ✅ Backend Running on 0.0.0.0:5000
2025-11-06 19:49:26 [INFO] 🌐 Access at: http://localhost:5000
2025-11-06 19:49:26 [INFO] ✅ MongoDB Connected Successfully (Local)
2025-11-06 19:49:26 [INFO] ✅ Database initialized
2025-11-06 20:49:05 [INFO] ✅ Backend Running on 0.0.0.0:5000
2025-11-06 20:49:05 [INFO] 🌐 Access at: http://localhost:5000
2025-11-06 20:49:05 [INFO] ✅ MongoDB Connected Successfully (Local)
2025-11-06 20:49:05 [INFO] ✅ Database initialized
2025-11-06 21:03:25 [INFO] ✅ Backend Running on 0.0.0.0:5000
2025-11-06 21:03:25 [INFO] 🌐 Access at: http://localhost:5000
2025-11-06 21:03:25 [INFO] ✅ MongoDB Connected Successfully (Local)
2025-11-06 21:03:25 [INFO] ✅ Database initialized
2025-11-06 21:22:32 [INFO] ✅ Backend Running on 0.0.0.0:5000
2025-11-06 21:22:32 [INFO] 🌐 Access at: http://localhost:5000
2025-11-06 21:22:32 [INFO] ✅ MongoDB Connected Successfully (Local)
2025-11-06 21:22:32 [INFO] ✅ Database initialized
2025-11-06 21:27:38 [INFO] ✅ Backend Running on 0.0.0.0:5000
2025-11-06 21:27:38 [INFO] 🌐 Access at: http://localhost:5000
2025-11-06 21:27:38 [INFO] ✅ MongoDB Connected Successfully (Local)
2025-11-06 21:27:38 [INFO] ✅ Database initialized
2025-11-06 21:48:23 [INFO] ✅ Backend Running on 0.0.0.0:5000
2025-11-06 21:48:23 [INFO] 🌐 Access at: http://localhost:5000
2025-11-06 21:48:23 [INFO] ✅ MongoDB Connected Successfully (Local)
2025-11-06 21:48:23 [INFO] ✅ Database initialized
2025-11-06 22:06:01 [INFO] ✅ Backend Running on 0.0.0.0:5000
2025-11-06 22:06:01 [INFO] 🌐 Access at: http://localhost:5000
2025-11-06 22:06:01 [INFO] ✅ MongoDB Connected Successfully (Local)
2025-11-06 22:06:01 [INFO] ✅ Database initialized
2025-11-07 17:32:08 [INFO] ✅ Backend Running on 0.0.0.0:5000
2025-11-07 17:32:08 [INFO] 🌐 Access at: http://localhost:5000
2025-11-07 17:32:08 [INFO] ✅ MongoDB Connected Successfully (Local)
2025-11-07 17:32:08 [INFO] ✅ Database initialized
2025-11-07 17:56:49 [INFO] ✅ Backend Running on 0.0.0.0:5000
2025-11-07 17:56:49 [INFO] 🌐 Access at: http://localhost:5000
2025-11-07 17:56:49 [INFO] ✅ MongoDB Connected Successfully (Local)
2025-11-07 17:56:49 [INFO] ✅ Database initialized
2025-11-07 18:12:38 [INFO] ✅ Backend Running on 0.0.0.0:5000
2025-11-07 18:12:38 [INFO] 🌐 Access at: http://localhost:5000
2025-11-07 18:12:38 [INFO] ✅ MongoDB Connected Successfully (Local)
2025-11-07 18:12:38 [INFO] ✅ Database initialized
2025-11-07 18:31:23 [INFO] ✅ Backend Running on 0.0.0.0:5000
2025-11-07 18:31:23 [INFO] 🌐 Access at: http://localhost:5000
2025-11-07 18:31:23 [INFO] ✅ MongoDB Connected Successfully (Local)
2025-11-07 18:31:23 [INFO] ✅ Database initialized
2025-11-07 18:37:06 [INFO] ✅ Backend Running on 0.0.0.0:5000
2025-11-07 18:37:06 [INFO] 🌐 Access at: http://localhost:5000
2025-11-07 18:37:06 [INFO] ✅ MongoDB Connected Successfully (Local)
2025-11-07 18:37:06 [INFO] ✅ Database initialized
2025-11-07 19:44:17 [INFO] ✅ Backend Running on 0.0.0.0:5000
2025-11-07 19:44:17 [INFO] 🌐 Access at: http://localhost:5000
2025-11-07 19:44:17 [INFO] ✅ MongoDB Connected Successfully (Local)
2025-11-07 19:44:17 [INFO] ✅ Database initialized
2025-11-07 19:53:39 [INFO] ✅ Backend Running on 0.0.0.0:5000
2025-11-07 19:53:39 [INFO] 🌐 Access at: http://localhost:5000
2025-11-07 19:53:39 [INFO] ✅ MongoDB Connected Successfully (Local)
2025-11-07 19:53:39 [INFO] ✅ Database initialized
2025-11-07 19:59:29 [INFO] ✅ Backend Running on 0.0.0.0:5000
2025-11-07 19:59:29 [INFO] 🌐 Access at: http://localhost:5000
2025-11-07 19:59:29 [INFO] ✅ MongoDB Connected Successfully (Local)
2025-11-07 19:59:29 [INFO] ✅ Database initialized
2025-11-07 20:05:28 [INFO] ✅ Backend Running on 0.0.0.0:5000
2025-11-07 20:05:28 [INFO] 🌐 Access at: http://localhost:5000
2025-11-07 20:05:28 [INFO] ✅ MongoDB Connected Successfully (Local)
2025-11-07 20:05:28 [INFO] ✅ Database initialized
2025-11-07 20:08:49 [INFO] ✅ Backend Running on 0.0.0.0:5000
2025-11-07 20:08:49 [INFO] 🌐 Access at: http://localhost:5000
2025-11-07 20:08:49 [INFO] ✅ MongoDB Connected Successfully (Local)
2025-11-07 20:08:49 [INFO] ✅ Database initialized
2025-11-07 20:14:16 [INFO] ✅ Backend Running on 0.0.0.0:5000
2025-11-07 20:14:16 [INFO] 🌐 Access at: http://localhost:5000
2025-11-07 20:14:16 [INFO] ✅ MongoDB Connected Successfully (Local)
2025-11-07 20:14:16 [INFO] ✅ Database initialized
2025-11-07 20:18:57 [INFO] ✅ Backend Running on 0.0.0.0:5000
2025-11-07 20:18:57 [INFO] 🌐 Access at: http://localhost:5000
2025-11-07 20:18:57 [INFO] ✅ MongoDB Connected Successfully (Local)
2025-11-07 20:18:57 [INFO] ✅ Database initialized
2025-11-08 10:35:14 [INFO] ✅ Backend Running on 0.0.0.0:5000
2025-11-08 10:35:14 [INFO] 🌐 Access at: http://localhost:5000
2025-11-08 10:35:14 [INFO] ✅ MongoDB Connected Successfully (Local)
2025-11-08 10:35:14 [INFO] ✅ Database initialized
2025-11-08 11:04:48 [INFO] ✅ Backend Running on 0.0.0.0:5000
2025-11-08 11:04:48 [INFO] 🌐 Access at: http://localhost:5000
2025-11-08 11:04:48 [INFO] ✅ MongoDB Connected Successfully (Local)
2025-11-08 11:04:48 [INFO] ✅ Database initialized
2025-11-08 11:14:42 [INFO] ✅ Backend Running on 0.0.0.0:5000
2025-11-08 11:14:42 [INFO] 🌐 Access at: http://localhost:5000
2025-11-08 11:14:42 [INFO] ✅ MongoDB Connected Successfully (Local)
2025-11-08 11:14:42 [INFO] ✅ Database initialized
2025-11-08 11:46:24 [INFO] ✅ Backend Running on 0.0.0.0:5000
2025-11-08 11:46:24 [INFO] 🌐 Access at: http://localhost:5000
2025-11-08 11:46:24 [INFO] ✅ MongoDB Connected Successfully (Local)
2025-11-08 11:46:24 [INFO] ✅ Database initialized
2025-11-08 12:10:41 [INFO] ✅ Backend Running on 0.0.0.0:5000
2025-11-08 12:10:41 [INFO] 🌐 Access at: http://localhost:5000
2025-11-08 12:10:41 [INFO] ✅ MongoDB Connected Successfully (Local)
2025-11-08 12:10:41 [INFO] ✅ Database initialized
2025-11-08 12:28:44 [INFO] ✅ Backend Running on 0.0.0.0:5000
2025-11-08 12:28:44 [INFO] 🌐 Access at: http://localhost:5000
2025-11-08 12:28:44 [INFO] ✅ MongoDB Connected Successfully (Local)
2025-11-08 12:28:44 [INFO] ✅ Database initialized
2025-11-08 12:38:48 [INFO] ✅ Backend Running on 0.0.0.0:5000
2025-11-08 12:38:48 [INFO] 🌐 Access at: http://localhost:5000
2025-11-08 12:38:48 [INFO] ✅ MongoDB Connected Successfully (Local)
2025-11-08 12:38:48 [INFO] ✅ Database initialized
2025-11-08 12:57:52 [INFO] ✅ Backend Running on 0.0.0.0:5000
2025-11-08 12:57:52 [INFO] 🌐 Access at: http://localhost:5000
2025-11-08 12:57:52 [INFO] ✅ MongoDB Connected Successfully (Local)
2025-11-08 12:57:52 [INFO] ✅ Database initialized
2025-11-08 16:57:29 [INFO] ✅ Backend Running on 0.0.0.0:5000
2025-11-08 16:57:29 [INFO] 🌐 Access at: http://localhost:5000
2025-11-08 16:57:29 [INFO] ✅ MongoDB Connected Successfully (Local)
2025-11-08 16:57:29 [INFO] ✅ Database initialized
2025-11-08 21:48:39 [INFO] ✅ Backend Running on 0.0.0.0:5000
2025-11-08 21:48:39 [INFO] 🌐 Access at: http://localhost:5000
2025-11-08 21:48:39 [INFO] ✅ MongoDB Connected Successfully (Local)
2025-11-08 21:48:39 [INFO] ✅ Database initialized
2025-11-09 11:01:32 [INFO] ✅ Backend Running on 0.0.0.0:5000
2025-11-09 11:01:32 [INFO] 🌐 Access at: http://localhost:5000
2025-11-09 11:01:32 [WARN] ⚠️  MongoDB Local connection failed: Socket 'connect' timed out after 33007ms (connectTimeoutMS: 30000)
2025-11-09 11:01:32 [ERROR] ❌ All MongoDB connection attempts failed. Set MONGO_URI_ATLAS or start local MongoDB.
2025-11-09 11:01:32 [ERROR] ❌ Database init failed: MongoDB connection failed
2025-11-09 11:02:20 [INFO] ✅ Backend Running on 0.0.0.0:5000
2025-11-09 11:02:20 [INFO] 🌐 Access at: http://localhost:5000
2025-11-09 11:02:20 [INFO] ✅ MongoDB Connected Successfully (Local)
2025-11-09 11:02:20 [INFO] ✅ Database initialized
2025-11-09 11:30:07 [INFO] ✅ Backend Running on 0.0.0.0:5000
2025-11-09 11:30:07 [INFO] 🌐 Access at: http://localhost:5000
2025-11-09 11:30:07 [INFO] ✅ MongoDB Connected Successfully (Local)
2025-11-09 11:30:07 [INFO] ✅ Database initialized
2025-11-09 11:32:38 [INFO] ✅ Backend Running on 0.0.0.0:5000
2025-11-09 11:32:38 [INFO] 🌐 Access at: http://localhost:5000
2025-11-09 11:32:38 [INFO] ✅ MongoDB Connected Successfully (Local)
2025-11-09 11:32:38 [INFO] ✅ Database initialized
2025-11-09 11:44:34 [INFO] ✅ Backend Running on 0.0.0.0:5000
2025-11-09 11:44:34 [INFO] 🌐 Access at: http://localhost:5000
2025-11-09 11:44:34 [INFO] ✅ MongoDB Connected Successfully (Local)
2025-11-09 11:44:34 [INFO] ✅ Database initialized
2025-11-09 11:54:04 [INFO] ✅ Backend Running on 0.0.0.0:5000
2025-11-09 11:54:04 [INFO] 🌐 Access at: http://localhost:5000
2025-11-09 11:54:04 [INFO] ✅ MongoDB Connected Successfully (Local)
2025-11-09 11:54:04 [INFO] ✅ Database initialized
2025-11-09 12:10:18 [INFO] ✅ Backend Running on 0.0.0.0:5000
2025-11-09 12:10:18 [INFO] 🌐 Access at: http://localhost:5000
2025-11-09 12:10:18 [INFO] ✅ MongoDB Connected Successfully (Local)
2025-11-09 12:10:18 [INFO] ✅ Database initialized
2025-11-09 12:29:51 [INFO] ✅ Backend Running on 0.0.0.0:5000
2025-11-09 12:29:51 [INFO] 🌐 Access at: http://localhost:5000
2025-11-09 12:29:51 [INFO] ✅ MongoDB Connected Successfully (Local)
2025-11-09 12:29:51 [INFO] ✅ Database initialized
2025-11-09 12:32:54 [INFO] ✅ Backend Running on 0.0.0.0:5000
2025-11-09 12:32:54 [INFO] 🌐 Access at: http://localhost:5000
2025-11-09 12:32:54 [INFO] ✅ MongoDB Connected Successfully (Local)
2025-11-09 12:32:54 [INFO] ✅ Database initialized
2025-11-09 12:38:47 [INFO] ✅ Backend Running on 0.0.0.0:5000
2025-11-09 12:38:47 [INFO] 🌐 Access at: http://localhost:5000
2025-11-09 12:38:47 [INFO] ✅ MongoDB Connected Successfully (Local)
2025-11-09 12:38:47 [INFO] ✅ Database initialized
2025-11-09 12:44:21 [INFO] ✅ Backend Running on 0.0.0.0:5000
2025-11-09 12:44:21 [INFO] 🌐 Access at: http://localhost:5000
2025-11-09 12:44:21 [INFO] ✅ MongoDB Connected Successfully (Local)
2025-11-09 12:44:21 [INFO] ✅ Database initialized
2025-11-09 13:08:17 [INFO] ✅ Backend Running on 0.0.0.0:5000
2025-11-09 13:08:17 [INFO] 🌐 Access at: http://localhost:5000
2025-11-09 13:08:17 [INFO] ✅ MongoDB Connected Successfully (Local)
2025-11-09 13:08:17 [INFO] ✅ Database initialized
2025-11-09 15:15:41 [INFO] ✅ Backend Running on 0.0.0.0:5000
2025-11-09 15:15:41 [INFO] 🌐 Access at: http://localhost:5000
2025-11-09 15:15:41 [INFO] ✅ MongoDB Connected Successfully (Local)
2025-11-09 15:15:41 [INFO] ✅ Database initialized
2025-11-09 15:24:46 [INFO] ✅ Backend Running on 0.0.0.0:5000
2025-11-09 15:24:46 [INFO] 🌐 Access at: http://localhost:5000
2025-11-09 15:24:46 [INFO] ✅ MongoDB Connected Successfully (Local)
2025-11-09 15:24:46 [INFO] ✅ Database initialized
2025-11-09 15:32:55 [INFO] ✅ Backend Running on 0.0.0.0:5000
2025-11-09 15:32:55 [INFO] 🌐 Access at: http://localhost:5000
2025-11-09 15:32:55 [INFO] ✅ MongoDB Connected Successfully (Local)
2025-11-09 15:32:55 [INFO] ✅ Database initialized
2025-11-09 18:03:12 [INFO] ✅ Backend Running on 0.0.0.0:5000
2025-11-09 18:03:12 [INFO] 🌐 Access at: http://localhost:5000
2025-11-09 18:03:12 [INFO] ✅ MongoDB Connected Successfully (Local)
2025-11-09 18:03:12 [INFO] ✅ Database initialized
2025-11-09 18:06:17 [INFO] ✅ Backend Running on 0.0.0.0:5000
2025-11-09 18:06:17 [INFO] 🌐 Access at: http://localhost:5000
2025-11-09 18:06:17 [INFO] ✅ MongoDB Connected Successfully (Local)
2025-11-09 18:06:17 [INFO] ✅ Database initialized
2025-11-09 18:10:01 [INFO] ✅ Backend Running on 0.0.0.0:5000
2025-11-09 18:10:01 [INFO] 🌐 Access at: http://localhost:5000
2025-11-09 18:10:01 [INFO] ✅ MongoDB Connected Successfully (Local)
2025-11-09 18:10:01 [INFO] ✅ Database initialized
2025-11-09 18:22:36 [INFO] ✅ Backend Running on 0.0.0.0:5000
2025-11-09 18:22:36 [INFO] 🌐 Access at: http://localhost:5000
2025-11-09 18:22:36 [INFO] ✅ MongoDB Connected Successfully (Local)
2025-11-09 18:22:36 [INFO] ✅ Database initialized
2025-11-09 18:27:47 [INFO] ✅ Backend Running on 0.0.0.0:5000
2025-11-09 18:27:47 [INFO] 🌐 Access at: http://localhost:5000
2025-11-09 18:27:47 [INFO] ✅ MongoDB Connected Successfully (Local)
2025-11-09 18:27:47 [INFO] ✅ Database initialized
2025-11-09 18:30:29 [INFO] ✅ Backend Running on 0.0.0.0:5000
2025-11-09 18:30:29 [INFO] 🌐 Access at: http://localhost:5000
2025-11-09 18:30:29 [INFO] ✅ MongoDB Connected Successfully (Local)
2025-11-09 18:30:29 [INFO] ✅ Database initialized
2025-11-09 18:52:30 [INFO] ✅ Backend Running on 0.0.0.0:5000
2025-11-09 18:52:30 [INFO] 🌐 Access at: http://localhost:5000
2025-11-09 18:52:30 [INFO] ✅ MongoDB Connected Successfully (Local)
2025-11-09 18:52:30 [INFO] ✅ Database initialized
2025-11-09 18:58:03 [INFO] ✅ Backend Running on 0.0.0.0:5000
2025-11-09 18:58:03 [INFO] 🌐 Access at: http://localhost:5000
2025-11-09 18:58:03 [INFO] ✅ MongoDB Connected Successfully (Local)
2025-11-09 18:58:03 [INFO] ✅ Database initialized
2025-11-09 19:40:56 [INFO] ✅ Backend Running on 0.0.0.0:5000
2025-11-09 19:40:56 [INFO] 🌐 Access at: http://localhost:5000
2025-11-09 19:40:56 [INFO] ✅ MongoDB Connected Successfully (Local)
2025-11-09 19:40:56 [INFO] ✅ Database initialized
2025-11-09 19:43:17 [INFO] ✅ Backend Running on 0.0.0.0:5001
2025-11-09 19:43:17 [INFO] 🌐 Access at: http://localhost:5001
2025-11-09 19:43:17 [INFO] ✅ MongoDB Connected Successfully (Local)
2025-11-09 19:43:17 [INFO] ✅ Database initialized
2025-11-09 19:45:28 [INFO] ✅ Backend Running on 0.0.0.0:5002
2025-11-09 19:45:28 [INFO] 🌐 Access at: http://localhost:5002
2025-11-09 19:45:28 [INFO] ✅ MongoDB Connected Successfully (Local)
2025-11-09 19:45:28 [INFO] ✅ Database initialized
2025-11-09 19:46:37 [INFO] ✅ Backend Running on 0.0.0.0:5003
2025-11-09 19:46:37 [INFO] 🌐 Access at: http://localhost:5003
2025-11-09 19:46:37 [INFO] ✅ MongoDB Connected Successfully (Local)
2025-11-09 19:46:37 [INFO] ✅ Database initialized
2025-11-09 19:48:24 [INFO] ✅ Backend Running on 0.0.0.0:5004
2025-11-09 19:48:25 [INFO] 🌐 Access at: http://localhost:5004
2025-11-09 19:48:25 [INFO] ✅ MongoDB Connected Successfully (Local)
2025-11-09 19:48:25 [INFO] ✅ Database initialized
2025-11-09 19:54:19 [INFO] ✅ Backend Running on 0.0.0.0:5000
2025-11-09 19:54:19 [INFO] 🌐 Access at: http://localhost:5000
2025-11-09 19:54:19 [INFO] ✅ MongoDB Connected Successfully (Local)
2025-11-09 19:54:19 [INFO] ✅ Database initialized
2025-11-09 20:15:34 [INFO] ✅ Backend Running on 0.0.0.0:5002
2025-11-09 20:15:34 [INFO] 🌐 Access at: http://localhost:5002
2025-11-09 20:15:34 [INFO] ✅ MongoDB Connected Successfully (Local)
2025-11-09 20:15:34 [INFO] ✅ Database initialized
2025-11-09 20:16:04 [INFO] ✅ Backend Running on 0.0.0.0:5000
2025-11-09 20:16:04 [INFO] 🌐 Access at: http://localhost:5000
2025-11-09 20:16:04 [INFO] ✅ MongoDB Connected Successfully (Local)
2025-11-09 20:16:04 [INFO] ✅ Database initialized
2025-11-09 20:18:37 [INFO] ✅ Backend Running on 0.0.0.0:5002
2025-11-09 20:18:37 [INFO] 🌐 Access at: http://localhost:5002
2025-11-09 20:18:37 [INFO] ✅ MongoDB Connected Successfully (Local)
2025-11-09 20:18:37 [INFO] ✅ Database initialized
2025-11-09 20:19:08 [INFO] ✅ Backend Running on 0.0.0.0:5000
2025-11-09 20:19:08 [INFO] 🌐 Access at: http://localhost:5000
2025-11-09 20:19:08 [INFO] ✅ MongoDB Connected Successfully (Local)
2025-11-09 20:19:08 [INFO] ✅ Database initialized
2025-11-10 14:02:37 [INFO] ✅ Backend Running on 0.0.0.0:5000
2025-11-10 14:02:37 [INFO] 🌐 Access at: http://localhost:5000
2025-11-10 14:02:37 [INFO] ✅ MongoDB Connected Successfully (Local)
2025-11-10 14:02:37 [INFO] ✅ Database initialized
2025-11-10 14:17:48 [INFO] ✅ Loaded route: /api/auth
2025-11-10 14:17:48 [INFO] ✅ Loaded route: /api/dreams
2025-11-10 14:17:49 [INFO] ✅ Loaded route: /api/chatbot
2025-11-10 14:17:49 [INFO] ✅ Loaded route: /api/community
2025-11-10 14:17:49 [INFO] ✅ Loaded route: /api/feedback
2025-11-10 14:17:49 [INFO] ✅ Loaded route: /api/analytics
2025-11-10 14:17:50 [INFO] ✅ Loaded route: /api/dream-diary
2025-11-10 14:17:50 [INFO] ✅ Loaded route: /api/recent-activity
2025-11-10 14:17:50 [INFO] ✅ Loaded route: /api/activity
2025-11-10 14:17:52 [INFO] ✅ Loaded route: /api/generate-image
2025-11-10 14:17:57 [INFO] ✅ Backend Running on 0.0.0.0:5000
2025-11-10 14:17:57 [INFO] 🌐 Access at: http://localhost:5000
2025-11-10 14:17:57 [INFO] ✅ MongoDB Connected Successfully (Local)
2025-11-10 14:17:57 [INFO] ✅ Database initialized
2025-11-10 14:23:46 [INFO] ✅ Loaded route: /api/auth
2025-11-10 14:23:46 [INFO] ✅ Loaded route: /api/dreams
2025-11-10 14:23:46 [INFO] ✅ Loaded route: /api/chatbot
2025-11-10 14:23:46 [INFO] ✅ Loaded route: /api/community
2025-11-10 14:23:46 [INFO] ✅ Loaded route: /api/feedback
2025-11-10 14:23:46 [INFO] ✅ Loaded route: /api/analytics
2025-11-10 14:23:46 [INFO] ✅ Loaded route: /api/dream-diary
2025-11-10 14:23:46 [INFO] ✅ Loaded route: /api/recent-activity
2025-11-10 14:23:46 [INFO] ✅ Loaded route: /api/activity
2025-11-10 14:23:46 [INFO] ✅ Loaded route: /api/generate-image
2025-11-10 14:23:46 [INFO] ✅ Backend Running on 0.0.0.0:5000
2025-11-10 14:23:46 [INFO] 🌐 Access at: http://localhost:5000
2025-11-10 14:23:46 [INFO] ✅ MongoDB Connected Successfully (Local)
2025-11-10 14:23:46 [INFO] ✅ Database initialized
2025-11-10 14:25:38 [INFO] [Image Generation] Request received - Prompt: "A serene lakeside at sunset with mountains in the background"
2025-11-10 14:25:38 [INFO] [Image Generation] Attempting to generate fallback SVG
2025-11-10 14:25:38 [INFO] [Image Generation] Fallback SVG generated: C:\Users\amash\OneDrive\Desktop\DREAM ANALYZER\DREAM ANALYZER\server\temp-images\c15a567e-021f-4f24-b8e4-4bade68b3fa2.svg
2025-11-10 14:33:04 [INFO] ✅ Loaded route: /api/auth
2025-11-10 14:33:04 [INFO] ✅ Loaded route: /api/dreams
2025-11-10 14:33:04 [INFO] ✅ Loaded route: /api/chatbot
2025-11-10 14:33:04 [INFO] ✅ Loaded route: /api/community
2025-11-10 14:33:04 [INFO] ✅ Loaded route: /api/feedback
2025-11-10 14:33:04 [INFO] ✅ Loaded route: /api/analytics
2025-11-10 14:33:04 [INFO] ✅ Loaded route: /api/dream-diary
2025-11-10 14:33:04 [INFO] ✅ Loaded route: /api/recent-activity
2025-11-10 14:33:04 [INFO] ✅ Loaded route: /api/activity
2025-11-10 14:33:04 [INFO] ✅ Loaded route: /api/generate-image
2025-11-10 14:33:04 [INFO] ✅ Backend Running on 0.0.0.0:5000
2025-11-10 14:33:04 [INFO] 🌐 Access at: http://localhost:5000
2025-11-10 14:33:04 [INFO] ✅ MongoDB Connected Successfully (Local)
2025-11-10 14:33:04 [INFO] ✅ Database initialized
2025-11-10 14:33:29 [INFO] [Image Generation] Request received - Prompt: "A serene lakeside at sunset with mountains in the background"
2025-11-10 14:33:29 [INFO] [Image Generation] Attempting to generate fallback SVG
2025-11-10 14:33:29 [INFO] [Image Generation] Fallback SVG generated: C:\Users\amash\OneDrive\Desktop\DREAM ANALYZER\DREAM ANALYZER\server\temp-images\1a1325cd-c655-4dd8-86e5-2017f7dfaddf.svg
2025-11-10 14:41:11 [INFO] ✅ Loaded route: /api/auth
2025-11-10 14:41:11 [INFO] ✅ Loaded route: /api/dreams
2025-11-10 14:41:11 [INFO] ✅ Loaded route: /api/chatbot
2025-11-10 14:41:11 [INFO] ✅ Loaded route: /api/community
2025-11-10 14:41:11 [INFO] ✅ Loaded route: /api/feedback
2025-11-10 14:41:11 [INFO] ✅ Loaded route: /api/analytics
2025-11-10 14:41:11 [INFO] ✅ Loaded route: /api/dream-diary
2025-11-10 14:41:11 [INFO] ✅ Loaded route: /api/recent-activity
2025-11-10 14:41:11 [INFO] ✅ Loaded route: /api/activity
2025-11-10 14:41:11 [INFO] ✅ Loaded route: /api/generate-image
2025-11-10 14:41:11 [INFO] ✅ Backend Running on 0.0.0.0:5000
2025-11-10 14:41:11 [INFO] 🌐 Access at: http://localhost:5000
2025-11-10 14:41:11 [INFO] ✅ MongoDB Connected Successfully (Local)
2025-11-10 14:41:11 [INFO] ✅ Database initialized
2025-11-10 14:41:39 [INFO] [Image Generation] Request received - Prompt: "A serene lakeside at sunset with mountains in the background"
2025-11-10 14:41:39 [INFO] [Image Generation] Image generated successfully: /temp-images/8814cd8e-0c76-4682-8d43-8990d9afd113.svg+xml
2025-11-10 14:44:22 [INFO] ✅ Loaded route: /api/auth
2025-11-10 14:44:22 [INFO] ✅ Loaded route: /api/dreams
2025-11-10 14:44:22 [INFO] ✅ Loaded route: /api/chatbot
2025-11-10 14:44:22 [INFO] ✅ Loaded route: /api/community
2025-11-10 14:44:22 [INFO] ✅ Loaded route: /api/feedback
2025-11-10 14:44:22 [INFO] ✅ Loaded route: /api/analytics
2025-11-10 14:44:22 [INFO] ✅ Loaded route: /api/dream-diary
2025-11-10 14:44:22 [INFO] ✅ Loaded route: /api/recent-activity
2025-11-10 14:44:22 [INFO] ✅ Loaded route: /api/activity
2025-11-10 14:44:22 [INFO] ✅ Loaded route: /api/generate-image
2025-11-10 14:44:22 [INFO] ✅ Backend Running on 0.0.0.0:5000
2025-11-10 14:44:22 [INFO] 🌐 Access at: http://localhost:5000
2025-11-10 14:44:22 [INFO] ✅ MongoDB Connected Successfully (Local)
2025-11-10 14:44:22 [INFO] ✅ Database initialized
2025-11-10 14:44:36 [INFO] [Image Generation] Request received - Prompt: "A serene lakeside at sunset with mountains in the background"
2025-11-10 14:44:45 [INFO] [Image Generation] Image generated successfully: /temp-images/fd1326ea-2f4e-4a0a-8423-b175df3f58c4.png
2025-11-10 14:54:54 [INFO] ✅ Loaded route: /api/auth
2025-11-10 14:54:54 [INFO] ✅ Loaded route: /api/dreams
2025-11-10 14:54:54 [INFO] ✅ Loaded route: /api/chatbot
2025-11-10 14:54:54 [INFO] ✅ Loaded route: /api/community
2025-11-10 14:54:54 [INFO] ✅ Loaded route: /api/feedback
2025-11-10 14:54:54 [INFO] ✅ Loaded route: /api/analytics
2025-11-10 14:54:54 [INFO] ✅ Loaded route: /api/dream-diary
2025-11-10 14:54:54 [INFO] ✅ Loaded route: /api/recent-activity
2025-11-10 14:54:54 [INFO] ✅ Loaded route: /api/activity
2025-11-10 14:54:54 [INFO] ✅ Loaded route: /api/generate-image
2025-11-10 14:54:55 [INFO] ✅ Backend Running on 0.0.0.0:5000
2025-11-10 14:54:55 [INFO] 🌐 Access at: http://localhost:5000
2025-11-10 14:54:55 [INFO] ✅ MongoDB Connected Successfully (Local)
2025-11-10 14:54:55 [INFO] ✅ Database initialized
2025-11-10 14:57:33 [INFO] [Image Generation] Request received - Prompt: "i saw  god"
2025-11-10 14:57:41 [INFO] [Image Generation] Image generated successfully: /temp-images/bd79c1d7-bd63-42d5-bf87-4969d8f2b623.png
2025-11-10 14:57:47 [INFO] [Image Generation] Request received - Prompt: "i saw  god"
2025-11-10 15:01:23 [INFO] ✅ Loaded route: /api/auth
2025-11-10 15:01:23 [INFO] ✅ Loaded route: /api/dreams
2025-11-10 15:01:23 [INFO] ✅ Loaded route: /api/chatbot
2025-11-10 15:01:23 [INFO] ✅ Loaded route: /api/community
2025-11-10 15:01:23 [INFO] ✅ Loaded route: /api/feedback
2025-11-10 15:01:23 [INFO] ✅ Loaded route: /api/analytics
2025-11-10 15:01:23 [INFO] ✅ Loaded route: /api/dream-diary
2025-11-10 15:01:23 [INFO] ✅ Loaded route: /api/recent-activity
2025-11-10 15:01:23 [INFO] ✅ Loaded route: /api/activity
2025-11-10 15:01:23 [INFO] ✅ Loaded route: /api/generate-image
2025-11-10 15:01:23 [INFO] ✅ Backend Running on 0.0.0.0:5000
2025-11-10 15:01:23 [INFO] 🌐 Access at: http://localhost:5000
2025-11-10 15:01:23 [INFO] ✅ MongoDB Connected Successfully (Local)
2025-11-10 15:01:23 [INFO] ✅ Database initialized
2025-11-10 15:02:45 [INFO] [Image Generation] Request received - Prompt: "i saw god in my dream"
2025-11-10 15:02:53 [INFO] [Image Generation] Image generated successfully: /temp-images/35194d33-c3ce-4ac6-8c0d-fb293e16739f.png
2025-11-10 15:17:30 [INFO] ✅ Loaded route: /api/auth
2025-11-10 15:17:30 [INFO] ✅ Loaded route: /api/dreams
2025-11-10 15:17:30 [INFO] ✅ Loaded route: /api/chatbot
2025-11-10 15:17:30 [INFO] ✅ Loaded route: /api/community
2025-11-10 15:17:30 [INFO] ✅ Loaded route: /api/feedback
2025-11-10 15:17:30 [INFO] ✅ Loaded route: /api/analytics
2025-11-10 15:17:30 [INFO] ✅ Loaded route: /api/dream-diary
2025-11-10 15:17:30 [INFO] ✅ Loaded route: /api/recent-activity
2025-11-10 15:17:30 [INFO] ✅ Loaded route: /api/activity
2025-11-10 15:17:30 [INFO] ✅ Loaded route: /api/generate-image
2025-11-10 15:17:31 [INFO] ✅ Backend Running on 0.0.0.0:5000
2025-11-10 15:17:31 [INFO] 🌐 Access at: http://localhost:5000
2025-11-10 15:17:31 [INFO] ✅ MongoDB Connected Successfully (Local)
2025-11-10 15:17:31 [INFO] ✅ Database initialized
2025-11-10 15:23:30 [INFO] ✅ Loaded route: /api/auth
2025-11-10 15:23:30 [INFO] ✅ Loaded route: /api/dreams
2025-11-10 15:23:30 [INFO] ✅ Loaded route: /api/chatbot
2025-11-10 15:23:30 [INFO] ✅ Loaded route: /api/community
2025-11-10 15:23:30 [INFO] ✅ Loaded route: /api/feedback
2025-11-10 15:23:30 [INFO] ✅ Loaded route: /api/analytics
2025-11-10 15:23:30 [INFO] ✅ Loaded route: /api/dream-diary
2025-11-10 15:23:30 [INFO] ✅ Loaded route: /api/recent-activity
2025-11-10 15:23:30 [INFO] ✅ Loaded route: /api/activity
2025-11-10 15:23:30 [INFO] ✅ Loaded route: /api/generate-image
2025-11-10 15:23:31 [INFO] ✅ Backend Running on 0.0.0.0:5000
2025-11-10 15:23:31 [INFO] 🌐 Access at: http://localhost:5000
2025-11-10 15:23:31 [INFO] ✅ MongoDB Connected Successfully (Local)
2025-11-10 15:23:31 [INFO] ✅ Database initialized
2025-11-10 15:25:24 [INFO] ✅ Loaded route: /api/auth
2025-11-10 15:25:24 [INFO] ✅ Loaded route: /api/dreams
2025-11-10 15:25:24 [INFO] ✅ Loaded route: /api/chatbot
2025-11-10 15:25:25 [INFO] ✅ Loaded route: /api/community
2025-11-10 15:25:25 [INFO] ✅ Loaded route: /api/feedback
2025-11-10 15:25:25 [INFO] ✅ Loaded route: /api/analytics
2025-11-10 15:25:25 [INFO] ✅ Loaded route: /api/dream-diary
2025-11-10 15:25:25 [INFO] ✅ Loaded route: /api/recent-activity
2025-11-10 15:25:25 [INFO] ✅ Loaded route: /api/activity
2025-11-10 15:25:25 [INFO] ✅ Loaded route: /api/generate-image
2025-11-10 15:25:25 [INFO] ✅ Backend Running on 0.0.0.0:5000
2025-11-10 15:25:25 [INFO] 🌐 Access at: http://localhost:5000
2025-11-10 15:25:25 [INFO] ✅ MongoDB Connected Successfully (Local)
2025-11-10 15:25:25 [INFO] ✅ Database initialized
2025-11-10 15:26:41 [INFO] [Image Generation] Request received - Prompt: "i saw god (daiva)"
2025-11-10 15:26:51 [INFO] [Image Generation] Image generated successfully: /temp-images/5d0a0a41-18db-489c-bf5a-2c6879f8edd0.png
2025-11-10 15:31:21 [INFO] ✅ Loaded route: /api/auth
2025-11-10 15:31:21 [INFO] ✅ Loaded route: /api/dreams
2025-11-10 15:31:21 [INFO] ✅ Loaded route: /api/chatbot
2025-11-10 15:31:21 [INFO] ✅ Loaded route: /api/community
2025-11-10 15:31:21 [INFO] ✅ Loaded route: /api/feedback
2025-11-10 15:31:21 [INFO] ✅ Loaded route: /api/analytics
2025-11-10 15:31:21 [INFO] ✅ Loaded route: /api/dream-diary
2025-11-10 15:31:21 [INFO] ✅ Loaded route: /api/recent-activity
2025-11-10 15:31:21 [INFO] ✅ Loaded route: /api/activity
2025-11-10 15:31:21 [INFO] ✅ Loaded route: /api/generate-image
2025-11-10 15:31:21 [INFO] ✅ Backend Running on 0.0.0.0:5000
2025-11-10 15:31:21 [INFO] 🌐 Access at: http://localhost:5000
2025-11-10 15:31:21 [INFO] ✅ MongoDB Connected Successfully (Local)
2025-11-10 15:31:21 [INFO] ✅ Database initialized
2025-11-10 15:32:38 [INFO] [Image Generation] Request received - Prompt: "i saw god(daiva) in my dream"
2025-11-10 15:33:06 [INFO] [Image Generation] Image generated successfully: /temp-images/9c30b851-c6b5-48b9-a90c-1950d5057579.png
2025-11-10 15:36:59 [INFO] [Image Generation] Request received - Prompt: "i was very scared when i saw god in dream first"
2025-11-10 15:37:07 [INFO] [Image Generation] Image generated successfully: /temp-images/b039406f-183f-4182-b9c5-e49494377c1e.png
2025-11-10 15:41:45 [INFO] [Image Generation] Request received - Prompt: "i saw dog in road"
2025-11-10 15:41:53 [INFO] [Image Generation] Image generated successfully: /temp-images/3d787e76-eebe-475b-a8eb-6bf22af52a5f.png
2025-11-10 15:46:41 [INFO] [Image Generation] Request received - Prompt: "me and my boyfriend doing trecking in hills"
2025-11-10 15:46:48 [INFO] [Image Generation] Image generated successfully: /temp-images/bd880c63-56b7-445e-b859-d7691e517eb8.png
2025-11-10 15:58:21 [INFO] ✅ Loaded route: /api/auth
2025-11-10 15:58:22 [INFO] ✅ Loaded route: /api/dreams
2025-11-10 15:58:22 [INFO] ✅ Loaded route: /api/chatbot
2025-11-10 15:58:22 [INFO] ✅ Loaded route: /api/community
2025-11-10 15:58:22 [INFO] ✅ Loaded route: /api/feedback
2025-11-10 15:58:22 [INFO] ✅ Loaded route: /api/analytics
2025-11-10 15:58:22 [INFO] ✅ Loaded route: /api/dream-diary
2025-11-10 15:58:22 [INFO] ✅ Loaded route: /api/recent-activity
2025-11-10 15:58:22 [INFO] ✅ Loaded route: /api/activity
2025-11-10 15:58:22 [INFO] ✅ Loaded route: /api/generate-image
2025-11-10 15:58:22 [INFO] ✅ Backend Running on 0.0.0.0:5000
2025-11-10 15:58:22 [INFO] 🌐 Access at: http://localhost:5000
2025-11-10 15:58:22 [INFO] ✅ MongoDB Connected Successfully (Local)
2025-11-10 15:58:22 [INFO] ✅ Database initialized
2025-11-10 15:59:24 [INFO] [Image Generation] Request received - Prompt: "i was eating momos"
2025-11-10 15:59:34 [INFO] [Image Generation] Image generated successfully: /temp-images/9a0a62f5-24eb-4ccf-82cc-7c3823f13c69.png
2025-11-10 16:07:51 [INFO] ✅ Loaded route: /api/auth
2025-11-10 16:07:54 [INFO] ✅ Loaded route: /api/dreams
2025-11-10 16:07:55 [INFO] ✅ Loaded route: /api/chatbot
2025-11-10 16:07:55 [INFO] ✅ Loaded route: /api/community
2025-11-10 16:07:55 [INFO] ✅ Loaded route: /api/feedback
2025-11-10 16:07:55 [INFO] ✅ Loaded route: /api/analytics
2025-11-10 16:07:55 [INFO] ✅ Loaded route: /api/dream-diary
2025-11-10 16:07:55 [INFO] ✅ Loaded route: /api/recent-activity
2025-11-10 16:07:55 [INFO] ✅ Loaded route: /api/activity
2025-11-10 16:07:56 [INFO] ✅ Loaded route: /api/generate-image
2025-11-10 16:07:57 [INFO] ✅ Backend Running on 0.0.0.0:5000
2025-11-10 16:07:57 [INFO] 🌐 Access at: http://localhost:5000
2025-11-10 16:07:57 [INFO] ✅ MongoDB Connected Successfully (Local)
2025-11-10 16:07:57 [INFO] ✅ Database initialized
2025-11-10 16:09:23 [INFO] [Image Generation] Request received - Prompt: "i was flying in the sky"
2025-11-10 16:09:40 [INFO] [Image Generation] Image generated successfully: /temp-images/739ad457-6a89-48fa-ad03-23e95af247ac.png
2025-11-10 16:10:52 [INFO] [Image Generation] Request received - Prompt: "me and my family went vacation on summer"
2025-11-10 16:10:59 [INFO] [Image Generation] Image generated successfully: /temp-images/fd7242ba-cd85-4dcf-a9da-b7513dd905a5.png
2025-11-10 16:12:13 [INFO] [Image Generation] Request received - Prompt: "i dreamed of  buying laptop"
2025-11-10 16:12:19 [INFO] [Image Generation] Image generated successfully: /temp-images/6ec920fc-37a3-45e7-a5c6-f5c7415be556.png
2025-11-10 16:13:07 [INFO] [Image Generation] Request received - Prompt: "my boyfriend buying laptop"
2025-11-10 16:13:14 [INFO] [Image Generation] Image generated successfully: /temp-images/5000e42d-4896-4321-84c5-7ff86027fdef.png
2025-11-10 16:14:21 [INFO] [Image Generation] Request received - Prompt: "me and my bf went shop to buy laptop in my dream"
2025-11-10 16:14:29 [INFO] [Image Generation] Image generated successfully: /temp-images/051e42ef-eabe-4ac4-8de4-cce5d040102b.png
2025-11-10 16:15:52 [INFO] [Image Generation] Request received - Prompt: "two tigers were fighting in my dream"
2025-11-10 16:16:00 [INFO] [Image Generation] Image generated successfully: /temp-images/3700ab75-17c6-490b-9c66-e97cc61a4489.png
2025-11-10 16:17:50 [INFO] [Image Generation] Request received - Prompt: "my boyfriend was dancing when he bought laptop"
2025-11-10 16:17:59 [INFO] [Image Generation] Image generated successfully: /temp-images/8986fbd7-adc8-45ae-a9cb-3d512972c1ce.png
2025-11-10 16:19:36 [INFO] [Image Generation] Request received - Prompt: "my boyfriend dancing holding laptop"
2025-11-10 16:19:43 [INFO] [Image Generation] Image generated successfully: /temp-images/a48feef0-fc9f-41b3-aee1-844e7817851d.png
2025-11-10 18:26:45 [INFO] ✅ Loaded route: /api/auth
2025-11-10 18:26:49 [INFO] ✅ Loaded route: /api/dreams
2025-11-10 18:26:50 [INFO] ✅ Loaded route: /api/chatbot
2025-11-10 18:26:50 [INFO] ✅ Loaded route: /api/community
2025-11-10 18:26:50 [INFO] ✅ Loaded route: /api/feedback
2025-11-10 18:26:50 [INFO] ✅ Loaded route: /api/analytics
2025-11-10 18:26:50 [INFO] ✅ Loaded route: /api/dream-diary
2025-11-10 18:26:50 [INFO] ✅ Loaded route: /api/recent-activity
2025-11-10 18:26:50 [INFO] ✅ Loaded route: /api/activity
2025-11-10 18:26:52 [INFO] ✅ Loaded route: /api/generate-image
2025-11-10 18:26:55 [INFO] ✅ Backend Running on 0.0.0.0:5000
2025-11-10 18:26:55 [INFO] 🌐 Access at: http://localhost:5000
2025-11-10 18:26:55 [INFO] ✅ MongoDB Connected Successfully (Local)
2025-11-10 18:26:55 [INFO] ✅ Database initialized
2025-11-10 18:30:03 [INFO] [Image Generation] Request received - Prompt: "i was swimming"
2025-11-10 18:30:12 [INFO] [Image Generation] Image generated successfully: /temp-images/4716c9a5-132a-45aa-b6eb-7f437f700eb2.png
2025-11-12 12:45:42 [INFO] ✅ Loaded route: /api/auth
2025-11-12 12:45:42 [INFO] ✅ Loaded route: /api/dreams
2025-11-12 12:45:42 [INFO] ✅ Loaded route: /api/chatbot
2025-11-12 12:45:42 [INFO] ✅ Loaded route: /api/community
2025-11-12 12:45:42 [INFO] ✅ Loaded route: /api/feedback
2025-11-12 12:45:42 [INFO] ✅ Loaded route: /api/analytics
2025-11-12 12:45:42 [INFO] ✅ Loaded route: /api/dream-diary
2025-11-12 12:45:42 [INFO] ✅ Loaded route: /api/recent-activity
2025-11-12 12:45:42 [INFO] ✅ Loaded route: /api/activity
2025-11-12 12:45:42 [INFO] ✅ Loaded route: /api/generate-image
2025-11-12 12:45:42 [INFO] ✅ Backend Running on 0.0.0.0:5000
2025-11-12 12:45:42 [INFO] 🌐 Access at: http://localhost:5000
2025-11-12 12:45:42 [INFO] ✅ MongoDB Connected Successfully (Local)
2025-11-12 12:45:42 [INFO] ✅ Database initialized
2025-11-12 12:46:51 [INFO] ✅ Loaded route: /api/auth
2025-11-12 12:46:51 [INFO] ✅ Loaded route: /api/dreams
2025-11-12 12:46:51 [INFO] ✅ Loaded route: /api/chatbot
2025-11-12 12:46:51 [INFO] ✅ Loaded route: /api/community
2025-11-12 12:46:51 [INFO] ✅ Loaded route: /api/feedback
2025-11-12 12:46:51 [INFO] ✅ Loaded route: /api/analytics
2025-11-12 12:46:51 [INFO] ✅ Loaded route: /api/dream-diary
2025-11-12 12:46:51 [INFO] ✅ Loaded route: /api/recent-activity
2025-11-12 12:46:51 [INFO] ✅ Loaded route: /api/activity
2025-11-12 12:46:51 [INFO] ✅ Loaded route: /api/generate-image
2025-11-12 12:46:51 [INFO] ✅ Backend Running on 0.0.0.0:5000
2025-11-12 12:46:51 [INFO] 🌐 Access at: http://localhost:5000
2025-11-12 12:46:51 [INFO] ✅ MongoDB Connected Successfully (Local)
2025-11-12 12:46:51 [INFO] ✅ Database initialized
2025-11-12 12:51:50 [INFO] ✅ Loaded route: /api/auth
2025-11-12 12:51:50 [INFO] ✅ Loaded route: /api/dreams
2025-11-12 12:51:50 [INFO] ✅ Loaded route: /api/chatbot
2025-11-12 12:51:50 [INFO] ✅ Loaded route: /api/community
2025-11-12 12:51:50 [INFO] ✅ Loaded route: /api/feedback
2025-11-12 12:51:50 [INFO] ✅ Loaded route: /api/analytics
2025-11-12 12:51:50 [INFO] ✅ Loaded route: /api/dream-diary
2025-11-12 12:51:50 [INFO] ✅ Loaded route: /api/recent-activity
2025-11-12 12:51:50 [INFO] ✅ Loaded route: /api/activity
2025-11-12 12:51:51 [INFO] ✅ Loaded route: /api/generate-image
2025-11-12 12:51:51 [INFO] ✅ Backend Running on 0.0.0.0:5000
2025-11-12 12:51:51 [INFO] 🌐 Access at: http://localhost:5000
2025-11-12 12:51:51 [INFO] ✅ MongoDB Connected Successfully (Local)
2025-11-12 12:51:51 [INFO] ✅ Database initialized
2025-11-12 12:53:14 [INFO] [Image Generation] Request received - Prompt: "i saw a god"
2025-11-12 12:53:14 [ERROR] STABILITY_API_KEY is not set
2025-11-12 12:53:14 [INFO] [Image Generation] Image generated successfully: /temp-images/cbbd2314-445f-4004-9171-9bdb585a7d86.svg+xml
2025-11-12 12:57:33 [INFO] ✅ Loaded route: /api/auth
2025-11-12 12:57:33 [INFO] ✅ Loaded route: /api/dreams
2025-11-12 12:57:33 [INFO] ✅ Loaded route: /api/chatbot
2025-11-12 12:57:33 [INFO] ✅ Loaded route: /api/community
2025-11-12 12:57:33 [INFO] ✅ Loaded route: /api/feedback
2025-11-12 12:57:33 [INFO] ✅ Loaded route: /api/analytics
2025-11-12 12:57:33 [INFO] ✅ Loaded route: /api/dream-diary
2025-11-12 12:57:33 [INFO] ✅ Loaded route: /api/recent-activity
2025-11-12 12:57:33 [INFO] ✅ Loaded route: /api/activity
2025-11-12 12:57:33 [INFO] ✅ Loaded route: /api/generate-image
2025-11-12 12:57:33 [INFO] ✅ Backend Running on 0.0.0.0:5000
2025-11-12 12:57:33 [INFO] 🌐 Access at: http://localhost:5000
2025-11-12 12:57:33 [INFO] ✅ MongoDB Connected Successfully (Local)
2025-11-12 12:57:33 [INFO] ✅ Database initialized
2025-11-12 12:58:48 [INFO] [Image Generation] Request received - Prompt: "i saw my god daiva"
2025-11-12 12:58:48 [INFO] [Image Generation] Image generated successfully: /temp-images/9960233a-7242-4a40-9050-ebdf5d53effe.svg+xml
2025-11-12 13:04:05 [INFO] ✅ Loaded route: /api/auth
2025-11-12 13:04:05 [INFO] ✅ Loaded route: /api/dreams
2025-11-12 13:04:05 [INFO] ✅ Loaded route: /api/chatbot
2025-11-12 13:04:05 [INFO] ✅ Loaded route: /api/community
2025-11-12 13:04:05 [INFO] ✅ Loaded route: /api/feedback
2025-11-12 13:04:05 [INFO] ✅ Loaded route: /api/analytics
2025-11-12 13:04:05 [INFO] ✅ Loaded route: /api/dream-diary
2025-11-12 13:04:05 [INFO] ✅ Loaded route: /api/recent-activity
2025-11-12 13:04:05 [INFO] ✅ Loaded route: /api/activity
2025-11-12 13:04:05 [INFO] ✅ Loaded route: /api/generate-image
2025-11-12 13:04:05 [INFO] ✅ Backend Running on 0.0.0.0:5000
2025-11-12 13:04:05 [INFO] 🌐 Access at: http://localhost:5000
2025-11-12 13:04:05 [INFO] ✅ MongoDB Connected Successfully (Local)
2025-11-12 13:04:05 [INFO] ✅ Database initialized
2025-11-12 13:05:32 [INFO] [Image Generation] Request received - Prompt: "i saw god daiva"
2025-11-12 13:05:33 [INFO] [Image Generation] Image generated successfully: /temp-images/d1c42955-91f9-490f-bf93-6bbc592081a8.svg+xml
2025-11-12 19:24:31 [INFO] ✅ Loaded route: /api/auth
2025-11-12 19:24:31 [INFO] ✅ Loaded route: /api/dreams
2025-11-12 19:24:31 [INFO] ✅ Loaded route: /api/chatbot
2025-11-12 19:24:32 [ERROR] ❌ Error loading route /api/sd:
2025-11-12 19:24:32 [INFO] ✅ Loaded route: /api/community
2025-11-12 19:24:32 [INFO] ✅ Loaded route: /api/feedback
2025-11-12 19:24:32 [INFO] ✅ Loaded route: /api/analytics
2025-11-12 19:24:32 [INFO] ✅ Loaded route: /api/dream-diary
2025-11-12 19:24:32 [INFO] ✅ Loaded route: /api/recent-activity
2025-11-12 19:24:32 [INFO] ✅ Loaded route: /api/activity
2025-11-12 19:24:32 [INFO] ✅ Loaded route: /api/generate-image
2025-11-12 19:24:35 [INFO] ✅ Backend Running on 0.0.0.0:5000
2025-11-12 19:24:35 [INFO] 🌐 Access at: http://localhost:5000
2025-11-12 19:24:35 [INFO] ✅ MongoDB Connected Successfully (Local)
2025-11-12 19:24:35 [INFO] ✅ Database initialized
2025-11-12 19:28:18 [INFO] ✅ Loaded route: /api/auth
2025-11-12 19:28:18 [INFO] ✅ Loaded route: /api/dreams
2025-11-12 19:28:18 [INFO] ✅ Loaded route: /api/chatbot
2025-11-12 19:28:18 [INFO] ✅ Loaded route: /api/sd
2025-11-12 19:28:18 [INFO] ✅ Loaded route: /api/community
2025-11-12 19:28:18 [INFO] ✅ Loaded route: /api/feedback
2025-11-12 19:28:18 [INFO] ✅ Loaded route: /api/analytics
2025-11-12 19:28:18 [INFO] ✅ Loaded route: /api/dream-diary
2025-11-12 19:28:18 [INFO] ✅ Loaded route: /api/recent-activity
2025-11-12 19:28:18 [INFO] ✅ Loaded route: /api/activity
2025-11-12 19:28:18 [INFO] ✅ Loaded route: /api/generate-image
2025-11-12 19:28:18 [INFO] ✅ Backend Running on 0.0.0.0:5000
2025-11-12 19:28:18 [INFO] 🌐 Access at: http://localhost:5000
2025-11-12 19:28:18 [INFO] ✅ MongoDB Connected Successfully (Local)
2025-11-12 19:28:18 [INFO] ✅ Database initialized
2025-11-12 19:33:46 [INFO] [Image Generation] Request received - Prompt: "i was dancing"
2025-11-12 19:33:46 [ERROR] STABILITY_API_KEY is not set
2025-11-12 19:33:46 [INFO] [Image Generation] Image generated successfully: /temp-images/601344f0-8c6e-4963-b29e-b2f0435dc002.svg+xml
2025-11-12 19:46:52 [INFO] ✅ Loaded route: /api/auth
2025-11-12 19:46:52 [INFO] ✅ Loaded route: /api/dreams
2025-11-12 19:46:52 [INFO] ✅ Loaded route: /api/chatbot
2025-11-12 19:46:52 [INFO] ✅ Loaded route: /api/sd
2025-11-12 19:46:52 [INFO] ✅ Loaded route: /api/community
2025-11-12 19:46:52 [INFO] ✅ Loaded route: /api/feedback
2025-11-12 19:46:52 [INFO] ✅ Loaded route: /api/analytics
2025-11-12 19:46:52 [INFO] ✅ Loaded route: /api/dream-diary
2025-11-12 19:46:52 [INFO] ✅ Loaded route: /api/recent-activity
2025-11-12 19:46:52 [INFO] ✅ Loaded route: /api/activity
2025-11-12 19:46:52 [INFO] ✅ Loaded route: /api/generate-image
2025-11-12 19:46:52 [INFO] ✅ Backend Running on 0.0.0.0:5000
2025-11-12 19:46:52 [INFO] 🌐 Access at: http://localhost:5000
2025-11-12 19:46:52 [INFO] ✅ MongoDB Connected Successfully (Local)
2025-11-12 19:46:52 [INFO] ✅ Database initialized
2025-11-12 19:47:37 [INFO] ✅ Loaded route: /api/auth
2025-11-12 19:47:37 [INFO] ✅ Loaded route: /api/dreams
2025-11-12 19:47:37 [INFO] ✅ Loaded route: /api/chatbot
2025-11-12 19:47:37 [INFO] ✅ Loaded route: /api/sd
2025-11-12 19:47:37 [INFO] ✅ Loaded route: /api/community
2025-11-12 19:47:37 [INFO] ✅ Loaded route: /api/feedback
2025-11-12 19:47:37 [INFO] ✅ Loaded route: /api/analytics
2025-11-12 19:47:37 [INFO] ✅ Loaded route: /api/dream-diary
2025-11-12 19:47:37 [INFO] ✅ Loaded route: /api/recent-activity
2025-11-12 19:47:37 [INFO] ✅ Loaded route: /api/activity
2025-11-12 19:47:37 [INFO] ✅ Loaded route: /api/generate-image
2025-11-12 19:47:37 [INFO] ✅ Backend Running on 0.0.0.0:5000
2025-11-12 19:47:37 [INFO] 🌐 Access at: http://localhost:5000
2025-11-12 19:47:37 [INFO] ✅ MongoDB Connected Successfully (Local)
2025-11-12 19:47:37 [INFO] ✅ Database initialized
2025-11-12 19:47:44 [INFO] [Image Generation] Request received - Prompt: "a serene lake at sunset with mountains in the background, peaceful, 4k, highly detailed"
2025-11-12 19:47:44 [INFO] [Image Generation] Generating image for prompt: "a serene lake at sunset with mountains in the background, peaceful, 4k, highly detailed"
2025-11-12 19:48:00 [INFO] [Image Generation] Image generated successfully: /temp-images/sd-662eb53f-a50b-4cd0-a0a1-451ce57f0311.png (16492ms)
2025-11-12 19:53:02 [INFO] ✅ Loaded route: /api/auth
2025-11-12 19:53:03 [INFO] ✅ Loaded route: /api/dreams
2025-11-12 19:53:03 [INFO] ✅ Loaded route: /api/chatbot
2025-11-12 19:53:03 [INFO] ✅ Loaded route: /api/sd
2025-11-12 19:53:03 [INFO] ✅ Loaded route: /api/community
2025-11-12 19:53:03 [INFO] ✅ Loaded route: /api/feedback
2025-11-12 19:53:03 [INFO] ✅ Loaded route: /api/analytics
2025-11-12 19:53:03 [INFO] ✅ Loaded route: /api/dream-diary
2025-11-12 19:53:03 [INFO] ✅ Loaded route: /api/recent-activity
2025-11-12 19:53:03 [INFO] ✅ Loaded route: /api/activity
2025-11-12 19:53:03 [INFO] ✅ Loaded route: /api/generate-image
2025-11-12 19:53:03 [INFO] ✅ Backend Running on 0.0.0.0:5000
2025-11-12 19:53:03 [INFO] 🌐 Access at: http://localhost:5000
2025-11-12 19:53:03 [INFO] ✅ MongoDB Connected Successfully (Local)
2025-11-12 19:53:03 [INFO] ✅ Database initialized
2025-11-12 19:53:09 [INFO] [Image Generation] Request received - Prompt: "a serene lake at sunset with mountains in the background, peaceful, 4k, highly detailed"
2025-11-12 19:53:09 [INFO] [Image Generation] Generating image for prompt: "a serene lake at sunset with mountains in the background, peaceful, 4k, highly detailed"
2025-11-12 19:53:25 [INFO] [Image Generation] Image saved to: C:\Users\amash\OneDrive\Desktop\skil\DREAM ANALYZER\DREAM ANALYZER\server\temp-images\sd-2050d3ed-445b-4756-921c-60ab82d2cdc1.png
2025-11-12 19:53:25 [INFO] [Image Generation] Image generated successfully: /temp-images/sd-2050d3ed-445b-4756-921c-60ab82d2cdc1.png (15898ms)
2025-11-12 19:54:01 [INFO] ✅ Loaded route: /api/auth
2025-11-12 19:54:02 [INFO] ✅ Loaded route: /api/dreams
2025-11-12 19:54:02 [INFO] ✅ Loaded route: /api/chatbot
2025-11-12 19:54:02 [INFO] ✅ Loaded route: /api/sd
2025-11-12 19:54:02 [INFO] ✅ Loaded route: /api/community
2025-11-12 19:54:02 [INFO] ✅ Loaded route: /api/feedback
2025-11-12 19:54:02 [INFO] ✅ Loaded route: /api/analytics
2025-11-12 19:54:02 [INFO] ✅ Loaded route: /api/dream-diary
2025-11-12 19:54:02 [INFO] ✅ Loaded route: /api/recent-activity
2025-11-12 19:54:02 [INFO] ✅ Loaded route: /api/activity
2025-11-12 19:54:02 [INFO] ✅ Loaded route: /api/generate-image
2025-11-12 19:54:02 [INFO] ✅ Backend Running on 0.0.0.0:5000
2025-11-12 19:54:02 [INFO] 🌐 Access at: http://localhost:5000
2025-11-12 19:54:02 [INFO] ✅ MongoDB Connected Successfully (Local)
2025-11-12 19:54:02 [INFO] ✅ Database initialized
2025-11-12 19:54:06 [INFO] [Image Generation] Request received - Prompt: "a serene lake at sunset with mountains in the background, peaceful, 4k, highly detailed"
2025-11-12 19:54:06 [INFO] [Image Generation] Generating image for prompt: "a serene lake at sunset with mountains in the background, peaceful, 4k, highly detailed"
2025-11-12 19:54:22 [INFO] [Image Generation] Saving image to: C:\Users\amash\OneDrive\Desktop\skil\DREAM ANALYZER\DREAM ANALYZER\server\temp-images\sd-8ecb9832-c78a-4b64-97d2-0d99243225d9.png
2025-11-12 19:54:22 [INFO] [Image Generation] Image saved successfully: C:\Users\amash\OneDrive\Desktop\skil\DREAM ANALYZER\DREAM ANALYZER\server\temp-images\sd-8ecb9832-c78a-4b64-97d2-0d99243225d9.png (630130 bytes)
2025-11-12 19:54:22 [INFO] [Image Generation] Image URL: /temp-images/sd-8ecb9832-c78a-4b64-97d2-0d99243225d9.png
2025-11-12 19:54:22 [INFO] [Image Generation] Image generated successfully in 16486ms
2025-11-12 19:56:37 [INFO] ✅ Loaded route: /api/auth
2025-11-12 19:56:37 [INFO] ✅ Loaded route: /api/dreams
2025-11-12 19:56:37 [INFO] ✅ Loaded route: /api/chatbot
2025-11-12 19:56:37 [INFO] ✅ Loaded route: /api/sd
2025-11-12 19:56:37 [INFO] ✅ Loaded route: /api/community
2025-11-12 19:56:37 [INFO] ✅ Loaded route: /api/feedback
2025-11-12 19:56:37 [INFO] ✅ Loaded route: /api/analytics
2025-11-12 19:56:37 [INFO] ✅ Loaded route: /api/dream-diary
2025-11-12 19:56:37 [INFO] ✅ Loaded route: /api/recent-activity
2025-11-12 19:56:37 [INFO] ✅ Loaded route: /api/activity
2025-11-12 19:56:38 [INFO] ✅ Loaded route: /api/generate-image
2025-11-12 19:56:38 [INFO] ✅ Backend Running on 0.0.0.0:5000
2025-11-12 19:56:38 [INFO] 🌐 Access at: http://localhost:5000
2025-11-12 19:56:38 [INFO] ✅ MongoDB Connected Successfully (Local)
2025-11-12 19:56:38 [INFO] ✅ Database initialized
2025-11-12 20:01:10 [INFO] ✅ Loaded route: /api/auth
2025-11-12 20:01:10 [INFO] ✅ Loaded route: /api/dreams
2025-11-12 20:01:10 [INFO] ✅ Loaded route: /api/chatbot
2025-11-12 20:01:10 [INFO] ✅ Loaded route: /api/sd
2025-11-12 20:01:10 [INFO] ✅ Loaded route: /api/community
2025-11-12 20:01:10 [INFO] ✅ Loaded route: /api/feedback
2025-11-12 20:01:10 [INFO] ✅ Loaded route: /api/analytics
2025-11-12 20:01:10 [INFO] ✅ Loaded route: /api/dream-diary
2025-11-12 20:01:10 [INFO] ✅ Loaded route: /api/recent-activity
2025-11-12 20:01:10 [INFO] ✅ Loaded route: /api/activity
2025-11-12 20:01:10 [INFO] ✅ Loaded route: /api/generate-image
2025-11-12 20:01:10 [INFO] ✅ Backend Running on 0.0.0.0:5000
2025-11-12 20:01:10 [INFO] 🌐 Access at: http://localhost:5000
2025-11-12 20:01:10 [INFO] ✅ MongoDB Connected Successfully (Local)
2025-11-12 20:01:10 [INFO] ✅ Database initialized
2025-11-12 20:01:18 [INFO] [Image Generation] Request received - Prompt: "a serene lake at sunset with mountains in the background, peaceful, 4k, highly detailed"
2025-11-12 20:01:18 [INFO] [Image Generation] Generating image for prompt: "a serene lake at sunset with mountains in the background, peaceful, 4k, highly detailed"
2025-11-12 20:01:36 [INFO] [Image Generation] Saving image to: C:\Users\amash\OneDrive\Desktop\skil\DREAM ANALYZER\DREAM ANALYZER\server\temp-images\sd-c327f448-e13d-423f-95e1-027ffbe7c326.png
2025-11-12 20:01:36 [INFO] [Image Generation] Image saved successfully: C:\Users\amash\OneDrive\Desktop\skil\DREAM ANALYZER\DREAM ANALYZER\server\temp-images\sd-c327f448-e13d-423f-95e1-027ffbe7c326.png (584423 bytes)
2025-11-12 20:01:36 [INFO] [Image Generation] Image URL: /temp-images/sd-c327f448-e13d-423f-95e1-027ffbe7c326.png
2025-11-12 20:01:36 [INFO] [Image Generation] Image generated successfully in 17251ms
2025-11-12 21:01:56 [INFO] ✅ Loaded route: /api/auth
2025-11-12 21:01:57 [INFO] ✅ Loaded route: /api/dreams
2025-11-12 21:01:57 [INFO] ✅ Loaded route: /api/chatbot
2025-11-12 21:01:57 [INFO] ✅ Loaded route: /api/sd
2025-11-12 21:01:57 [INFO] ✅ Loaded route: /api/community
2025-11-12 21:01:57 [INFO] ✅ Loaded route: /api/feedback
2025-11-12 21:01:57 [INFO] ✅ Loaded route: /api/analytics
2025-11-12 21:01:57 [INFO] ✅ Loaded route: /api/dream-diary
2025-11-12 21:01:57 [INFO] ✅ Loaded route: /api/recent-activity
2025-11-12 21:01:57 [INFO] ✅ Loaded route: /api/activity
2025-11-12 21:01:57 [INFO] ✅ Loaded route: /api/generate-image
2025-11-12 21:01:57 [INFO] ✅ Backend Running on 0.0.0.0:5000
2025-11-12 21:01:57 [INFO] 🌐 Access at: http://localhost:5000
2025-11-12 21:01:57 [INFO] ✅ MongoDB Connected Successfully (Local)
2025-11-12 21:01:57 [INFO] ✅ Database initialized
2025-11-12 21:05:00 [INFO] [Image Generation] Request received - Prompt: "i saw my god daiva"
2025-11-12 21:05:00 [INFO] [Image Generation] Generating image for prompt: "i saw my god daiva"
2025-11-12 21:05:49 [INFO] [Image Generation] Saving image to: C:\Users\amash\OneDrive\Desktop\skil\DREAM ANALYZER\DREAM ANALYZER\server\temp-images\sd-d9f6aadd-e624-47f6-adbd-bac2c4fa9954.png
2025-11-12 21:05:49 [INFO] [Image Generation] Image saved successfully: C:\Users\amash\OneDrive\Desktop\skil\DREAM ANALYZER\DREAM ANALYZER\server\temp-images\sd-d9f6aadd-e624-47f6-adbd-bac2c4fa9954.png (673689 bytes)
2025-11-12 21:05:49 [INFO] [Image Generation] Image URL: /temp-images/sd-d9f6aadd-e624-47f6-adbd-bac2c4fa9954.png
2025-11-12 21:05:49 [INFO] [Image Generation] Image generated successfully in 48819ms
2025-11-12 21:07:54 [INFO] [Image Generation] Request received - Prompt: "i was leader of project"
2025-11-12 21:07:54 [INFO] [Image Generation] Generating image for prompt: "i was leader of project"
2025-11-12 21:08:13 [INFO] [Image Generation] Saving image to: C:\Users\amash\OneDrive\Desktop\skil\DREAM ANALYZER\DREAM ANALYZER\server\temp-images\sd-2f63c750-2e70-4671-8750-428942fb99f1.png
2025-11-12 21:08:13 [INFO] [Image Generation] Image saved successfully: C:\Users\amash\OneDrive\Desktop\skil\DREAM ANALYZER\DREAM ANALYZER\server\temp-images\sd-2f63c750-2e70-4671-8750-428942fb99f1.png (761098 bytes)
2025-11-12 21:08:13 [INFO] [Image Generation] Image URL: /temp-images/sd-2f63c750-2e70-4671-8750-428942fb99f1.png
2025-11-12 21:08:13 [INFO] [Image Generation] Image generated successfully in 19532ms
2025-11-12 21:11:03 [INFO] ✅ Loaded route: /api/auth
2025-11-12 21:11:03 [INFO] ✅ Loaded route: /api/dreams
2025-11-12 21:11:03 [INFO] ✅ Loaded route: /api/chatbot
2025-11-12 21:11:03 [INFO] ✅ Loaded route: /api/sd
2025-11-12 21:11:03 [INFO] ✅ Loaded route: /api/community
2025-11-12 21:11:03 [INFO] ✅ Loaded route: /api/feedback
2025-11-12 21:11:03 [INFO] ✅ Loaded route: /api/analytics
2025-11-12 21:11:03 [INFO] ✅ Loaded route: /api/dream-diary
2025-11-12 21:11:03 [INFO] ✅ Loaded route: /api/recent-activity
2025-11-12 21:11:03 [INFO] ✅ Loaded route: /api/activity
2025-11-12 21:11:03 [INFO] ✅ Loaded route: /api/generate-image
2025-11-12 21:11:04 [INFO] ✅ Backend Running on 0.0.0.0:5000
2025-11-12 21:11:04 [INFO] 🌐 Access at: http://localhost:5000
2025-11-12 21:11:04 [INFO] ✅ MongoDB Connected Successfully (Local)
2025-11-12 21:11:04 [INFO] ✅ Database initialized
2025-11-12 21:12:15 [INFO] [Image Generation] Request received - Prompt: "i saw my lord daiva"
2025-11-12 21:12:15 [INFO] [Image Generation] Generating image for prompt: "i saw my lord daiva"
2025-11-12 21:12:32 [INFO] [Image Generation] Saving image to: C:\Users\amash\OneDrive\Desktop\skil\DREAM ANALYZER\DREAM ANALYZER\server\temp-images\sd-981dea6f-0070-4af0-94e0-85f006c7bad2.png
2025-11-12 21:12:32 [INFO] [Image Generation] Image saved successfully: C:\Users\amash\OneDrive\Desktop\skil\DREAM ANALYZER\DREAM ANALYZER\server\temp-images\sd-981dea6f-0070-4af0-94e0-85f006c7bad2.png (719781 bytes)
2025-11-12 21:12:32 [INFO] [Image Generation] Image URL: /temp-images/sd-981dea6f-0070-4af0-94e0-85f006c7bad2.png
2025-11-12 21:12:32 [INFO] [Image Generation] Image generated successfully in 16453ms
2025-11-12 21:14:57 [INFO] [Image Generation] Request received - Prompt: "one dog has run after me to bite me"
2025-11-12 21:14:57 [INFO] [Image Generation] Generating image for prompt: "one dog has run after me to bite me"
2025-11-12 21:15:14 [INFO] [Image Generation] Saving image to: C:\Users\amash\OneDrive\Desktop\skil\DREAM ANALYZER\DREAM ANALYZER\server\temp-images\sd-8c647551-a535-40cb-a3f8-7fe86e7bf79a.png
2025-11-12 21:15:14 [INFO] [Image Generation] Image saved successfully: C:\Users\amash\OneDrive\Desktop\skil\DREAM ANALYZER\DREAM ANALYZER\server\temp-images\sd-8c647551-a535-40cb-a3f8-7fe86e7bf79a.png (627147 bytes)
2025-11-12 21:15:14 [INFO] [Image Generation] Image URL: /temp-images/sd-8c647551-a535-40cb-a3f8-7fe86e7bf79a.png
2025-11-12 21:15:14 [INFO] [Image Generation] Image generated successfully in 17513ms
2025-11-12 21:51:23 [INFO] ✅ Loaded route: /api/auth
2025-11-12 21:51:24 [INFO] ✅ Loaded route: /api/dreams
2025-11-12 21:51:24 [INFO] ✅ Loaded route: /api/chatbot
2025-11-12 21:51:24 [INFO] ✅ Loaded route: /api/sd
2025-11-12 21:51:24 [INFO] ✅ Loaded route: /api/community
2025-11-12 21:51:24 [INFO] ✅ Loaded route: /api/feedback
2025-11-12 21:51:24 [INFO] ✅ Loaded route: /api/analytics
2025-11-12 21:51:24 [INFO] ✅ Loaded route: /api/dream-diary
2025-11-12 21:51:24 [INFO] ✅ Loaded route: /api/recent-activity
2025-11-12 21:51:24 [INFO] ✅ Loaded route: /api/activity
2025-11-12 21:51:24 [INFO] ✅ Loaded route: /api/generate-image
2025-11-12 21:51:24 [INFO] ✅ Backend Running on 0.0.0.0:5000
2025-11-12 21:51:24 [INFO] 🌐 Access at: http://localhost:5000
2025-11-12 21:51:24 [INFO] ✅ MongoDB Connected Successfully (Local)
2025-11-12 21:51:24 [INFO] ✅ Database initialized
2025-11-12 21:52:53 [INFO] [Image Generation] Request received - Prompt: "i was reading library book"
2025-11-12 21:52:53 [INFO] [Image Generation] Generating image for prompt: "i was reading library book"
2025-11-12 21:53:10 [INFO] [Image Generation] Saving image to: C:\Users\amash\OneDrive\Desktop\skil\DREAM ANALYZER\DREAM ANALYZER\server\temp-images\sd-9ea45d66-78c4-480b-afa2-4abf31dc77fc.png
2025-11-12 21:53:10 [INFO] [Image Generation] Image saved successfully: C:\Users\amash\OneDrive\Desktop\skil\DREAM ANALYZER\DREAM ANALYZER\server\temp-images\sd-9ea45d66-78c4-480b-afa2-4abf31dc77fc.png (660867 bytes)
2025-11-12 21:53:10 [INFO] [Image Generation] Image URL: /temp-images/sd-9ea45d66-78c4-480b-afa2-4abf31dc77fc.png
2025-11-12 21:53:10 [INFO] [Image Generation] Image generated successfully in 16725ms
2025-11-12 22:07:42 [INFO] ✅ Loaded route: /api/auth
2025-11-12 22:07:43 [INFO] ✅ Loaded route: /api/dreams
2025-11-12 22:07:43 [INFO] ✅ Loaded route: /api/chatbot
2025-11-12 22:07:43 [INFO] ✅ Loaded route: /api/sd
2025-11-12 22:07:43 [INFO] ✅ Loaded route: /api/community
2025-11-12 22:07:43 [INFO] ✅ Loaded route: /api/feedback
2025-11-12 22:07:43 [INFO] ✅ Loaded route: /api/analytics
2025-11-12 22:07:43 [INFO] ✅ Loaded route: /api/dream-diary
2025-11-12 22:07:43 [INFO] ✅ Loaded route: /api/recent-activity
2025-11-12 22:07:43 [INFO] ✅ Loaded route: /api/activity
2025-11-12 22:07:43 [INFO] ✅ Loaded route: /api/generate-image
2025-11-12 22:07:44 [INFO] ✅ Backend Running on 0.0.0.0:5000
2025-11-12 22:07:44 [INFO] 🌐 Access at: http://localhost:5000
2025-11-12 22:07:44 [INFO] ✅ MongoDB Connected Successfully (Local)
2025-11-12 22:07:44 [INFO] ✅ Database initialized
2025-11-12 22:09:54 [INFO] [Image Generation] Request received - Prompt: "i was eating eggs"
2025-11-12 22:09:54 [INFO] [Image Generation] Generating image for prompt: "i was eating eggs"
2025-11-12 22:09:54 [ERROR] [Image Generation] Error during image generation:
2025-11-12 22:09:54 [ERROR] [Image Generation] Error generating image:
2025-11-12 22:09:56 [INFO] [Image Generation] Request received - Prompt: "i was eating eggs"
2025-11-12 22:09:56 [INFO] [Image Generation] Generating image for prompt: "i was eating eggs"
2025-11-12 22:09:56 [ERROR] [Image Generation] Error during image generation:
2025-11-12 22:09:56 [ERROR] [Image Generation] Error generating image:
2025-11-12 22:10:00 [INFO] [Image Generation] Request received - Prompt: "i was eating eggs"
2025-11-12 22:10:00 [INFO] [Image Generation] Generating image for prompt: "i was eating eggs"
2025-11-12 22:10:00 [ERROR] [Image Generation] Error during image generation:
2025-11-12 22:10:00 [ERROR] [Image Generation] Error generating image:
2025-11-12 22:10:33 [INFO] [Image Generation] Request received - Prompt: "i was eating eggs"
2025-11-12 22:10:33 [INFO] [Image Generation] Generating image for prompt: "i was eating eggs"
2025-11-12 22:10:33 [ERROR] [Image Generation] Error during image generation:
2025-11-12 22:10:33 [ERROR] [Image Generation] Error generating image:
2025-11-12 22:10:35 [INFO] [Image Generation] Request received - Prompt: "i was eating eggs"
2025-11-12 22:10:35 [INFO] [Image Generation] Generating image for prompt: "i was eating eggs"
2025-11-12 22:10:35 [ERROR] [Image Generation] Error during image generation:
2025-11-12 22:10:35 [ERROR] [Image Generation] Error generating image:
2025-11-12 22:10:39 [INFO] [Image Generation] Request received - Prompt: "i was eating eggs"
2025-11-12 22:10:39 [INFO] [Image Generation] Generating image for prompt: "i was eating eggs"
2025-11-12 22:10:39 [ERROR] [Image Generation] Error during image generation:
2025-11-12 22:10:39 [ERROR] [Image Generation] Error generating image:
2025-11-12 22:11:26 [INFO] ✅ Loaded route: /api/auth
2025-11-12 22:11:27 [INFO] ✅ Loaded route: /api/dreams
2025-11-12 22:11:27 [INFO] ✅ Loaded route: /api/chatbot
2025-11-12 22:11:27 [INFO] ✅ Loaded route: /api/sd
2025-11-12 22:11:27 [INFO] ✅ Loaded route: /api/community
2025-11-12 22:11:27 [INFO] ✅ Loaded route: /api/feedback
2025-11-12 22:11:27 [INFO] ✅ Loaded route: /api/analytics
2025-11-12 22:11:27 [INFO] ✅ Loaded route: /api/dream-diary
2025-11-12 22:11:27 [INFO] ✅ Loaded route: /api/recent-activity
2025-11-12 22:11:27 [INFO] ✅ Loaded route: /api/activity
2025-11-12 22:11:27 [INFO] ✅ Loaded route: /api/generate-image
2025-11-12 22:11:27 [INFO] ✅ Backend Running on 0.0.0.0:5000
2025-11-12 22:11:27 [INFO] 🌐 Access at: http://localhost:5000
2025-11-12 22:11:27 [INFO] ✅ MongoDB Connected Successfully (Local)
2025-11-12 22:11:27 [INFO] ✅ Database initialized
2025-11-12 22:12:37 [INFO] [Image Generation] Request received - Prompt: "i was eating foods"
2025-11-12 22:12:37 [INFO] [Image Generation] Generating image for prompt: "i was eating foods"
2025-11-12 22:12:37 [ERROR] [Image Generation] Error during image generation:
2025-11-12 22:12:37 [ERROR] [Image Generation] Error generating image:
2025-11-12 22:12:39 [INFO] [Image Generation] Request received - Prompt: "i was eating foods"
2025-11-12 22:12:39 [INFO] [Image Generation] Generating image for prompt: "i was eating foods"
2025-11-12 22:12:39 [ERROR] [Image Generation] Error during image generation:
2025-11-12 22:12:39 [ERROR] [Image Generation] Error generating image:
2025-11-12 22:12:43 [INFO] [Image Generation] Request received - Prompt: "i was eating foods"
2025-11-12 22:12:43 [INFO] [Image Generation] Generating image for prompt: "i was eating foods"
2025-11-12 22:12:43 [ERROR] [Image Generation] Error during image generation:
2025-11-12 22:12:43 [ERROR] [Image Generation] Error generating image:
2025-11-12 22:13:38 [INFO] [Image Generation] Request received - Prompt: "i saw eagle"
2025-11-12 22:13:38 [INFO] [Image Generation] Generating image for prompt: "i saw eagle"
2025-11-12 22:13:38 [ERROR] [Image Generation] Error during image generation:
2025-11-12 22:13:38 [ERROR] [Image Generation] Error generating image:
2025-11-12 22:13:40 [INFO] [Image Generation] Request received - Prompt: "i saw eagle"
2025-11-12 22:13:40 [INFO] [Image Generation] Generating image for prompt: "i saw eagle"
2025-11-12 22:13:40 [ERROR] [Image Generation] Error during image generation:
2025-11-12 22:13:40 [ERROR] [Image Generation] Error generating image:
2025-11-12 22:13:44 [INFO] [Image Generation] Request received - Prompt: "i saw eagle"
2025-11-12 22:13:44 [INFO] [Image Generation] Generating image for prompt: "i saw eagle"
2025-11-12 22:13:44 [ERROR] [Image Generation] Error during image generation:
2025-11-12 22:13:44 [ERROR] [Image Generation] Error generating image:
2025-11-12 22:14:33 [INFO] ✅ Loaded route: /api/auth
2025-11-12 22:14:33 [INFO] ✅ Loaded route: /api/dreams
2025-11-12 22:14:33 [INFO] ✅ Loaded route: /api/chatbot
2025-11-12 22:14:33 [INFO] ✅ Loaded route: /api/sd
2025-11-12 22:14:33 [INFO] ✅ Loaded route: /api/community
2025-11-12 22:14:33 [INFO] ✅ Loaded route: /api/feedback
2025-11-12 22:14:33 [INFO] ✅ Loaded route: /api/analytics
2025-11-12 22:14:33 [INFO] ✅ Loaded route: /api/dream-diary
2025-11-12 22:14:33 [INFO] ✅ Loaded route: /api/recent-activity
2025-11-12 22:14:33 [INFO] ✅ Loaded route: /api/activity
2025-11-12 22:14:33 [INFO] ✅ Loaded route: /api/generate-image
2025-11-12 22:14:33 [INFO] ✅ Backend Running on 0.0.0.0:5000
2025-11-12 22:14:33 [INFO] 🌐 Access at: http://localhost:5000
2025-11-12 22:14:33 [INFO] ✅ MongoDB Connected Successfully (Local)
2025-11-12 22:14:33 [INFO] ✅ Database initialized
2025-11-12 22:15:53 [INFO] [Image Generation] Request received - Prompt: "i saw a god"
2025-11-12 22:15:53 [INFO] [Image Generation] Generating image for prompt: "i saw a god"
2025-11-12 22:15:53 [ERROR] [Image Generation] Error during image generation:
2025-11-12 22:15:53 [ERROR] [Image Generation] Error generating image:
2025-11-12 22:15:55 [INFO] [Image Generation] Request received - Prompt: "i saw a god"
2025-11-12 22:15:55 [INFO] [Image Generation] Generating image for prompt: "i saw a god"
2025-11-12 22:15:55 [ERROR] [Image Generation] Error during image generation:
2025-11-12 22:15:55 [ERROR] [Image Generation] Error generating image:
2025-11-12 22:15:59 [INFO] [Image Generation] Request received - Prompt: "i saw a god"
2025-11-12 22:15:59 [INFO] [Image Generation] Generating image for prompt: "i saw a god"
2025-11-12 22:15:59 [ERROR] [Image Generation] Error during image generation:
2025-11-12 22:15:59 [ERROR] [Image Generation] Error generating image:
2025-11-12 22:16:28 [INFO] [Image Generation] Request received - Prompt: "i saw my god daiva"
2025-11-12 22:16:28 [INFO] [Image Generation] Generating image for prompt: "i saw my god daiva"
2025-11-12 22:16:28 [ERROR] [Image Generation] Error during image generation:
2025-11-12 22:16:28 [ERROR] [Image Generation] Error generating image:
2025-11-12 22:16:30 [INFO] [Image Generation] Request received - Prompt: "i saw my god daiva"
2025-11-12 22:16:30 [INFO] [Image Generation] Generating image for prompt: "i saw my god daiva"
2025-11-12 22:16:30 [ERROR] [Image Generation] Error during image generation:
2025-11-12 22:16:30 [ERROR] [Image Generation] Error generating image:
2025-11-12 22:16:34 [INFO] [Image Generation] Request received - Prompt: "i saw my god daiva"
2025-11-12 22:16:34 [INFO] [Image Generation] Generating image for prompt: "i saw my god daiva"
2025-11-12 22:16:34 [ERROR] [Image Generation] Error during image generation:
2025-11-12 22:16:34 [ERROR] [Image Generation] Error generating image:
2025-11-12 22:32:35 [INFO] ✅ Loaded route: /api/auth
2025-11-12 22:32:35 [INFO] ✅ Loaded route: /api/dreams
2025-11-12 22:32:35 [INFO] ✅ Loaded route: /api/chatbot
2025-11-12 22:32:35 [INFO] ✅ Loaded route: /api/sd
2025-11-12 22:32:35 [INFO] ✅ Loaded route: /api/community
2025-11-12 22:32:35 [INFO] ✅ Loaded route: /api/feedback
2025-11-12 22:32:35 [INFO] ✅ Loaded route: /api/analytics
2025-11-12 22:32:35 [INFO] ✅ Loaded route: /api/dream-diary
2025-11-12 22:32:35 [INFO] ✅ Loaded route: /api/recent-activity
2025-11-12 22:32:35 [INFO] ✅ Loaded route: /api/activity
2025-11-12 22:32:35 [INFO] ✅ Loaded route: /api/generate-image
2025-11-12 22:32:35 [INFO] ✅ Backend Running on 0.0.0.0:5000
2025-11-12 22:32:35 [INFO] 🌐 Access at: http://localhost:5000
2025-11-12 22:32:35 [INFO] ✅ MongoDB Connected Successfully (Local)
2025-11-12 22:32:35 [INFO] ✅ Database initialized
2025-11-12 22:33:28 [INFO] ✅ Loaded route: /api/auth
2025-11-12 22:33:29 [INFO] ✅ Loaded route: /api/dreams
2025-11-12 22:33:29 [INFO] ✅ Loaded route: /api/chatbot
2025-11-12 22:33:29 [INFO] ✅ Loaded route: /api/sd
2025-11-12 22:33:29 [INFO] ✅ Loaded route: /api/community
2025-11-12 22:33:29 [INFO] ✅ Loaded route: /api/feedback
2025-11-12 22:33:29 [INFO] ✅ Loaded route: /api/analytics
2025-11-12 22:33:29 [INFO] ✅ Loaded route: /api/dream-diary
2025-11-12 22:33:29 [INFO] ✅ Loaded route: /api/recent-activity
2025-11-12 22:33:29 [INFO] ✅ Loaded route: /api/activity
2025-11-12 22:33:29 [INFO] ✅ Loaded route: /api/generate-image
2025-11-12 22:33:29 [INFO] ✅ Backend Running on 0.0.0.0:5000
2025-11-12 22:33:29 [INFO] 🌐 Access at: http://localhost:5000
2025-11-12 22:33:29 [INFO] ✅ MongoDB Connected Successfully (Local)
2025-11-12 22:33:29 [INFO] ✅ Database initialized
2025-11-12 22:40:49 [INFO] ✅ Loaded route: /api/auth
2025-11-12 22:40:51 [INFO] ✅ Loaded route: /api/dreams
2025-11-12 22:40:51 [INFO] ✅ Loaded route: /api/chatbot
2025-11-12 22:40:51 [INFO] ✅ Loaded route: /api/sd
2025-11-12 22:40:51 [INFO] ✅ Loaded route: /api/community
2025-11-12 22:40:51 [INFO] ✅ Loaded route: /api/feedback
2025-11-12 22:40:51 [INFO] ✅ Loaded route: /api/analytics
2025-11-12 22:40:51 [INFO] ✅ Loaded route: /api/dream-diary
2025-11-12 22:40:52 [INFO] ✅ Loaded route: /api/recent-activity
2025-11-12 22:40:52 [INFO] ✅ Loaded route: /api/activity
2025-11-12 22:40:52 [INFO] ✅ Loaded route: /api/generate-image
2025-11-12 22:40:52 [INFO] ✅ Backend Running on 0.0.0.0:5000
2025-11-12 22:40:52 [INFO] 🌐 Access at: http://localhost:5000
2025-11-12 22:40:52 [INFO] ✅ MongoDB Connected Successfully (Local)
2025-11-12 22:40:52 [INFO] ✅ Database initialized
2025-11-12 22:51:51 [INFO] ✅ Loaded route: /api/auth
2025-11-12 22:51:51 [INFO] ✅ Loaded route: /api/dreams
2025-11-12 22:51:51 [INFO] ✅ Loaded route: /api/chatbot
2025-11-12 22:51:51 [INFO] ✅ Loaded route: /api/sd
2025-11-12 22:51:51 [INFO] ✅ Loaded route: /api/community
2025-11-12 22:51:51 [INFO] ✅ Loaded route: /api/feedback
2025-11-12 22:51:51 [INFO] ✅ Loaded route: /api/analytics
2025-11-12 22:51:51 [INFO] ✅ Loaded route: /api/dream-diary
2025-11-12 22:51:51 [INFO] ✅ Loaded route: /api/recent-activity
2025-11-12 22:51:51 [INFO] ✅ Loaded route: /api/activity
2025-11-12 22:51:51 [INFO] ✅ Loaded route: /api/generate-image
2025-11-12 22:51:52 [INFO] ✅ Backend Running on 0.0.0.0:5000
2025-11-12 22:51:52 [INFO] 🌐 Access at: http://localhost:5000
2025-11-12 22:51:52 [INFO] Directory ensured: C:\Users\amash\OneDrive\Desktop\skil\DREAM ANALYZER\DREAM ANALYZER\server\public\fallback-images
2025-11-12 22:51:52 [INFO] Directory ensured: C:\Users\amash\OneDrive\Desktop\skil\DREAM ANALYZER\DREAM ANALYZER\server\temp-images
2025-11-12 22:51:52 [INFO] ✅ MongoDB Connected Successfully (Local)
2025-11-12 22:51:52 [INFO] ✅ Database initialized
2025-11-12 22:53:12 [INFO] [Image Generation] Request received - Prompt: "i saw a girl standing"
2025-11-12 22:53:12 [INFO] [Image Generation] Generating image for prompt: "i saw a girl standing"
2025-11-12 22:53:18 [ERROR] [Image Generation] Error during image generation:
2025-11-12 22:53:18 [ERROR] [Image Generation] Error generating image:
2025-11-12 22:53:20 [INFO] [Image Generation] Request received - Prompt: "i saw a girl standing"
2025-11-12 22:53:20 [INFO] [Image Generation] Generating image for prompt: "i saw a girl standing"
2025-11-12 22:53:26 [ERROR] [Image Generation] Error during image generation:
2025-11-12 22:53:26 [ERROR] [Image Generation] Error generating image:
2025-11-12 22:53:30 [INFO] [Image Generation] Request received - Prompt: "i saw a girl standing"
2025-11-12 22:53:30 [INFO] [Image Generation] Generating image for prompt: "i saw a girl standing"
2025-11-12 22:53:36 [ERROR] [Image Generation] Error during image generation:
2025-11-12 22:53:36 [ERROR] [Image Generation] Error generating image:
2025-11-13 06:22:46 [INFO] ✅ Loaded route: /api/auth
2025-11-13 06:22:47 [INFO] ✅ Loaded route: /api/dreams
2025-11-13 06:22:47 [INFO] ✅ Loaded route: /api/chatbot
2025-11-13 06:22:47 [INFO] ✅ Loaded route: /api/sd
2025-11-13 06:22:47 [INFO] ✅ Loaded route: /api/community
2025-11-13 06:22:47 [INFO] ✅ Loaded route: /api/feedback
2025-11-13 06:22:47 [INFO] ✅ Loaded route: /api/analytics
2025-11-13 06:22:47 [INFO] ✅ Loaded route: /api/dream-diary
2025-11-13 06:22:47 [INFO] ✅ Loaded route: /api/recent-activity
2025-11-13 06:22:47 [INFO] ✅ Loaded route: /api/activity
2025-11-13 06:22:47 [INFO] ✅ Loaded route: /api/generate-image
2025-11-13 06:22:47 [INFO] ✅ Backend Running on 0.0.0.0:5000
2025-11-13 06:22:47 [INFO] 🌐 Access at: http://localhost:5000
2025-11-13 06:22:47 [INFO] Directory ensured: C:\Users\amash\OneDrive\Desktop\skil\DREAM ANALYZER\DREAM ANALYZER\server\temp-images
2025-11-13 06:22:47 [INFO] Directory ensured: C:\Users\amash\OneDrive\Desktop\skil\DREAM ANALYZER\DREAM ANALYZER\server\public\fallback-images
2025-11-13 06:22:47 [INFO] ✅ MongoDB Connected Successfully (Local)
2025-11-13 06:22:47 [INFO] ✅ Database initialized
2025-11-13 06:35:29 [INFO] ✅ Loaded route: /api/auth
2025-11-13 06:35:29 [INFO] ✅ Loaded route: /api/dreams
2025-11-13 06:35:29 [INFO] ✅ Loaded route: /api/chatbot
2025-11-13 06:35:29 [INFO] ✅ Loaded route: /api/sd
2025-11-13 06:35:29 [INFO] ✅ Loaded route: /api/community
2025-11-13 06:35:29 [INFO] ✅ Loaded route: /api/feedback
2025-11-13 06:35:29 [INFO] ✅ Loaded route: /api/analytics
2025-11-13 06:35:29 [INFO] ✅ Loaded route: /api/dream-diary
2025-11-13 06:35:29 [INFO] ✅ Loaded route: /api/recent-activity
2025-11-13 06:35:29 [INFO] ✅ Loaded route: /api/activity
2025-11-13 06:35:29 [INFO] ✅ Loaded route: /api/generate-image
2025-11-13 06:35:29 [INFO] ✅ Backend Running on 0.0.0.0:5000
2025-11-13 06:35:29 [INFO] 🌐 Access at: http://localhost:5000
2025-11-13 06:35:29 [INFO] Directory ensured: C:\Users\amash\OneDrive\Desktop\skil\DREAM ANALYZER\DREAM ANALYZER\server\public\fallback-images
2025-11-13 06:35:29 [INFO] Directory ensured: C:\Users\amash\OneDrive\Desktop\skil\DREAM ANALYZER\DREAM ANALYZER\server\temp-images
2025-11-13 06:35:29 [INFO] ✅ MongoDB Connected Successfully (Local)
2025-11-13 06:35:29 [INFO] ✅ Database initialized
2025-11-13 06:39:33 [INFO] ✅ Loaded route: /api/auth
2025-11-13 06:39:33 [INFO] ✅ Loaded route: /api/dreams
2025-11-13 06:39:33 [INFO] ✅ Loaded route: /api/chatbot
2025-11-13 06:39:33 [INFO] ✅ Loaded route: /api/sd
2025-11-13 06:39:33 [INFO] ✅ Loaded route: /api/community
2025-11-13 06:39:33 [INFO] ✅ Loaded route: /api/feedback
2025-11-13 06:39:33 [INFO] ✅ Loaded route: /api/analytics
2025-11-13 06:39:33 [INFO] ✅ Loaded route: /api/dream-diary
2025-11-13 06:39:33 [INFO] ✅ Loaded route: /api/recent-activity
2025-11-13 06:39:33 [INFO] ✅ Loaded route: /api/activity
2025-11-13 06:39:33 [INFO] ✅ Loaded route: /api/generate-image
2025-11-13 06:39:33 [INFO] ✅ Backend Running on 0.0.0.0:5000
2025-11-13 06:39:33 [INFO] 🌐 Access at: http://localhost:5000
2025-11-13 06:39:33 [INFO] Directory ensured: C:\Users\amash\OneDrive\Desktop\skil\DREAM ANALYZER\DREAM ANALYZER\server\temp-images
2025-11-13 06:39:33 [INFO] Directory ensured: C:\Users\amash\OneDrive\Desktop\skil\DREAM ANALYZER\DREAM ANALYZER\server\public\fallback-images
2025-11-13 06:39:33 [INFO] ✅ MongoDB Connected Successfully (Local)
2025-11-13 06:39:33 [INFO] ✅ Database initialized
2025-11-13 06:42:37 [INFO] ✅ Loaded route: /api/auth
2025-11-13 06:42:38 [INFO] ✅ Loaded route: /api/dreams
2025-11-13 06:42:38 [INFO] ✅ Loaded route: /api/chatbot
2025-11-13 06:42:38 [INFO] ✅ Loaded route: /api/sd
2025-11-13 06:42:38 [INFO] ✅ Loaded route: /api/community
2025-11-13 06:42:38 [INFO] ✅ Loaded route: /api/feedback
2025-11-13 06:42:38 [INFO] ✅ Loaded route: /api/analytics
2025-11-13 06:42:38 [INFO] ✅ Loaded route: /api/dream-diary
2025-11-13 06:42:38 [INFO] ✅ Loaded route: /api/recent-activity
2025-11-13 06:42:38 [INFO] ✅ Loaded route: /api/activity
2025-11-13 06:42:38 [INFO] ✅ Loaded route: /api/generate-image
2025-11-13 06:42:38 [INFO] ✅ Backend Running on 0.0.0.0:5000
2025-11-13 06:42:38 [INFO] 🌐 Access at: http://localhost:5000
2025-11-13 06:42:38 [INFO] Directory ensured: C:\Users\amash\OneDrive\Desktop\skil\DREAM ANALYZER\DREAM ANALYZER\server\temp-images
2025-11-13 06:42:38 [INFO] Directory ensured: C:\Users\amash\OneDrive\Desktop\skil\DREAM ANALYZER\DREAM ANALYZER\server\public\fallback-images
2025-11-13 06:42:38 [INFO] ✅ MongoDB Connected Successfully (Local)
2025-11-13 06:42:38 [INFO] ✅ Database initialized
2025-11-13 07:02:36 [INFO] ✅ Loaded route: /api/auth
2025-11-13 07:02:36 [INFO] ✅ Loaded route: /api/dreams
2025-11-13 07:02:36 [INFO] ✅ Loaded route: /api/chatbot
2025-11-13 07:02:36 [ERROR] ❌ Error loading route /api/sd:
2025-11-13 07:02:36 [INFO] ✅ Loaded route: /api/community
2025-11-13 07:02:36 [INFO] ✅ Loaded route: /api/feedback
2025-11-13 07:02:36 [INFO] ✅ Loaded route: /api/analytics
2025-11-13 07:02:37 [INFO] ✅ Loaded route: /api/dream-diary
2025-11-13 07:02:37 [INFO] ✅ Loaded route: /api/recent-activity
2025-11-13 07:02:37 [INFO] ✅ Loaded route: /api/activity
2025-11-13 07:02:37 [INFO] ✅ Loaded route: /api/generate-image
2025-11-13 07:02:37 [INFO] ✅ Backend Running on 0.0.0.0:5000
2025-11-13 07:02:37 [INFO] 🌐 Access at: http://localhost:5000
2025-11-13 07:02:37 [INFO] ✅ MongoDB Connected Successfully (Local)
2025-11-13 07:02:37 [INFO] ✅ Database initialized
2025-11-13 07:04:59 [INFO] ✅ Loaded route: /api/auth
2025-11-13 07:04:59 [INFO] ✅ Loaded route: /api/dreams
2025-11-13 07:04:59 [INFO] ✅ Loaded route: /api/chatbot
2025-11-13 07:04:59 [ERROR] ❌ Error loading /api/sd route:
2025-11-13 07:04:59 [INFO] ✅ Loaded route: /api/community
2025-11-13 07:04:59 [INFO] ✅ Loaded route: /api/feedback
2025-11-13 07:04:59 [INFO] ✅ Loaded route: /api/analytics
2025-11-13 07:04:59 [INFO] ✅ Loaded route: /api/dream-diary
2025-11-13 07:04:59 [INFO] ✅ Loaded route: /api/recent-activity
2025-11-13 07:04:59 [INFO] ✅ Loaded route: /api/activity
2025-11-13 07:04:59 [INFO] ✅ Loaded route: /api/generate-image
2025-11-13 07:05:00 [INFO] ✅ Backend Running on 0.0.0.0:5000
2025-11-13 07:05:00 [INFO] 🌐 Access at: http://localhost:5000
2025-11-13 07:05:00 [INFO] ✅ MongoDB Connected Successfully (Local)
2025-11-13 07:05:00 [INFO] ✅ Database initialized
2025-11-13 07:05:50 [INFO] ✅ Loaded route: /api/auth
2025-11-13 07:05:50 [INFO] ✅ Loaded route: /api/dreams
2025-11-13 07:05:50 [INFO] ✅ Loaded route: /api/chatbot
2025-11-13 07:05:50 [ERROR] ❌ Error loading /api/sd route:
2025-11-13 07:05:50 [INFO] ✅ Loaded route: /api/community
2025-11-13 07:05:50 [INFO] ✅ Loaded route: /api/feedback
2025-11-13 07:05:50 [INFO] ✅ Loaded route: /api/analytics
2025-11-13 07:05:50 [INFO] ✅ Loaded route: /api/dream-diary
2025-11-13 07:05:50 [INFO] ✅ Loaded route: /api/recent-activity
2025-11-13 07:05:50 [INFO] ✅ Loaded route: /api/activity
2025-11-13 07:05:50 [INFO] ✅ Loaded route: /api/generate-image
2025-11-13 07:05:51 [INFO] ✅ Backend Running on 0.0.0.0:5000
2025-11-13 07:05:51 [INFO] 🌐 Access at: http://localhost:5000
2025-11-13 07:05:51 [INFO] ✅ MongoDB Connected Successfully (Local)
2025-11-13 07:05:51 [INFO] ✅ Database initialized
2025-11-13 07:06:16 [INFO] ✅ Loaded route: /api/auth
2025-11-13 07:06:17 [INFO] ✅ Loaded route: /api/dreams
2025-11-13 07:06:17 [INFO] ✅ Loaded route: /api/chatbot
2025-11-13 07:06:17 [ERROR] ❌ Error loading /api/sd route:
2025-11-13 07:06:17 [INFO] ✅ Loaded route: /api/community
2025-11-13 07:06:17 [INFO] ✅ Loaded route: /api/feedback
2025-11-13 07:06:17 [INFO] ✅ Loaded route: /api/analytics
2025-11-13 07:06:17 [INFO] ✅ Loaded route: /api/dream-diary
2025-11-13 07:06:17 [INFO] ✅ Loaded route: /api/recent-activity
2025-11-13 07:06:17 [INFO] ✅ Loaded route: /api/activity
2025-11-13 07:06:17 [INFO] ✅ Loaded route: /api/generate-image
2025-11-13 07:06:17 [INFO] ✅ Backend Running on 0.0.0.0:5000
2025-11-13 07:06:17 [INFO] 🌐 Access at: http://localhost:5000
2025-11-13 07:06:17 [INFO] ✅ MongoDB Connected Successfully (Local)
2025-11-13 07:06:17 [INFO] ✅ Database initialized
2025-11-13 07:07:11 [INFO] ✅ Loaded route: /api/auth
2025-11-13 07:07:12 [INFO] ✅ Loaded route: /api/dreams
2025-11-13 07:07:12 [INFO] ✅ Loaded route: /api/chatbot
2025-11-13 07:07:12 [ERROR] ❌ Error loading /api/sd route:
2025-11-13 07:07:12 [ERROR] Stack:
2025-11-13 07:07:12 [INFO] ✅ Loaded route: /api/community
2025-11-13 07:07:12 [INFO] ✅ Loaded route: /api/feedback
2025-11-13 07:07:12 [INFO] ✅ Loaded route: /api/analytics
2025-11-13 07:07:12 [INFO] ✅ Loaded route: /api/dream-diary
2025-11-13 07:07:12 [INFO] ✅ Loaded route: /api/recent-activity
2025-11-13 07:07:12 [INFO] ✅ Loaded route: /api/activity
2025-11-13 07:07:12 [INFO] ✅ Loaded route: /api/generate-image
2025-11-13 07:07:12 [INFO] ✅ Backend Running on 0.0.0.0:5000
2025-11-13 07:07:12 [INFO] 🌐 Access at: http://localhost:5000
2025-11-13 07:07:12 [INFO] ✅ MongoDB Connected Successfully (Local)
2025-11-13 07:07:12 [INFO] ✅ Database initialized
2025-11-13 07:07:42 [INFO] ✅ Loaded route: /api/auth
2025-11-13 07:07:42 [INFO] ✅ Loaded route: /api/dreams
2025-11-13 07:07:42 [INFO] ✅ Loaded route: /api/chatbot
2025-11-13 07:07:42 [ERROR] ❌ Error loading /api/sd route:
2025-11-13 07:07:42 [ERROR] Stack:
2025-11-13 07:07:42 [INFO] ✅ Loaded route: /api/community
2025-11-13 07:07:42 [INFO] ✅ Loaded route: /api/feedback
2025-11-13 07:07:42 [INFO] ✅ Loaded route: /api/analytics
2025-11-13 07:07:42 [INFO] ✅ Loaded route: /api/dream-diary
2025-11-13 07:07:42 [INFO] ✅ Loaded route: /api/recent-activity
2025-11-13 07:07:42 [INFO] ✅ Loaded route: /api/activity
2025-11-13 07:07:42 [INFO] ✅ Loaded route: /api/generate-image
2025-11-13 07:07:42 [INFO] ✅ Backend Running on 0.0.0.0:5000
2025-11-13 07:07:42 [INFO] 🌐 Access at: http://localhost:5000
2025-11-13 07:07:42 [INFO] ✅ MongoDB Connected Successfully (Local)
2025-11-13 07:07:42 [INFO] ✅ Database initialized
2025-11-13 07:11:19 [INFO] ✅ Loaded route: /api/auth
2025-11-13 07:11:20 [INFO] ✅ Loaded route: /api/dreams
2025-11-13 07:11:20 [INFO] ✅ Loaded route: /api/chatbot
2025-11-13 07:11:20 [ERROR] ❌ Error loading Stable Diffusion route:
2025-11-13 07:11:20 [INFO] ✅ Loaded route: /api/community
2025-11-13 07:11:20 [INFO] ✅ Loaded route: /api/feedback
2025-11-13 07:11:20 [INFO] ✅ Loaded route: /api/analytics
2025-11-13 07:11:20 [INFO] ✅ Loaded route: /api/dream-diary
2025-11-13 07:11:20 [INFO] ✅ Loaded route: /api/recent-activity
2025-11-13 07:11:20 [INFO] ✅ Loaded route: /api/activity
2025-11-13 07:11:20 [INFO] ✅ Loaded route: /api/generate-image
2025-11-13 07:11:20 [INFO] ✅ Backend Running on 0.0.0.0:5000
2025-11-13 07:11:20 [INFO] 🌐 Access at: http://localhost:5000
2025-11-13 07:11:20 [INFO] ✅ MongoDB Connected Successfully (Local)
2025-11-13 07:11:20 [INFO] ✅ Database initialized
2025-11-13 07:11:46 [INFO] ✅ Loaded route: /api/auth
2025-11-13 07:11:47 [INFO] ✅ Loaded route: /api/dreams
2025-11-13 07:11:47 [INFO] ✅ Loaded route: /api/chatbot
2025-11-13 07:11:47 [INFO] ✅ Loaded route: /api/sd
2025-11-13 07:11:47 [INFO] ✅ Loaded route: /api/community
2025-11-13 07:11:47 [INFO] ✅ Loaded route: /api/feedback
2025-11-13 07:11:47 [INFO] ✅ Loaded route: /api/analytics
2025-11-13 07:11:47 [INFO] ✅ Loaded route: /api/dream-diary
2025-11-13 07:11:47 [INFO] ✅ Loaded route: /api/recent-activity
2025-11-13 07:11:47 [INFO] ✅ Loaded route: /api/activity
2025-11-13 07:11:47 [INFO] ✅ Loaded route: /api/generate-image
2025-11-13 07:11:47 [INFO] ✅ Backend Running on 0.0.0.0:5000
2025-11-13 07:11:47 [INFO] 🌐 Access at: http://localhost:5000
2025-11-13 07:11:47 [INFO] ✅ MongoDB Connected Successfully (Local)
2025-11-13 07:11:47 [INFO] ✅ Database initialized
2025-11-13 07:14:12 [INFO] ✅ Loaded route: /api/auth
2025-11-13 07:14:12 [INFO] ✅ Loaded route: /api/dreams
2025-11-13 07:14:12 [INFO] ✅ Loaded route: /api/chatbot
2025-11-13 07:14:12 [INFO] ✅ Loaded route: /api/sd
2025-11-13 07:14:12 [INFO] ✅ Loaded route: /api/community
2025-11-13 07:14:12 [INFO] ✅ Loaded route: /api/feedback
2025-11-13 07:14:12 [INFO] ✅ Loaded route: /api/analytics
2025-11-13 07:14:12 [INFO] ✅ Loaded route: /api/dream-diary
2025-11-13 07:14:12 [INFO] ✅ Loaded route: /api/recent-activity
2025-11-13 07:14:12 [INFO] ✅ Loaded route: /api/activity
2025-11-13 07:14:12 [INFO] ✅ Loaded route: /api/generate-image
2025-11-13 07:14:12 [INFO] ✅ Backend Running on 0.0.0.0:5000
2025-11-13 07:14:12 [INFO] 🌐 Access at: http://localhost:5000
2025-11-13 07:14:12 [INFO] ✅ MongoDB Connected Successfully (Local)
2025-11-13 07:14:12 [INFO] ✅ Database initialized
2025-11-13 07:15:34 [INFO] ✅ Loaded route: /api/auth
2025-11-13 07:15:34 [INFO] ✅ Loaded route: /api/dreams
2025-11-13 07:15:34 [INFO] ✅ Loaded route: /api/chatbot
2025-11-13 07:15:34 [INFO] ✅ Loaded route: /api/sd
2025-11-13 07:15:34 [INFO] ✅ Loaded route: /api/community
2025-11-13 07:15:34 [INFO] ✅ Loaded route: /api/feedback
2025-11-13 07:15:34 [INFO] ✅ Loaded route: /api/analytics
2025-11-13 07:15:34 [INFO] ✅ Loaded route: /api/dream-diary
2025-11-13 07:15:34 [INFO] ✅ Loaded route: /api/recent-activity
2025-11-13 07:15:34 [INFO] ✅ Loaded route: /api/activity
2025-11-13 07:15:34 [INFO] ✅ Loaded route: /api/generate-image
2025-11-13 07:15:35 [INFO] ✅ Backend Running on 0.0.0.0:5000
2025-11-13 07:15:35 [INFO] 🌐 Access at: http://localhost:5000
2025-11-13 07:15:35 [INFO] ✅ MongoDB Connected Successfully (Local)
2025-11-13 07:15:35 [INFO] ✅ Database initialized
2025-11-13 07:22:38 [INFO] ✅ Loaded route: /api/auth
2025-11-13 07:22:38 [INFO] ✅ Loaded route: /api/dreams
2025-11-13 07:22:38 [INFO] ✅ Loaded route: /api/chatbot
2025-11-13 07:22:38 [INFO] ✅ Loaded route: /api/sd
2025-11-13 07:22:38 [INFO] ✅ Loaded route: /api/community
2025-11-13 07:22:38 [INFO] ✅ Loaded route: /api/feedback
2025-11-13 07:22:38 [INFO] ✅ Loaded route: /api/analytics
2025-11-13 07:22:38 [INFO] ✅ Loaded route: /api/dream-diary
2025-11-13 07:22:38 [INFO] ✅ Loaded route: /api/recent-activity
2025-11-13 07:22:38 [INFO] ✅ Loaded route: /api/activity
2025-11-13 07:22:38 [INFO] ✅ Loaded route: /api/generate-image
2025-11-13 07:22:38 [INFO] ✅ Backend Running on 0.0.0.0:5000
2025-11-13 07:22:38 [INFO] 🌐 Access at: http://localhost:5000
2025-11-13 07:22:38 [INFO] ✅ MongoDB Connected Successfully (Local)
2025-11-13 07:22:38 [INFO] ✅ Database initialized
2025-11-13 07:26:35 [INFO] [Image Generation] Request received - Prompt: "in my dream i saw a dreamy forest with mashroom"
2025-11-13 07:26:35 [ERROR] STABILITY_API_KEY is not set
2025-11-13 07:26:35 [INFO] [Image Generation] Image generated successfully: /temp-images/db0fc38a-acd4-4e3e-86e8-e2eaef600dda.svg+xml
2025-11-13 07:28:43 [INFO] ✅ Loaded route: /api/auth
2025-11-13 07:28:43 [INFO] ✅ Loaded route: /api/dreams
2025-11-13 07:28:43 [INFO] ✅ Loaded route: /api/chatbot
2025-11-13 07:28:43 [INFO] ✅ Loaded route: /api/sd
2025-11-13 07:28:43 [INFO] ✅ Loaded route: /api/community
2025-11-13 07:28:43 [INFO] ✅ Loaded route: /api/feedback
2025-11-13 07:28:43 [INFO] ✅ Loaded route: /api/analytics
2025-11-13 07:28:43 [INFO] ✅ Loaded route: /api/dream-diary
2025-11-13 07:28:43 [INFO] ✅ Loaded route: /api/recent-activity
2025-11-13 07:28:43 [INFO] ✅ Loaded route: /api/activity
2025-11-13 07:28:43 [INFO] ✅ Loaded route: /api/generate-image
2025-11-13 07:28:43 [INFO] ✅ Backend Running on 0.0.0.0:5000
2025-11-13 07:28:43 [INFO] 🌐 Access at: http://localhost:5000
2025-11-13 07:28:44 [INFO] ✅ MongoDB Connected Successfully (Local)
2025-11-13 07:28:44 [INFO] ✅ Database initialized
2025-11-13 07:35:50 [INFO] ✅ Loaded route: /api/auth
2025-11-13 07:35:50 [INFO] ✅ Loaded route: /api/dreams
2025-11-13 07:35:50 [INFO] ✅ Loaded route: /api/chatbot
2025-11-13 07:35:50 [INFO] ✅ Loaded route: /api/sd
2025-11-13 07:35:50 [INFO] ✅ Loaded route: /api/community
2025-11-13 07:35:50 [INFO] ✅ Loaded route: /api/feedback
2025-11-13 07:35:50 [INFO] ✅ Loaded route: /api/analytics
2025-11-13 07:35:50 [INFO] ✅ Loaded route: /api/dream-diary
2025-11-13 07:35:50 [INFO] ✅ Loaded route: /api/recent-activity
2025-11-13 07:35:50 [INFO] ✅ Loaded route: /api/activity
2025-11-13 07:35:50 [INFO] ✅ Loaded route: /api/generate-image
2025-11-13 07:35:50 [INFO] ✅ Backend Running on 0.0.0.0:5000
2025-11-13 07:35:50 [INFO] 🌐 Access at: http://localhost:5000
2025-11-13 07:35:50 [INFO] ✅ MongoDB Connected Successfully (Local)
2025-11-13 07:35:50 [INFO] ✅ Database initialized
2025-11-13 07:36:37 [INFO] [Image Generation] Request received - Prompt: "i was queen"
2025-11-13 07:36:37 [ERROR] [Image Generation] Error generating image:
2025-11-13 07:36:39 [INFO] [Image Generation] Request received - Prompt: "i was queen"
2025-11-13 07:36:39 [ERROR] [Image Generation] Error generating image:
2025-11-13 07:36:43 [INFO] [Image Generation] Request received - Prompt: "i was queen"
2025-11-13 07:36:43 [ERROR] [Image Generation] Error generating image:
2025-11-13 18:27:18 [INFO] ✅ Loaded route: /api/auth
2025-11-13 18:27:23 [INFO] ✅ Loaded route: /api/dreams
2025-11-13 18:27:24 [INFO] ✅ Loaded route: /api/chatbot
2025-11-13 18:27:25 [INFO] ✅ Loaded route: /api/sd
2025-11-13 18:27:25 [INFO] ✅ Loaded route: /api/community
2025-11-13 18:27:26 [INFO] ✅ Loaded route: /api/feedback
2025-11-13 18:27:26 [INFO] ✅ Loaded route: /api/analytics
2025-11-13 18:27:26 [INFO] ✅ Loaded route: /api/dream-diary
2025-11-13 18:27:26 [INFO] ✅ Loaded route: /api/recent-activity
2025-11-13 18:27:26 [INFO] ✅ Loaded route: /api/activity
2025-11-13 18:27:26 [INFO] ✅ Loaded route: /api/generate-image
2025-11-13 18:27:30 [INFO] ✅ Backend Running on 0.0.0.0:5000
2025-11-13 18:27:30 [INFO] 🌐 Access at: http://localhost:5000
2025-11-13 18:27:30 [INFO] ✅ MongoDB Connected Successfully (Local)
2025-11-13 18:27:30 [INFO] ✅ Database initialized
2025-11-13 18:31:35 [INFO] [Image Generation] Request received - Prompt: "i was dancing like peacpock"
2025-11-13 18:31:42 [INFO] [Image Generation] Image generated in 6787ms: /uploads/sd-generated/00cf8e89-909f-44bd-9529-fc49e989f648.png
2025-11-13 18:33:00 [INFO] [Image Generation] Request received - Prompt: "i bought pair of shoes in my dream"
2025-11-13 18:33:07 [INFO] [Image Generation] Image generated in 6961ms: /uploads/sd-generated/c65d884b-1389-4c68-8c4c-4589cca8594a.png
2025-11-13 18:36:27 [INFO] [Image Generation] Request received - Prompt: "i was dancing like peacock"
2025-11-13 18:36:34 [INFO] [Image Generation] Image generated in 6856ms: /uploads/sd-generated/23c37e97-f7ab-436e-b10a-dda82c4107b0.png
2025-11-13 18:37:35 [INFO] [Image Generation] Request received - Prompt: "a beautiful landscape with mountains"
2025-11-13 18:37:42 [INFO] [Image Generation] Image generated in 6614ms: /uploads/sd-generated/75de3388-80ee-4b87-a437-eacefe1499dc.png
2025-11-13 18:40:08 [INFO] [Image Generation] Request received - Prompt: "i brought a beautifull umbrella from store but it has so many holes so i got sad in my dream"
2025-11-13 18:40:14 [INFO] [Image Generation] Image generated in 6657ms: /uploads/sd-generated/3742f617-6a0b-4707-a92b-94445b62f6f0.png
2025-11-13 18:43:33 [INFO] [Image Generation] Request received - Prompt: "me and my friend going to college but she fall to ground and she is crying and im consoling her"
2025-11-13 18:43:40 [INFO] [Image Generation] Image generated in 6819ms: /uploads/sd-generated/4a5a40c8-7a19-49f1-9484-8b0605c13085.png
2025-11-13 18:49:47 [INFO] [Image Generation] Request received - Prompt: "i was going to buy laptop in the store with so much happiness and end up with not buying anything so  i am so sad"
2025-11-13 18:49:53 [INFO] [Image Generation] Image generated in 6589ms: /uploads/sd-generated/087a9439-e1c3-47b0-bb46-6ed1da4aa6af.png
2025-11-13 19:18:02 [INFO] [Image Generation] Request received - Prompt: "i was upset when my boyfriend scholds me"
2025-11-13 19:18:12 [INFO] [Image Generation] Image generated in 10754ms: /uploads/sd-generated/6017aa75-7096-4ab8-9e8e-728e87735642.png
2025-11-13 19:20:06 [INFO] [Image Generation] Request received - Prompt: "i saw a beautifull girl she just look like a lotus"
2025-11-13 19:20:14 [INFO] [Image Generation] Image generated in 8420ms: /uploads/sd-generated/b1fcf891-d25c-46da-b26c-245e1ecc8c97.png
2025-11-13 19:31:11 [INFO] ✅ Loaded route: /api/auth
2025-11-13 19:31:11 [INFO] ✅ Loaded route: /api/dreams
2025-11-13 19:31:11 [INFO] ✅ Loaded route: /api/chatbot
2025-11-13 19:31:11 [INFO] ✅ Loaded route: /api/sd
2025-11-13 19:31:11 [INFO] ✅ Loaded route: /api/community
2025-11-13 19:31:11 [INFO] ✅ Loaded route: /api/feedback
2025-11-13 19:31:11 [INFO] ✅ Loaded route: /api/analytics
2025-11-13 19:31:11 [INFO] ✅ Loaded route: /api/dream-diary
2025-11-13 19:31:11 [INFO] ✅ Loaded route: /api/recent-activity
2025-11-13 19:31:11 [INFO] ✅ Loaded route: /api/activity
2025-11-13 19:31:11 [INFO] ✅ Loaded route: /api/generate-image
2025-11-13 19:31:11 [INFO] ✅ Backend Running on 0.0.0.0:5000
2025-11-13 19:31:11 [INFO] 🌐 Access at: http://localhost:5000
2025-11-13 19:31:11 [INFO] ✅ MongoDB Connected Successfully (Local)
2025-11-13 19:31:11 [INFO] ✅ Database initialized
2025-11-13 19:33:03 [INFO] [Image Generation] Request received - Prompt: "i went zoo to panda in a cage"
2025-11-13 19:33:15 [INFO] [Image Generation] Image generated in 12282ms: /uploads/sd-generated/abd7df36-e29b-453d-a664-e278f126e9ba.png
2025-11-13 19:35:27 [INFO] [Image Generation] Request received - Prompt: "I was calling girl."
2025-11-13 19:35:34 [INFO] [Image Generation] Image generated in 7007ms: /uploads/sd-generated/e0b275c3-a9bd-4380-9658-84e50b88d6cb.png
2025-11-13 19:42:00 [INFO] ✅ Loaded route: /api/auth
2025-11-13 19:42:06 [INFO] ✅ Loaded route: /api/dreams
2025-11-13 19:42:07 [INFO] ✅ Loaded route: /api/chatbot
2025-11-13 19:42:09 [INFO] ✅ Loaded route: /api/sd
2025-11-13 19:42:09 [INFO] ✅ Loaded route: /api/community
2025-11-13 19:42:09 [INFO] ✅ Loaded route: /api/feedback
2025-11-13 19:42:09 [INFO] ✅ Loaded route: /api/analytics
2025-11-13 19:42:09 [INFO] ✅ Loaded route: /api/dream-diary
2025-11-13 19:42:09 [INFO] ✅ Loaded route: /api/recent-activity
2025-11-13 19:42:09 [INFO] ✅ Loaded route: /api/activity
2025-11-13 19:42:09 [INFO] ✅ Loaded route: /api/generate-image
2025-11-13 19:42:13 [INFO] ✅ Backend Running on 0.0.0.0:5000
2025-11-13 19:42:13 [INFO] 🌐 Access at: http://localhost:5000
2025-11-13 19:42:13 [INFO] ✅ MongoDB Connected Successfully (Local)
2025-11-13 19:42:13 [INFO] ✅ Database initialized
2025-11-13 19:48:54 [INFO] [Image Generation] Request received - Prompt: "i was dancing in between snow"
2025-11-13 19:49:07 [INFO] [Image Generation] Image generated in 13163ms: /uploads/sd-generated/433ffc5c-9beb-4e57-bca4-90eac989503d.png
2025-11-13 20:51:36 [INFO] ✅ Loaded route: /api/auth
2025-11-13 20:51:43 [INFO] ✅ Loaded route: /api/dreams
2025-11-13 20:51:43 [INFO] ✅ Loaded route: /api/chatbot
2025-11-13 20:51:45 [INFO] ✅ Loaded route: /api/sd
2025-11-13 20:51:45 [INFO] ✅ Loaded route: /api/community
2025-11-13 20:51:45 [INFO] ✅ Loaded route: /api/feedback
2025-11-13 20:51:45 [INFO] ✅ Loaded route: /api/analytics
2025-11-13 20:51:46 [INFO] ✅ Loaded route: /api/dream-diary
2025-11-13 20:51:46 [INFO] ✅ Loaded route: /api/recent-activity
2025-11-13 20:51:46 [INFO] ✅ Loaded route: /api/activity
2025-11-13 20:51:46 [INFO] ✅ Loaded route: /api/generate-image
2025-11-13 20:51:50 [INFO] ✅ Backend Running on 0.0.0.0:5000
2025-11-13 20:51:50 [INFO] 🌐 Access at: http://localhost:5000
2025-11-13 20:51:50 [INFO] ✅ MongoDB Connected Successfully (Local)
2025-11-13 20:51:50 [INFO] ✅ Database initialized
2025-11-13 20:56:41 [INFO] [Image Generation] Request received - Prompt: "i was dancing with my teddybear toy"
2025-11-13 20:56:57 [INFO] [Image Generation] Image generated in 15825ms: /uploads/sd-generated/009450fa-0a88-454c-82a9-d1ed2e06b5b6.png
2025-11-13 21:01:35 [INFO] [Image Generation] Request received - Prompt: "when i taking shower monkey sneeked to my washroom and i scremed with fear"
2025-11-13 21:01:44 [INFO] [Image Generation] Image generated in 9674ms: /uploads/sd-generated/a137ccb5-4ea9-4866-9c4a-714523790a8d.png
2025-11-13 21:01:52 [INFO] [Image Generation] Serving from cache for prompt: when i taking shower monkey sneeked to my washroom...
2025-11-13 22:02:00 [INFO] ✅ Loaded route: /api/auth
2025-11-13 22:02:01 [INFO] ✅ Loaded route: /api/dreams
2025-11-13 22:02:01 [INFO] ✅ Loaded route: /api/chatbot
2025-11-13 22:02:01 [INFO] ✅ Loaded route: /api/sd
2025-11-13 22:02:01 [INFO] ✅ Loaded route: /api/community
2025-11-13 22:02:01 [INFO] ✅ Loaded route: /api/feedback
2025-11-13 22:02:01 [INFO] ✅ Loaded route: /api/analytics
2025-11-13 22:02:01 [INFO] ✅ Loaded route: /api/dream-diary
2025-11-13 22:02:01 [INFO] ✅ Loaded route: /api/recent-activity
2025-11-13 22:02:01 [INFO] ✅ Loaded route: /api/activity
2025-11-13 22:02:01 [INFO] ✅ Loaded route: /api/generate-image
2025-11-13 22:02:01 [INFO] ✅ Backend Running on 0.0.0.0:5000
2025-11-13 22:02:01 [INFO] 🌐 Access at: http://localhost:5000
2025-11-13 22:02:01 [INFO] ✅ MongoDB Connected Successfully (Local)
2025-11-13 22:02:01 [INFO] ✅ Database initialized
2025-11-13 22:04:31 [INFO] [Image Generation] Request received - Prompt: "i was dancing with skating shoes in the road"
2025-11-13 22:04:47 [INFO] [Image Generation] Image generated in 16278ms: /uploads/sd-generated/f40de5ae-1f6e-4954-bcf5-8a0cbfc7565f.png
2025-11-13 22:05:51 [INFO] [Image Generation] Request received - Prompt: "i was dancing under snow"
2025-11-13 22:06:02 [INFO] [Image Generation] Image generated in 11706ms: /uploads/sd-generated/a1c8e2f4-0247-4258-a216-56808555caec.png
2025-11-13 22:11:25 [INFO] ✅ Loaded route: /api/auth
2025-11-13 22:11:26 [INFO] ✅ Loaded route: /api/dreams
2025-11-13 22:11:26 [INFO] ✅ Loaded route: /api/chatbot
2025-11-13 22:11:26 [INFO] ✅ Loaded route: /api/sd
2025-11-13 22:11:26 [INFO] ✅ Loaded route: /api/community
2025-11-13 22:11:26 [INFO] ✅ Loaded route: /api/feedback
2025-11-13 22:11:26 [INFO] ✅ Loaded route: /api/analytics
2025-11-13 22:11:26 [INFO] ✅ Loaded route: /api/dream-diary
2025-11-13 22:11:26 [INFO] ✅ Loaded route: /api/recent-activity
2025-11-13 22:11:26 [INFO] ✅ Loaded route: /api/activity
2025-11-13 22:11:26 [INFO] ✅ Loaded route: /api/generate-image
2025-11-13 22:11:26 [INFO] ✅ Backend Running on 0.0.0.0:5000
2025-11-13 22:11:26 [INFO] 🌐 Access at: http://localhost:5000
2025-11-13 22:11:26 [INFO] ✅ MongoDB Connected Successfully (Local)
2025-11-13 22:11:26 [INFO] ✅ Database initialized
2025-11-13 22:13:47 [INFO] [Image Generation] Request received - Prompt: "i was hanging myself due to heavy dpression and anxiety in my dream"
2025-11-13 22:14:03 [INFO] [Image Generation] Image generated in 16254ms: /uploads/sd-generated/beb5250a-6a9f-4e3b-8ad2-3d76e74da31b.png
2025-11-14 07:37:59 [INFO] ✅ Loaded route: /api/auth
2025-11-14 07:38:06 [INFO] ✅ Loaded route: /api/dreams
2025-11-14 07:38:06 [INFO] ✅ Loaded route: /api/chatbot
2025-11-14 07:38:09 [INFO] ✅ Loaded route: /api/sd
2025-11-14 07:38:09 [INFO] ✅ Loaded route: /api/community
2025-11-14 07:38:09 [INFO] ✅ Loaded route: /api/feedback
2025-11-14 07:38:09 [INFO] ✅ Loaded route: /api/analytics
2025-11-14 07:38:09 [INFO] ✅ Loaded route: /api/dream-diary
2025-11-14 07:38:09 [INFO] ✅ Loaded route: /api/recent-activity
2025-11-14 07:38:09 [INFO] ✅ Loaded route: /api/activity
2025-11-14 07:38:09 [INFO] ✅ Loaded route: /api/generate-image
2025-11-14 07:38:13 [INFO] ✅ Backend Running on 0.0.0.0:5000
2025-11-14 07:38:13 [INFO] 🌐 Access at: http://localhost:5000
2025-11-14 07:38:13 [INFO] ✅ MongoDB Connected Successfully (Local)
2025-11-14 07:38:13 [INFO] ✅ Database initialized
2025-11-14 07:42:46 [INFO] [Image Generation] Request received - Prompt: "i was swimming in the ocean"
2025-11-14 07:43:01 [INFO] [Image Generation] Image generated in 15595ms: /uploads/sd-generated/d4e72105-ad4b-4af5-9644-ba24c3965e0b.png
2025-11-14 15:09:38 [INFO] ✅ Loaded route: /api/auth
2025-11-14 15:09:44 [INFO] ✅ Loaded route: /api/dreams
2025-11-14 15:09:44 [INFO] ✅ Loaded route: /api/chatbot
2025-11-14 15:09:46 [INFO] ✅ Loaded route: /api/sd
2025-11-14 15:09:46 [INFO] ✅ Loaded route: /api/community
2025-11-14 15:09:46 [INFO] ✅ Loaded route: /api/feedback
2025-11-14 15:09:46 [INFO] ✅ Loaded route: /api/analytics
2025-11-14 15:09:46 [INFO] ✅ Loaded route: /api/dream-diary
2025-11-14 15:09:46 [INFO] ✅ Loaded route: /api/recent-activity
2025-11-14 15:09:46 [INFO] ✅ Loaded route: /api/activity
2025-11-14 15:09:46 [INFO] ✅ Loaded route: /api/generate-image
2025-11-14 15:09:50 [INFO] ✅ Backend Running on 0.0.0.0:5000
2025-11-14 15:09:50 [INFO] 🌐 Access at: http://localhost:5000
2025-11-14 15:09:50 [INFO] ✅ MongoDB Connected Successfully (Local)
2025-11-14 15:09:50 [INFO] ✅ Database initialized
2025-11-14 15:25:36 [INFO] [Image Generation] Request received - Prompt: "i was standing between the whole class to read a book in my dream"
2025-11-14 15:25:51 [INFO] [Image Generation] Image generated in 14245ms: /uploads/sd-generated/b83ac43e-9704-429b-bd5f-53cc62ec710b.png
2025-11-14 15:28:11 [INFO] [Image Generation] Request received - Prompt: "in my dream some alians are ruling the coutry by siting on the king seat"
2025-11-14 15:28:21 [INFO] [Image Generation] Image generated in 10159ms: /uploads/sd-generated/84d5a65c-4658-4ca4-ae08-6e2115478fcc.png
2025-11-14 15:29:25 [INFO] [Image Generation] Request received - Prompt: "i lost my friend in between the crowd"
2025-11-14 15:29:35 [INFO] [Image Generation] Image generated in 9662ms: /uploads/sd-generated/25982586-cc36-4796-9767-3a88b5b6fbf8.png
2025-11-14 15:30:35 [INFO] [Image Generation] Request received - Prompt: "i saw a zombie in my dream"
2025-11-14 15:30:45 [INFO] [Image Generation] Image generated in 10134ms: /uploads/sd-generated/4992aad0-6090-4c8b-9d59-b015b4ba5a96.png
2025-11-14 15:32:10 [INFO] [Image Generation] Request received - Prompt: "i saw a zombie and i got extremely fear"
2025-11-14 15:32:20 [INFO] [Image Generation] Image generated in 10692ms: /uploads/sd-generated/fd2017d9-afc1-4900-9b5c-8f1a7672fc41.png
2025-11-14 16:59:05 [INFO] ✅ Loaded route: /api/auth
2025-11-14 16:59:11 [INFO] ✅ Loaded route: /api/dreams
2025-11-14 16:59:11 [INFO] ✅ Loaded route: /api/chatbot
2025-11-14 16:59:13 [INFO] ✅ Loaded route: /api/sd
2025-11-14 16:59:13 [INFO] ✅ Loaded route: /api/community
2025-11-14 16:59:13 [INFO] ✅ Loaded route: /api/feedback
2025-11-14 16:59:13 [INFO] ✅ Loaded route: /api/analytics
2025-11-14 16:59:14 [INFO] ✅ Loaded route: /api/dream-diary
2025-11-14 16:59:14 [ERROR] ❌ Error loading route /api/dream-diary-enhanced:
2025-11-14 16:59:14 [INFO] ✅ Loaded route: /api/recent-activity
2025-11-14 16:59:14 [INFO] ✅ Loaded route: /api/activity
2025-11-14 16:59:14 [INFO] ✅ Loaded route: /api/generate-image
2025-11-14 16:59:17 [INFO] ✅ Backend Running on 0.0.0.0:5000
2025-11-14 16:59:17 [INFO] 🌐 Access at: http://localhost:5000
2025-11-14 16:59:17 [INFO] ✅ MongoDB Connected Successfully (Local)
2025-11-14 16:59:17 [INFO] ✅ Database initialized
2025-11-14 17:00:46 [INFO] [Image Generation] Request received - Prompt: "i was student at oxford school"
2025-11-14 17:01:02 [INFO] [Image Generation] Image generated in 15482ms: /uploads/sd-generated/fff7c957-5bb1-4872-8263-21970bb080f5.png
2025-11-14 17:08:12 [INFO] ✅ Loaded route: /api/auth
2025-11-14 17:08:18 [INFO] ✅ Loaded route: /api/dreams
2025-11-14 17:08:18 [INFO] ✅ Loaded route: /api/chatbot
2025-11-14 17:08:20 [INFO] ✅ Loaded route: /api/sd
2025-11-14 17:08:20 [INFO] ✅ Loaded route: /api/community
2025-11-14 17:08:20 [INFO] ✅ Loaded route: /api/feedback
2025-11-14 17:08:20 [INFO] ✅ Loaded route: /api/analytics
2025-11-14 17:08:20 [INFO] ✅ Loaded route: /api/dream-diary
2025-11-14 17:08:20 [INFO] ✅ Loaded route: /api/dream-diary/v2
2025-11-14 17:08:20 [INFO] ✅ Loaded route: /api/recent-activity
2025-11-14 17:08:20 [INFO] ✅ Loaded route: /api/activity
2025-11-14 17:08:20 [INFO] ✅ Loaded route: /api/generate-image
2025-11-14 17:08:24 [INFO] ✅ Backend Running on 0.0.0.0:5000
2025-11-14 17:08:24 [INFO] 🌐 Access at: http://localhost:5000
2025-11-14 17:08:24 [INFO] ✅ MongoDB Connected Successfully (Local)
2025-11-14 17:08:24 [INFO] ✅ Database initialized
2025-11-14 17:12:05 [INFO] [Image Generation] Request received - Prompt: "i start to read with more passion"
2025-11-14 17:12:15 [INFO] [Image Generation] Image generated in 10496ms: /uploads/sd-generated/3e62d52f-5137-49e1-b451-8037ad4f8762.png
2025-11-14 17:21:21 [INFO] ✅ Loaded route: /api/auth
2025-11-14 17:21:21 [INFO] ✅ Loaded route: /api/dreams
2025-11-14 17:21:21 [INFO] ✅ Loaded route: /api/chatbot
2025-11-14 17:21:21 [INFO] ✅ Loaded route: /api/sd
2025-11-14 17:21:21 [INFO] ✅ Loaded route: /api/community
2025-11-14 17:21:21 [INFO] ✅ Loaded route: /api/feedback
2025-11-14 17:21:21 [INFO] ✅ Loaded route: /api/analytics
2025-11-14 17:21:21 [INFO] ✅ Loaded route: /api/dream-diary
2025-11-14 17:21:21 [INFO] ✅ Loaded route: /api/dream-diary/v2
2025-11-14 17:21:21 [INFO] ✅ Loaded route: /api/recent-activity
2025-11-14 17:21:21 [INFO] ✅ Loaded route: /api/activity
2025-11-14 17:21:21 [INFO] ✅ Loaded route: /api/generate-image
2025-11-14 17:21:22 [INFO] ✅ Backend Running on 0.0.0.0:5000
2025-11-14 17:21:22 [INFO] 🌐 Access at: http://localhost:5000
2025-11-14 17:21:22 [INFO] ✅ MongoDB Connected Successfully (Local)
2025-11-14 17:21:22 [INFO] ✅ Database initialized
2025-11-14 17:22:23 [INFO] [Image Generation] Request received - Prompt: "i was dancing"
2025-11-14 17:22:33 [INFO] [Image Generation] Image generated in 9703ms: /uploads/sd-generated/edea4789-2b0c-4f06-beff-9675995bb577.png
2025-11-14 17:33:08 [INFO] ✅ Loaded route: /api/auth
2025-11-14 17:33:08 [INFO] ✅ Loaded route: /api/dreams
2025-11-14 17:33:08 [INFO] ✅ Loaded route: /api/chatbot
2025-11-14 17:33:09 [INFO] ✅ Loaded route: /api/sd
2025-11-14 17:33:09 [INFO] ✅ Loaded route: /api/community
2025-11-14 17:33:09 [INFO] ✅ Loaded route: /api/feedback
2025-11-14 17:33:09 [INFO] ✅ Loaded route: /api/analytics
2025-11-14 17:33:09 [INFO] ✅ Loaded route: /api/dream-diary
2025-11-14 17:33:09 [INFO] ✅ Loaded route: /api/dream-diary/v2
2025-11-14 17:33:09 [INFO] ✅ Loaded route: /api/recent-activity
2025-11-14 17:33:09 [INFO] ✅ Loaded route: /api/activity
2025-11-14 17:33:09 [INFO] ✅ Loaded route: /api/generate-image
2025-11-14 17:33:09 [INFO] ✅ Backend Running on 0.0.0.0:5000
2025-11-14 17:33:09 [INFO] 🌐 Access at: http://localhost:5000
2025-11-14 17:33:09 [INFO] ✅ MongoDB Connected Successfully (Local)
2025-11-14 17:33:09 [INFO] ✅ Database initialized
2025-11-14 17:35:17 [INFO] [Image Generation] Request received - Prompt: "i saw a beautiful flower"
2025-11-14 17:35:30 [INFO] [Image Generation] Image generated in 13743ms: /uploads/sd-generated/6d072a13-9c5e-4fc6-9b37-cbd9f0335778.png
2025-11-14 17:40:11 [INFO] ✅ Loaded route: /api/auth
2025-11-14 17:40:11 [INFO] ✅ Loaded route: /api/dreams
2025-11-14 17:40:11 [INFO] ✅ Loaded route: /api/chatbot
2025-11-14 17:40:11 [INFO] ✅ Loaded route: /api/sd
2025-11-14 17:40:11 [INFO] ✅ Loaded route: /api/community
2025-11-14 17:40:11 [INFO] ✅ Loaded route: /api/feedback
2025-11-14 17:40:11 [INFO] ✅ Loaded route: /api/analytics
2025-11-14 17:40:11 [INFO] ✅ Loaded route: /api/dream-diary
2025-11-14 17:40:11 [INFO] ✅ Loaded route: /api/dream-diary/v2
2025-11-14 17:40:11 [INFO] ✅ Loaded route: /api/recent-activity
2025-11-14 17:40:11 [INFO] ✅ Loaded route: /api/activity
2025-11-14 17:40:11 [INFO] ✅ Loaded route: /api/generate-image
2025-11-14 17:40:11 [INFO] ✅ Backend Running on 0.0.0.0:5000
2025-11-14 17:40:11 [INFO] 🌐 Access at: http://localhost:5000
2025-11-14 17:40:12 [INFO] ✅ MongoDB Connected Successfully (Local)
2025-11-14 17:40:12 [INFO] ✅ Database initialized
2025-11-14 17:55:50 [INFO] ✅ Loaded route: /api/auth
2025-11-14 17:55:50 [INFO] ✅ Loaded route: /api/dreams
2025-11-14 17:55:50 [INFO] ✅ Loaded route: /api/chatbot
2025-11-14 17:55:51 [INFO] ✅ Loaded route: /api/sd
2025-11-14 17:55:51 [INFO] ✅ Loaded route: /api/community
2025-11-14 17:55:51 [INFO] ✅ Loaded route: /api/feedback
2025-11-14 17:55:51 [INFO] ✅ Loaded route: /api/analytics
2025-11-14 17:55:51 [INFO] ✅ Loaded route: /api/dream-diary
2025-11-14 17:55:51 [INFO] ✅ Loaded route: /api/recent-activity
2025-11-14 17:55:51 [INFO] ✅ Loaded route: /api/activity
2025-11-14 17:55:51 [INFO] ✅ Loaded route: /api/generate-image
2025-11-14 17:55:51 [INFO] ✅ Backend Running on 0.0.0.0:5000
2025-11-14 17:55:51 [INFO] 🌐 Access at: http://localhost:5000
2025-11-14 17:55:51 [INFO] ✅ MongoDB Connected Successfully (Local)
2025-11-14 17:55:51 [INFO] ✅ Database initialized
2025-11-14 17:56:37 [INFO] [Image Generation] Request received - Prompt: "i was dancing"
2025-11-14 17:56:51 [INFO] [Image Generation] Image generated in 13518ms: /uploads/sd-generated/25a83783-debd-4362-8215-2ba949563a05.png
2025-11-15 10:18:37 [INFO] ✅ Loaded route: /api/auth
2025-11-15 10:18:43 [INFO] ✅ Loaded route: /api/dreams
2025-11-15 10:18:43 [INFO] ✅ Loaded route: /api/chatbot
2025-11-15 10:18:45 [INFO] ✅ Loaded route: /api/sd
2025-11-15 10:18:45 [INFO] ✅ Loaded route: /api/community
2025-11-15 10:18:45 [INFO] ✅ Loaded route: /api/feedback
2025-11-15 10:18:45 [INFO] ✅ Loaded route: /api/analytics
2025-11-15 10:18:46 [INFO] ✅ Loaded route: /api/dream-diary
2025-11-15 10:18:46 [INFO] ✅ Loaded route: /api/recent-activity
2025-11-15 10:18:46 [INFO] ✅ Loaded route: /api/activity
2025-11-15 10:18:46 [INFO] ✅ Loaded route: /api/generate-image
2025-11-15 10:18:49 [INFO] ✅ Backend Running on 0.0.0.0:5000
2025-11-15 10:18:49 [INFO] 🌐 Access at: http://localhost:5000
2025-11-15 10:18:49 [INFO] ✅ MongoDB Connected Successfully (Local)
2025-11-15 10:18:49 [INFO] ✅ Database initialized
2025-11-15 10:22:34 [INFO] [Image Generation] Request received - Prompt: "i was singing a beautifull song"
2025-11-15 10:22:51 [INFO] [Image Generation] Image generated in 17431ms: /uploads/sd-generated/ed044d64-3507-4288-b82f-354b44b5efe9.png
2025-11-15 10:47:33 [INFO] ✅ Loaded route: /api/auth
2025-11-15 10:47:40 [INFO] ✅ Loaded route: /api/dreams
2025-11-15 10:47:40 [INFO] ✅ Loaded route: /api/chatbot
2025-11-15 10:47:42 [INFO] ✅ Loaded route: /api/sd
2025-11-15 10:47:42 [INFO] ✅ Loaded route: /api/community
2025-11-15 10:47:42 [INFO] ✅ Loaded route: /api/feedback
2025-11-15 10:47:43 [INFO] ✅ Loaded route: /api/analytics
2025-11-15 10:47:43 [INFO] ✅ Loaded route: /api/dream-diary
2025-11-15 10:47:43 [INFO] ✅ Loaded route: /api/recent-activity
2025-11-15 10:47:43 [INFO] ✅ Loaded route: /api/activity
2025-11-15 10:47:43 [INFO] ✅ Loaded route: /api/generate-image
2025-11-15 10:47:47 [INFO] ✅ Backend Running on 0.0.0.0:5000
2025-11-15 10:47:47 [INFO] 🌐 Access at: http://localhost:5000
2025-11-15 10:47:47 [INFO] ✅ MongoDB Connected Successfully (Local)
2025-11-15 10:47:47 [INFO] ✅ Database initialized
2025-11-15 10:53:14 [INFO] [Image Generation] Request received - Prompt: "i was dancing"
2025-11-15 10:53:27 [INFO] [Image Generation] Image generated in 13376ms: /uploads/sd-generated/a3789d11-be86-4401-b682-50c3e6318213.png
2025-11-15 11:05:14 [INFO] ✅ Loaded route: /api/auth
2025-11-15 11:05:14 [INFO] ✅ Loaded route: /api/dreams
2025-11-15 11:05:14 [INFO] ✅ Loaded route: /api/chatbot
2025-11-15 11:05:14 [INFO] ✅ Loaded route: /api/sd
2025-11-15 11:05:14 [INFO] ✅ Loaded route: /api/community
2025-11-15 11:05:14 [INFO] ✅ Loaded route: /api/feedback
2025-11-15 11:05:14 [INFO] ✅ Loaded route: /api/analytics
2025-11-15 11:05:14 [INFO] ✅ Loaded route: /api/dream-diary
2025-11-15 11:05:14 [INFO] ✅ Loaded route: /api/recent-activity
2025-11-15 11:05:14 [INFO] ✅ Loaded route: /api/activity
2025-11-15 11:05:14 [INFO] ✅ Loaded route: /api/generate-image
2025-11-15 11:05:14 [INFO] ✅ Backend Running on 0.0.0.0:5000
2025-11-15 11:05:14 [INFO] 🌐 Access at: http://localhost:5000
2025-11-15 11:05:14 [INFO] ✅ MongoDB Connected Successfully (Local)
2025-11-15 11:05:14 [INFO] ✅ Database initialized
2025-11-15 11:06:56 [INFO] [Image Generation] Request received - Prompt: "i was standing in between my father and mother"
2025-11-15 11:07:09 [INFO] [Image Generation] Image generated in 13570ms: /uploads/sd-generated/2c3ae9a0-e191-4215-8779-322054690e19.png
2025-11-15 11:22:32 [INFO] ✅ Loaded route: /api/auth
2025-11-15 11:22:32 [INFO] ✅ Loaded route: /api/dreams
2025-11-15 11:22:32 [INFO] ✅ Loaded route: /api/chatbot
2025-11-15 11:22:33 [INFO] ✅ Loaded route: /api/sd
2025-11-15 11:22:33 [INFO] ✅ Loaded route: /api/community
2025-11-15 11:22:33 [INFO] ✅ Loaded route: /api/feedback
2025-11-15 11:22:33 [INFO] ✅ Loaded route: /api/analytics
2025-11-15 11:22:33 [INFO] ✅ Loaded route: /api/dream-diary
2025-11-15 11:22:33 [INFO] ✅ Loaded route: /api/recent-activity
2025-11-15 11:22:33 [INFO] ✅ Loaded route: /api/activity
2025-11-15 11:22:33 [INFO] ✅ Loaded route: /api/generate-image
2025-11-15 11:22:33 [INFO] ✅ Backend Running on 0.0.0.0:5001
2025-11-15 11:22:33 [INFO] 🌐 Access at: http://localhost:5001
2025-11-15 11:22:33 [INFO] ✅ MongoDB Connected Successfully (Local)
2025-11-15 11:22:33 [INFO] ✅ Database initialized
2025-11-15 11:24:12 [INFO] ✅ Loaded route: /api/auth
2025-11-15 11:24:12 [INFO] ✅ Loaded route: /api/dreams
2025-11-15 11:24:12 [INFO] ✅ Loaded route: /api/chatbot
2025-11-15 11:24:12 [INFO] ✅ Loaded route: /api/sd
2025-11-15 11:24:12 [INFO] ✅ Loaded route: /api/community
2025-11-15 11:24:12 [INFO] ✅ Loaded route: /api/feedback
2025-11-15 11:24:12 [INFO] ✅ Loaded route: /api/analytics
2025-11-15 11:24:12 [INFO] ✅ Loaded route: /api/dream-diary
2025-11-15 11:24:12 [INFO] ✅ Loaded route: /api/recent-activity
2025-11-15 11:24:12 [INFO] ✅ Loaded route: /api/activity
2025-11-15 11:24:12 [INFO] ✅ Loaded route: /api/generate-image
2025-11-15 11:24:12 [INFO] ✅ Backend Running on 0.0.0.0:5000
2025-11-15 11:24:12 [INFO] 🌐 Access at: http://localhost:5000
2025-11-15 11:24:12 [INFO] ✅ MongoDB Connected Successfully (Local)
2025-11-15 11:24:12 [INFO] ✅ Database initialized
2025-11-15 11:25:28 [INFO] [Image Generation] Request received - Prompt: "i was mother one child"
2025-11-15 11:25:41 [INFO] [Image Generation] Image generated in 13762ms: /uploads/sd-generated/1af94ae0-5e74-4563-a5c8-1336fa09a093.png
2025-11-15 11:37:49 [INFO] ✅ Loaded route: /api/auth
2025-11-15 11:37:49 [INFO] ✅ Loaded route: /api/dreams
2025-11-15 11:37:49 [INFO] ✅ Loaded route: /api/chatbot
2025-11-15 11:37:49 [INFO] ✅ Loaded route: /api/sd
2025-11-15 11:37:49 [INFO] ✅ Loaded route: /api/community
2025-11-15 11:37:49 [INFO] ✅ Loaded route: /api/feedback
2025-11-15 11:37:49 [INFO] ✅ Loaded route: /api/analytics
2025-11-15 11:37:49 [INFO] ✅ Loaded route: /api/dream-diary
2025-11-15 11:37:49 [INFO] ✅ Loaded route: /api/recent-activity
2025-11-15 11:37:49 [INFO] ✅ Loaded route: /api/activity
2025-11-15 11:37:49 [INFO] ✅ Loaded route: /api/generate-image
2025-11-15 11:37:49 [INFO] ✅ Backend Running on 0.0.0.0:5000
2025-11-15 11:37:49 [INFO] 🌐 Access at: http://localhost:5000
2025-11-15 11:37:49 [INFO] ✅ MongoDB Connected Successfully (Local)
2025-11-15 11:37:49 [INFO] ✅ Database initialized
2025-11-15 11:39:34 [INFO] [Image Generation] Request received - Prompt: "i fall to ground"
2025-11-15 11:39:48 [INFO] [Image Generation] Image generated in 13570ms: /uploads/sd-generated/e1634203-0a25-4d98-9f11-f8ccdce18d2c.png
2025-11-15 11:57:21 [INFO] ✅ Loaded route: /api/auth
2025-11-15 11:57:21 [INFO] ✅ Loaded route: /api/dreams
2025-11-15 11:57:21 [INFO] ✅ Loaded route: /api/chatbot
2025-11-15 11:57:21 [INFO] ✅ Loaded route: /api/sd
2025-11-15 11:57:21 [INFO] ✅ Loaded route: /api/community
2025-11-15 11:57:21 [INFO] ✅ Loaded route: /api/feedback
2025-11-15 11:57:21 [INFO] ✅ Loaded route: /api/analytics
2025-11-15 11:57:21 [INFO] ✅ Loaded route: /api/dream-diary
2025-11-15 11:57:21 [INFO] ✅ Loaded route: /api/recent-activity
2025-11-15 11:57:21 [INFO] ✅ Loaded route: /api/activity
2025-11-15 11:57:21 [INFO] ✅ Loaded route: /api/generate-image
2025-11-15 11:57:21 [INFO] ✅ Backend Running on 0.0.0.0:5000
2025-11-15 11:57:21 [INFO] 🌐 Access at: http://localhost:5000
2025-11-15 11:57:21 [INFO] ✅ MongoDB Connected Successfully (Local)
2025-11-15 11:57:21 [INFO] ✅ Database initialized
2025-11-15 11:58:59 [INFO] [Image Generation] Request received - Prompt: "i was giving birth to a beautifull baby girl"
2025-11-15 11:59:06 [INFO] [Image Generation] Image generated in 6841ms: /uploads/sd-generated/7ccbd019-48d1-4254-be84-aa614436d9a6.png
2025-11-15 12:16:51 [INFO] ✅ Loaded route: /api/auth
2025-11-15 12:16:51 [INFO] ✅ Loaded route: /api/dreams
2025-11-15 12:16:51 [INFO] ✅ Loaded route: /api/chatbot
2025-11-15 12:16:51 [INFO] ✅ Loaded route: /api/sd
2025-11-15 12:16:51 [INFO] ✅ Loaded route: /api/community
2025-11-15 12:16:51 [INFO] ✅ Loaded route: /api/feedback
2025-11-15 12:16:51 [INFO] ✅ Loaded route: /api/analytics
2025-11-15 12:16:51 [INFO] ✅ Loaded route: /api/dream-diary
2025-11-15 12:16:51 [INFO] ✅ Loaded route: /api/recent-activity
2025-11-15 12:16:51 [INFO] ✅ Loaded route: /api/activity
2025-11-15 12:16:51 [INFO] ✅ Loaded route: /api/generate-image
2025-11-15 12:16:51 [INFO] ✅ Backend Running on 0.0.0.0:5000
2025-11-15 12:16:51 [INFO] 🌐 Access at: http://localhost:5000
2025-11-15 12:16:51 [INFO] ✅ MongoDB Connected Successfully (Local)
2025-11-15 12:16:51 [INFO] ✅ Database initialized
2025-11-15 12:18:20 [INFO] [Image Generation] Request received - Prompt: "i was happy when i saw my grandparents"
2025-11-15 12:18:27 [INFO] [Image Generation] Image generated in 6691ms: /uploads/sd-generated/c1e10160-9b41-4d4c-8d93-0898b23edddb.png
2025-11-15 14:09:15 [INFO] ✅ Loaded route: /api/auth
2025-11-15 14:09:18 [INFO] ✅ Loaded route: /api/dreams
2025-11-15 14:09:18 [INFO] ✅ Loaded route: /api/chatbot
2025-11-15 14:09:19 [INFO] ✅ Loaded route: /api/sd
2025-11-15 14:09:19 [INFO] ✅ Loaded route: /api/community
2025-11-15 14:09:19 [INFO] ✅ Loaded route: /api/feedback
2025-11-15 14:09:19 [INFO] ✅ Loaded route: /api/analytics
2025-11-15 14:09:19 [INFO] ✅ Loaded route: /api/dream-diary
2025-11-15 14:09:19 [INFO] ✅ Loaded route: /api/recent-activity
2025-11-15 14:09:19 [INFO] ✅ Loaded route: /api/activity
2025-11-15 14:09:19 [INFO] ✅ Loaded route: /api/generate-image
2025-11-15 14:09:21 [INFO] ✅ Backend Running on 0.0.0.0:5000
2025-11-15 14:09:21 [INFO] 🌐 Access at: http://localhost:5000
2025-11-15 14:09:21 [INFO] ✅ MongoDB Connected Successfully (Local)
2025-11-15 14:09:21 [INFO] ✅ Database initialized
2025-11-15 14:11:53 [INFO] [Image Generation] Request received - Prompt: "i was chatting with my bf"
2025-11-15 14:12:08 [INFO] [Image Generation] Image generated in 15009ms: /uploads/sd-generated/0af2384b-2feb-4126-aeda-ec6c479cd49f.png
2025-11-15 14:27:12 [INFO] ✅ Loaded route: /api/auth
2025-11-15 14:27:12 [INFO] ✅ Loaded route: /api/dreams
2025-11-15 14:27:12 [INFO] ✅ Loaded route: /api/chatbot
2025-11-15 14:27:12 [INFO] ✅ Loaded route: /api/sd
2025-11-15 14:27:12 [INFO] ✅ Loaded route: /api/community
2025-11-15 14:27:12 [INFO] ✅ Loaded route: /api/feedback
2025-11-15 14:27:12 [INFO] ✅ Loaded route: /api/analytics
2025-11-15 14:27:12 [INFO] ✅ Loaded route: /api/dream-diary
2025-11-15 14:27:12 [INFO] ✅ Loaded route: /api/recent-activity
2025-11-15 14:27:12 [INFO] ✅ Loaded route: /api/activity
2025-11-15 14:27:12 [INFO] ✅ Loaded route: /api/generate-image
2025-11-15 14:27:12 [INFO] ✅ Backend Running on 0.0.0.0:5000
2025-11-15 14:27:12 [INFO] 🌐 Access at: http://localhost:5000
2025-11-15 14:27:12 [INFO] ✅ MongoDB Connected Successfully (Local)
2025-11-15 14:27:12 [INFO] ✅ Database initialized
2025-11-15 14:28:31 [INFO] [Image Generation] Request received - Prompt: "im very sad"
2025-11-15 14:28:41 [INFO] [Image Generation] Image generated in 10143ms: /uploads/sd-generated/124eea08-0c1f-4522-af38-4184fcf278aa.png
2025-11-15 14:57:35 [INFO] ✅ Loaded route: /api/auth
2025-11-15 14:57:35 [INFO] ✅ Loaded route: /api/dreams
2025-11-15 14:57:35 [INFO] ✅ Loaded route: /api/chatbot
2025-11-15 14:57:36 [INFO] ✅ Loaded route: /api/sd
2025-11-15 14:57:36 [INFO] ✅ Loaded route: /api/community
2025-11-15 14:57:36 [INFO] ✅ Loaded route: /api/feedback
2025-11-15 14:57:36 [INFO] ✅ Loaded route: /api/analytics
2025-11-15 14:57:36 [INFO] ✅ Loaded route: /api/dream-diary
2025-11-15 14:57:36 [INFO] ✅ Loaded route: /api/dream-diary/lifestyle
2025-11-15 14:57:36 [INFO] ✅ Loaded route: /api/recent-activity
2025-11-15 14:57:36 [INFO] ✅ Loaded route: /api/activity
2025-11-15 14:57:36 [INFO] ✅ Loaded route: /api/generate-image
2025-11-15 14:57:36 [INFO] ✅ Backend Running on 0.0.0.0:5000
2025-11-15 14:57:36 [INFO] 🌐 Access at: http://localhost:5000
2025-11-15 14:57:36 [INFO] ✅ MongoDB Connected Successfully (Local)
2025-11-15 14:57:36 [INFO] ✅ Database initialized
2025-11-15 15:06:17 [INFO] ✅ Loaded route: /api/auth
2025-11-15 15:06:17 [INFO] ✅ Loaded route: /api/dreams
2025-11-15 15:06:17 [INFO] ✅ Loaded route: /api/chatbot
2025-11-15 15:06:17 [INFO] ✅ Loaded route: /api/sd
2025-11-15 15:06:17 [INFO] ✅ Loaded route: /api/community
2025-11-15 15:06:17 [INFO] ✅ Loaded route: /api/feedback
2025-11-15 15:06:17 [INFO] ✅ Loaded route: /api/analytics
2025-11-15 15:06:17 [INFO] ✅ Loaded route: /api/dream-diary
2025-11-15 15:06:17 [INFO] ✅ Loaded route: /api/dream-diary/lifestyle
2025-11-15 15:06:17 [INFO] ✅ Loaded route: /api/recent-activity
2025-11-15 15:06:17 [INFO] ✅ Loaded route: /api/activity
2025-11-15 15:06:17 [INFO] ✅ Loaded route: /api/generate-image
2025-11-15 15:06:18 [INFO] ✅ Backend Running on 0.0.0.0:5000
2025-11-15 15:06:18 [INFO] 🌐 Access at: http://localhost:5000
2025-11-15 15:06:18 [INFO] ✅ MongoDB Connected Successfully (Local)
2025-11-15 15:06:18 [INFO] ✅ Database initialized
2025-11-15 15:09:44 [INFO] [Image Generation] Request received - Prompt: "im walking on a beach and i saw dolphine jumping out of ocean"
2025-11-15 15:09:59 [INFO] [Image Generation] Image generated in 14937ms: /uploads/sd-generated/d8f6cf0c-9eeb-4c72-bc19-600760101ffa.png
2025-11-15 19:28:54 [INFO] ✅ Loaded route: /api/auth
2025-11-15 19:29:00 [INFO] ✅ Loaded route: /api/dreams
2025-11-15 19:29:00 [INFO] ✅ Loaded route: /api/chatbot
2025-11-15 19:29:02 [INFO] ✅ Loaded route: /api/sd
2025-11-15 19:29:02 [INFO] ✅ Loaded route: /api/community
2025-11-15 19:29:02 [INFO] ✅ Loaded route: /api/feedback
2025-11-15 19:29:02 [INFO] ✅ Loaded route: /api/analytics
2025-11-15 19:29:02 [INFO] ✅ Loaded route: /api/dream-diary
2025-11-15 19:29:02 [INFO] ✅ Loaded route: /api/dream-diary/lifestyle
2025-11-15 19:29:03 [INFO] ✅ Loaded route: /api/recent-activity
2025-11-15 19:29:03 [INFO] ✅ Loaded route: /api/activity
2025-11-15 19:29:03 [INFO] ✅ Loaded route: /api/generate-image
2025-11-15 19:29:06 [INFO] ✅ Backend Running on 0.0.0.0:5000
2025-11-15 19:29:06 [INFO] 🌐 Access at: http://localhost:5000
2025-11-15 19:29:06 [INFO] ✅ MongoDB Connected Successfully (Local)
2025-11-15 19:29:06 [INFO] ✅ Database initialized
2025-11-15 19:34:50 [INFO] [Image Generation] Request received - Prompt: "i was riding in a car"
2025-11-15 19:35:05 [INFO] [Image Generation] Image generated in 15569ms: /uploads/sd-generated/290d932b-ed3a-4ba6-b2dd-ef54c866eb0a.png
2025-11-15 19:41:29 [INFO] [Image Generation] Request received - Prompt: "i saw a beautifull car in my dream"
2025-11-15 19:41:40 [INFO] [Image Generation] Image generated in 10873ms: /uploads/sd-generated/ac155f2b-90b8-48d2-ba97-e092503dd45a.png
2025-11-15 20:38:25 [INFO] ✅ Loaded route: /api/auth
2025-11-15 20:38:25 [INFO] ✅ Loaded route: /api/dreams
2025-11-15 20:38:25 [INFO] ✅ Loaded route: /api/chatbot
2025-11-15 20:38:26 [INFO] ✅ Loaded route: /api/sd
2025-11-15 20:38:26 [INFO] ✅ Loaded route: /api/community
2025-11-15 20:38:26 [INFO] ✅ Loaded route: /api/feedback
2025-11-15 20:38:26 [INFO] ✅ Loaded route: /api/analytics
2025-11-15 20:38:26 [INFO] ✅ Loaded route: /api/dream-diary
2025-11-15 20:38:26 [INFO] ✅ Loaded route: /api/dream-diary/lifestyle
2025-11-15 20:38:26 [INFO] ✅ Loaded route: /api/recent-activity
2025-11-15 20:38:26 [INFO] ✅ Loaded route: /api/activity
2025-11-15 20:38:26 [INFO] ✅ Loaded route: /api/generate-image
2025-11-15 20:38:26 [INFO] ✅ Backend Running on 0.0.0.0:5000
2025-11-15 20:38:26 [INFO] 🌐 Access at: http://localhost:5000
2025-11-15 20:38:26 [INFO] ✅ MongoDB Connected Successfully (Local)
2025-11-15 20:38:26 [INFO] ✅ Database initialized
2025-11-15 20:41:08 [INFO] [Image Generation] Request received - Prompt: "i was miss universe in my dream"
2025-11-15 20:41:38 [INFO] [Image Generation] Image generated in 29444ms: /uploads/sd-generated/625fa6fb-af35-4051-9340-5bb8056fb90d.png
2025-11-16 10:40:44 [INFO] ✅ Loaded route: /api/auth
2025-11-16 10:40:45 [INFO] ✅ Loaded route: /api/dreams
2025-11-16 10:40:45 [INFO] ✅ Loaded route: /api/chatbot
2025-11-16 10:40:45 [INFO] ✅ Loaded route: /api/sd
2025-11-16 10:40:46 [INFO] ✅ Loaded route: /api/community
2025-11-16 10:40:46 [INFO] ✅ Loaded route: /api/feedback
2025-11-16 10:40:46 [INFO] ✅ Loaded route: /api/analytics
2025-11-16 10:40:46 [INFO] ✅ Loaded route: /api/dream-diary
2025-11-16 10:40:46 [INFO] ✅ Loaded route: /api/dream-diary/lifestyle
2025-11-16 10:40:46 [INFO] ✅ Loaded route: /api/recent-activity
2025-11-16 10:40:46 [INFO] ✅ Loaded route: /api/activity
2025-11-16 10:40:46 [INFO] ✅ Loaded route: /api/generate-image
2025-11-16 10:40:47 [INFO] ✅ Backend Running on 0.0.0.0:5000
2025-11-16 10:40:47 [INFO] 🌐 Access at: http://localhost:5000
2025-11-16 10:40:47 [INFO] ✅ MongoDB Connected Successfully (Local)
2025-11-16 10:40:47 [INFO] ✅ Database initialized
2025-11-16 10:45:07 [INFO] [Image Generation] Request received - Prompt: "i was dancing"
2025-11-16 10:45:29 [INFO] [Image Generation] Image generated in 21996ms: /uploads/sd-generated/5e853d23-b0bc-421a-9367-7985de10243c.png
2025-11-16 10:55:44 [INFO] ✅ Loaded route: /api/auth
2025-11-16 10:55:52 [INFO] ✅ Loaded route: /api/dreams
2025-11-16 10:55:52 [INFO] ✅ Loaded route: /api/chatbot
2025-11-16 10:55:55 [INFO] ✅ Loaded route: /api/sd
2025-11-16 10:55:55 [INFO] ✅ Loaded route: /api/community
2025-11-16 10:55:55 [INFO] ✅ Loaded route: /api/feedback
2025-11-16 10:55:55 [INFO] ✅ Loaded route: /api/analytics
2025-11-16 10:55:56 [INFO] ✅ Loaded route: /api/dream-diary
2025-11-16 10:55:56 [INFO] ✅ Loaded route: /api/dream-diary/lifestyle
2025-11-16 10:55:56 [INFO] ✅ Loaded route: /api/recent-activity
2025-11-16 10:55:56 [INFO] ✅ Loaded route: /api/activity
2025-11-16 10:55:56 [INFO] ✅ Loaded route: /api/generate-image
2025-11-16 10:56:00 [INFO] ✅ Backend Running on 0.0.0.0:5000
2025-11-16 10:56:00 [INFO] 🌐 Access at: http://localhost:5000
2025-11-16 10:56:00 [INFO] ✅ MongoDB Connected Successfully (Local)
2025-11-16 10:56:00 [INFO] ✅ Database initialized
2025-11-16 11:01:35 [INFO] [Image Generation] Request received - Prompt: "i was queen of two kings"
2025-11-16 11:01:47 [INFO] [Image Generation] Image generated in 11731ms: /uploads/sd-generated/fdffc134-d6dc-45a3-87b4-49a4286254ca.png
2025-11-16 11:07:46 [INFO] ✅ Loaded route: /api/auth
2025-11-16 11:07:46 [INFO] ✅ Loaded route: /api/dreams
2025-11-16 11:07:46 [INFO] ✅ Loaded route: /api/chatbot
2025-11-16 11:07:46 [INFO] ✅ Loaded route: /api/sd
2025-11-16 11:07:46 [INFO] ✅ Loaded route: /api/community
2025-11-16 11:07:46 [INFO] ✅ Loaded route: /api/feedback
2025-11-16 11:07:46 [INFO] ✅ Loaded route: /api/analytics
2025-11-16 11:07:46 [INFO] ✅ Loaded route: /api/dream-diary
2025-11-16 11:07:46 [INFO] ✅ Loaded route: /api/dream-diary/lifestyle
2025-11-16 11:07:46 [INFO] ✅ Loaded route: /api/recent-activity
2025-11-16 11:07:46 [INFO] ✅ Loaded route: /api/activity
2025-11-16 11:07:46 [INFO] ✅ Loaded route: /api/generate-image
2025-11-16 11:07:46 [INFO] ✅ Backend Running on 0.0.0.0:5000
2025-11-16 11:07:46 [INFO] 🌐 Access at: http://localhost:5000
2025-11-16 11:07:46 [INFO] ✅ MongoDB Connected Successfully (Local)
2025-11-16 11:07:46 [INFO] ✅ Database initialized
2025-11-16 12:02:13 [INFO] ✅ Loaded route: /api/auth
2025-11-16 12:02:14 [INFO] ✅ Loaded route: /api/dreams
2025-11-16 12:02:14 [INFO] ✅ Loaded route: /api/chatbot
2025-11-16 12:02:14 [INFO] ✅ Loaded route: /api/sd
2025-11-16 12:02:14 [INFO] ✅ Loaded route: /api/community
2025-11-16 12:02:14 [INFO] ✅ Loaded route: /api/feedback
2025-11-16 12:02:14 [INFO] ✅ Loaded route: /api/analytics
2025-11-16 12:02:14 [INFO] ✅ Loaded route: /api/dream-diary
2025-11-16 12:02:14 [INFO] ✅ Loaded route: /api/dream-diary/lifestyle
2025-11-16 12:02:14 [INFO] ✅ Loaded route: /api/recent-activity
2025-11-16 12:02:14 [INFO] ✅ Loaded route: /api/activity
2025-11-16 12:02:14 [INFO] ✅ Loaded route: /api/generate-image
2025-11-16 12:02:14 [INFO] ✅ Backend Running on 0.0.0.0:5000
2025-11-16 12:02:14 [INFO] 🌐 Access at: http://localhost:5000
2025-11-16 12:02:14 [INFO] ✅ MongoDB Connected Successfully (Local)
2025-11-16 12:02:14 [INFO] ✅ Database initialized
2025-11-16 12:05:24 [INFO] [Image Generation] Request received - Prompt: "i was fish"
2025-11-16 12:06:06 [INFO] [Image Generation] Image generated in 42009ms: /uploads/sd-generated/026918e7-a2ce-41e9-98ad-49d0a36190ad.png
2025-11-16 12:13:02 [INFO] ✅ Loaded route: /api/auth
2025-11-16 12:13:02 [INFO] ✅ Loaded route: /api/dreams
2025-11-16 12:13:02 [INFO] ✅ Loaded route: /api/chatbot
2025-11-16 12:13:02 [INFO] ✅ Loaded route: /api/sd
2025-11-16 12:13:02 [INFO] ✅ Loaded route: /api/community
2025-11-16 12:13:02 [INFO] ✅ Loaded route: /api/feedback
2025-11-16 12:13:02 [INFO] ✅ Loaded route: /api/analytics
2025-11-16 12:13:02 [INFO] ✅ Loaded route: /api/dream-diary
2025-11-16 12:13:02 [INFO] ✅ Loaded route: /api/dream-diary/lifestyle
2025-11-16 12:13:02 [INFO] ✅ Loaded route: /api/recent-activity
2025-11-16 12:13:02 [INFO] ✅ Loaded route: /api/activity
2025-11-16 12:13:02 [INFO] ✅ Loaded route: /api/generate-image
2025-11-16 12:13:02 [INFO] ✅ Backend Running on 0.0.0.0:5000
2025-11-16 12:13:02 [INFO] 🌐 Access at: http://localhost:5000
2025-11-16 12:13:02 [INFO] ✅ MongoDB Connected Successfully (Local)
2025-11-16 12:13:02 [INFO] ✅ Database initialized
2025-11-16 12:14:43 [INFO] [Image Generation] Request received - Prompt: "i was saying hi to my friend"
2025-11-16 12:14:56 [INFO] [Image Generation] Image generated in 12654ms: /uploads/sd-generated/79fd602c-6d75-4777-81ff-6db7c7d600ba.png
2025-11-16 12:28:46 [INFO] ✅ Loaded route: /api/auth
2025-11-16 12:28:46 [INFO] ✅ Loaded route: /api/dreams
2025-11-16 12:28:46 [INFO] ✅ Loaded route: /api/chatbot
2025-11-16 12:28:46 [INFO] ✅ Loaded route: /api/sd
2025-11-16 12:28:46 [INFO] ✅ Loaded route: /api/community
2025-11-16 12:28:46 [INFO] ✅ Loaded route: /api/feedback
2025-11-16 12:28:46 [INFO] ✅ Loaded route: /api/analytics
2025-11-16 12:28:47 [INFO] ✅ Loaded route: /api/dream-diary
2025-11-16 12:28:47 [INFO] ✅ Loaded route: /api/dream-diary/lifestyle
2025-11-16 12:28:47 [INFO] ✅ Loaded route: /api/recent-activity
2025-11-16 12:28:47 [INFO] ✅ Loaded route: /api/activity
2025-11-16 12:28:47 [INFO] ✅ Loaded route: /api/generate-image
2025-11-16 12:28:47 [INFO] ✅ Backend Running on 0.0.0.0:5000
2025-11-16 12:28:47 [INFO] 🌐 Access at: http://localhost:5000
2025-11-16 12:28:47 [INFO] ✅ MongoDB Connected Successfully (Local)
2025-11-16 12:28:47 [INFO] ✅ Database initialized
2025-11-16 12:30:20 [INFO] [Image Generation] Request received - Prompt: "i was sitting inside home"
2025-11-16 12:30:34 [INFO] [Image Generation] Image generated in 13719ms: /uploads/sd-generated/ed2b71a0-99db-45cc-bfb4-76dddfbaee00.png
2025-11-16 12:42:54 [INFO] ✅ Loaded route: /api/auth
2025-11-16 12:42:54 [INFO] ✅ Loaded route: /api/dreams
2025-11-16 12:42:54 [INFO] ✅ Loaded route: /api/chatbot
2025-11-16 12:42:54 [INFO] ✅ Loaded route: /api/sd
2025-11-16 12:42:54 [INFO] ✅ Loaded route: /api/community
2025-11-16 12:42:54 [INFO] ✅ Loaded route: /api/feedback
2025-11-16 12:42:54 [INFO] ✅ Loaded route: /api/analytics
2025-11-16 12:42:54 [INFO] ✅ Loaded route: /api/dream-diary
2025-11-16 12:42:54 [INFO] ✅ Loaded route: /api/dream-diary/lifestyle
2025-11-16 12:42:54 [INFO] ✅ Loaded route: /api/recent-activity
2025-11-16 12:42:54 [INFO] ✅ Loaded route: /api/activity
2025-11-16 12:42:54 [INFO] ✅ Loaded route: /api/generate-image
2025-11-16 12:42:54 [INFO] ✅ Backend Running on 0.0.0.0:5000
2025-11-16 12:42:54 [INFO] 🌐 Access at: http://localhost:5000
2025-11-16 12:42:55 [INFO] ✅ MongoDB Connected Successfully (Local)
2025-11-16 12:42:55 [INFO] ✅ Database initialized
2025-11-16 12:44:09 [INFO] [Image Generation] Request received - Prompt: "i was happily dancing with my boyfriend in night"
2025-11-16 12:44:20 [INFO] [Image Generation] Image generated in 10888ms: /uploads/sd-generated/91e11922-c274-4fe8-84e9-f08d964659d7.png
2025-11-16 16:56:22 [INFO] ✅ Loaded route: /api/auth
2025-11-16 16:56:22 [INFO] ✅ Loaded route: /api/dreams
2025-11-16 16:56:22 [INFO] ✅ Loaded route: /api/chatbot
2025-11-16 16:56:22 [INFO] ✅ Loaded route: /api/sd
2025-11-16 16:56:22 [INFO] ✅ Loaded route: /api/community
2025-11-16 16:56:22 [INFO] ✅ Loaded route: /api/feedback
2025-11-16 16:56:22 [INFO] ✅ Loaded route: /api/analytics
2025-11-16 16:56:22 [INFO] ✅ Loaded route: /api/dream-diary
2025-11-16 16:56:22 [INFO] ✅ Loaded route: /api/dream-diary/lifestyle
2025-11-16 16:56:22 [INFO] ✅ Loaded route: /api/recent-activity
2025-11-16 16:56:22 [INFO] ✅ Loaded route: /api/activity
2025-11-16 16:56:22 [INFO] ✅ Loaded route: /api/generate-image
2025-11-16 16:56:22 [INFO] ✅ Backend Running on 0.0.0.0:5000
2025-11-16 16:56:22 [INFO] 🌐 Access at: http://localhost:5000
2025-11-16 16:56:22 [INFO] ✅ MongoDB Connected Successfully (Local)
2025-11-16 16:56:22 [INFO] ✅ Database initialized
2025-11-16 17:07:39 [INFO] [Image Generation] Request received - Prompt: "i had a dream in which iam skydiving in dubai"
2025-11-16 17:07:39 [ERROR] [Image Generation] Error generating image:
2025-11-16 17:07:41 [INFO] [Image Generation] Request received - Prompt: "i had a dream in which iam skydiving in dubai"
2025-11-16 17:07:41 [ERROR] [Image Generation] Error generating image:
2025-11-16 17:07:45 [INFO] [Image Generation] Request received - Prompt: "i had a dream in which iam skydiving in dubai"
2025-11-16 17:07:45 [ERROR] [Image Generation] Error generating image:
2025-11-16 17:46:38 [INFO] ✅ Loaded route: /api/auth
2025-11-16 17:46:38 [INFO] ✅ Loaded route: /api/dreams
2025-11-16 17:46:38 [INFO] ✅ Loaded route: /api/chatbot
2025-11-16 17:46:38 [INFO] ✅ Loaded route: /api/sd
2025-11-16 17:46:38 [INFO] ✅ Loaded route: /api/community
2025-11-16 17:46:38 [INFO] ✅ Loaded route: /api/feedback
2025-11-16 17:46:38 [INFO] ✅ Loaded route: /api/analytics
2025-11-16 17:46:38 [INFO] ✅ Loaded route: /api/dream-diary
2025-11-16 17:46:38 [INFO] ✅ Loaded route: /api/dream-diary/lifestyle
2025-11-16 17:46:38 [INFO] ✅ Loaded route: /api/recent-activity
2025-11-16 17:46:38 [INFO] ✅ Loaded route: /api/activity
2025-11-16 17:46:38 [INFO] ✅ Loaded route: /api/generate-image
2025-11-16 17:46:38 [INFO] ✅ Backend Running on 0.0.0.0:5000
2025-11-16 17:46:38 [INFO] 🌐 Access at: http://localhost:5000
2025-11-16 17:46:38 [INFO] ✅ MongoDB Connected Successfully (Local)
2025-11-16 17:46:38 [INFO] ✅ Database initialized
2025-11-16 17:49:02 [INFO] [Image Generation] Request received - Prompt: "i was holding umbrella in a rain"
2025-11-16 17:49:27 [INFO] [Image Generation] Image generated in 24579ms: /uploads/sd-generated/63297ead-e20a-42a8-a12f-cb4ae637259d.png
2025-11-16 18:06:51 [INFO] [Image Generation] Request received - Prompt: "I was in dubai doing skydiving and an very scared"
2025-11-16 18:07:04 [INFO] [Image Generation] Image generated in 12715ms: /uploads/sd-generated/34af76ad-31f8-4985-9f1a-6907aa83112d.png
2025-11-16 20:39:13 [INFO] ✅ Loaded route: /api/auth
2025-11-16 20:39:14 [INFO] ✅ Loaded route: /api/dreams
2025-11-16 20:39:14 [INFO] ✅ Loaded route: /api/chatbot
2025-11-16 20:39:14 [INFO] ✅ Loaded route: /api/sd
2025-11-16 20:39:14 [INFO] ✅ Loaded route: /api/community
2025-11-16 20:39:14 [INFO] ✅ Loaded route: /api/feedback
2025-11-16 20:39:14 [INFO] ✅ Loaded route: /api/analytics
2025-11-16 20:39:14 [INFO] ✅ Loaded route: /api/dream-diary
2025-11-16 20:39:14 [INFO] ✅ Loaded route: /api/dream-diary/lifestyle
2025-11-16 20:39:14 [INFO] ✅ Loaded route: /api/recent-activity
2025-11-16 20:39:14 [INFO] ✅ Loaded route: /api/activity
2025-11-16 20:39:14 [INFO] ✅ Loaded route: /api/generate-image
2025-11-16 20:39:14 [INFO] ✅ Backend Running on 0.0.0.0:5000
2025-11-16 20:39:14 [INFO] 🌐 Access at: http://localhost:5000
2025-11-16 20:39:14 [INFO] ✅ MongoDB Connected Successfully (Local)
2025-11-16 20:39:14 [INFO] ✅ Database initialized
2025-11-16 20:41:39 [INFO] [Image Generation] Request received - Prompt: "eating a cake"
2025-11-16 20:42:03 [INFO] [Image Generation] Image generated in 24532ms: /uploads/sd-generated/bc890139-efca-4329-aabf-cef82e91e9aa.png
2025-11-16 20:59:10 [INFO] ✅ Loaded route: /api/auth
2025-11-16 20:59:10 [INFO] ✅ Loaded route: /api/dreams
2025-11-16 20:59:10 [INFO] ✅ Loaded route: /api/chatbot
2025-11-16 20:59:10 [INFO] ✅ Loaded route: /api/sd
2025-11-16 20:59:10 [INFO] ✅ Loaded route: /api/community
2025-11-16 20:59:10 [INFO] ✅ Loaded route: /api/feedback
2025-11-16 20:59:10 [INFO] ✅ Loaded route: /api/analytics
2025-11-16 20:59:10 [INFO] ✅ Loaded route: /api/dream-diary
2025-11-16 20:59:10 [INFO] ✅ Loaded route: /api/dream-diary/lifestyle
2025-11-16 20:59:10 [INFO] ✅ Loaded route: /api/recent-activity
2025-11-16 20:59:10 [INFO] ✅ Loaded route: /api/activity
2025-11-16 20:59:10 [INFO] ✅ Loaded route: /api/generate-image
2025-11-16 20:59:10 [INFO] ✅ Backend Running on 0.0.0.0:5000
2025-11-16 20:59:10 [INFO] 🌐 Access at: http://localhost:5000
2025-11-16 20:59:10 [INFO] ✅ MongoDB Connected Successfully (Local)
2025-11-16 20:59:10 [INFO] ✅ Database initialized
2025-11-16 21:00:58 [INFO] [Image Generation] Request received - Prompt: "i had a dream in which iam dancing with joy"
2025-11-16 21:01:25 [INFO] [Image Generation] Image generated in 26639ms: /uploads/sd-generated/db99ee94-e13f-45a3-8694-eef382829e57.png
2025-11-16 21:27:50 [INFO] ✅ Loaded route: /api/auth
2025-11-16 21:27:50 [INFO] ✅ Loaded route: /api/dreams
2025-11-16 21:27:50 [INFO] ✅ Loaded route: /api/chatbot
2025-11-16 21:27:50 [INFO] ✅ Loaded route: /api/sd
2025-11-16 21:27:50 [INFO] ✅ Loaded route: /api/community
2025-11-16 21:27:50 [INFO] ✅ Loaded route: /api/feedback
2025-11-16 21:27:50 [INFO] ✅ Loaded route: /api/analytics
2025-11-16 21:27:50 [ERROR] ❌ Error loading route /api/dream-diary:
2025-11-16 21:27:50 [INFO] ✅ Loaded route: /api/dream-diary/lifestyle
2025-11-16 21:27:50 [INFO] ✅ Loaded route: /api/recent-activity
2025-11-16 21:27:50 [INFO] ✅ Loaded route: /api/activity
2025-11-16 21:27:50 [INFO] ✅ Loaded route: /api/generate-image
2025-11-16 21:27:50 [INFO] ✅ Backend Running on 0.0.0.0:5000
2025-11-16 21:27:50 [INFO] 🌐 Access at: http://localhost:5000
2025-11-16 21:27:50 [INFO] ✅ MongoDB Connected Successfully (Local)
2025-11-16 21:27:50 [INFO] ✅ Database initialized
2025-11-16 21:30:55 [INFO] [Image Generation] Request received - Prompt: "I am celebrating my birthday with my parents in my dreams."
2025-11-16 21:31:07 [INFO] [Image Generation] Image generated in 12537ms: /uploads/sd-generated/4d43c9d9-3670-4bc3-8f2c-a254c6601e9d.png
2025-11-16 22:05:15 [INFO] ✅ Loaded route: /api/auth
2025-11-16 22:05:15 [INFO] ✅ Loaded route: /api/dreams
2025-11-16 22:05:15 [INFO] ✅ Loaded route: /api/chatbot
2025-11-16 22:05:15 [INFO] ✅ Loaded route: /api/sd
2025-11-16 22:05:15 [INFO] ✅ Loaded route: /api/community
2025-11-16 22:05:15 [INFO] ✅ Loaded route: /api/feedback
2025-11-16 22:05:15 [INFO] ✅ Loaded route: /api/analytics
2025-11-16 22:05:15 [INFO] ✅ Loaded route: /api/dream-diary
2025-11-16 22:05:15 [INFO] ✅ Loaded route: /api/dream-diary/lifestyle
2025-11-16 22:05:15 [INFO] ✅ Loaded route: /api/recent-activity
2025-11-16 22:05:15 [INFO] ✅ Loaded route: /api/activity
2025-11-16 22:05:15 [INFO] ✅ Loaded route: /api/generate-image
2025-11-16 22:05:15 [INFO] ✅ Backend Running on 0.0.0.0:5000
2025-11-16 22:05:15 [INFO] 🌐 Access at: http://localhost:5000
2025-11-16 22:05:15 [INFO] ✅ MongoDB Connected Successfully (Local)
2025-11-16 22:05:15 [INFO] ✅ Database initialized
2025-11-16 22:07:45 [INFO] [Image Generation] Request received - Prompt: "Iam Dancing in the rain hapily"
2025-11-16 22:07:53 [INFO] [Image Generation] Image generated in 8349ms: /uploads/sd-generated/76e987c0-d80e-42c2-a91e-db01141a91bf.png
2025-11-16 22:15:34 [INFO] [Image Generation] Request received - Prompt: "dream of swimming"
2025-11-16 22:15:44 [INFO] [Image Generation] Image generated in 10081ms: /uploads/sd-generated/712a73f3-8586-4ce6-8b00-61515e64f767.png
2025-11-16 22:35:06 [INFO] ✅ Loaded route: /api/auth
2025-11-16 22:35:06 [INFO] ✅ Loaded route: /api/dreams
2025-11-16 22:35:06 [INFO] ✅ Loaded route: /api/chatbot
2025-11-16 22:35:06 [INFO] ✅ Loaded route: /api/sd
2025-11-16 22:35:06 [INFO] ✅ Loaded route: /api/community
2025-11-16 22:35:06 [INFO] ✅ Loaded route: /api/feedback
2025-11-16 22:35:06 [INFO] ✅ Loaded route: /api/analytics
2025-11-16 22:35:06 [INFO] ✅ Loaded route: /api/dream-diary
2025-11-16 22:35:06 [INFO] ✅ Loaded route: /api/dream-diary/lifestyle
2025-11-16 22:35:06 [INFO] ✅ Loaded route: /api/recent-activity
2025-11-16 22:35:06 [INFO] ✅ Loaded route: /api/activity
2025-11-16 22:35:06 [INFO] ✅ Loaded route: /api/generate-image
2025-11-16 22:35:06 [INFO] ✅ Backend Running on 0.0.0.0:5000
2025-11-16 22:35:06 [INFO] 🌐 Access at: http://localhost:5000
2025-11-16 22:35:06 [INFO] ✅ MongoDB Connected Successfully (Local)
2025-11-16 22:35:06 [INFO] ✅ Database initialized
2025-11-16 22:42:07 [INFO] [Image Generation] Request received - Prompt: "Buying a laptop  in my dream"
2025-11-16 22:42:17 [INFO] [Image Generation] Image generated in 9380ms: /uploads/sd-generated/b27a7ffc-afe2-4397-9ad1-fb7649fd7998.png
2025-11-16 22:50:36 [INFO] ✅ Loaded route: /api/auth
2025-11-16 22:50:37 [INFO] ✅ Loaded route: /api/dreams
2025-11-16 22:50:37 [INFO] ✅ Loaded route: /api/chatbot
2025-11-16 22:50:37 [INFO] ✅ Loaded route: /api/sd
2025-11-16 22:50:37 [INFO] ✅ Loaded route: /api/community
2025-11-16 22:50:37 [INFO] ✅ Loaded route: /api/feedback
2025-11-16 22:50:37 [INFO] ✅ Loaded route: /api/analytics
2025-11-16 22:50:37 [INFO] ✅ Loaded route: /api/dream-diary
2025-11-16 22:50:37 [INFO] ✅ Loaded route: /api/dream-diary/lifestyle
2025-11-16 22:50:37 [INFO] ✅ Loaded route: /api/recent-activity
2025-11-16 22:50:37 [INFO] ✅ Loaded route: /api/activity
2025-11-16 22:50:37 [INFO] ✅ Loaded route: /api/generate-image
2025-11-16 22:50:37 [INFO] ✅ Backend Running on 0.0.0.0:5000
2025-11-16 22:50:37 [INFO] 🌐 Access at: http://localhost:5000
2025-11-16 22:50:37 [INFO] ✅ MongoDB Connected Successfully (Local)
2025-11-16 22:50:37 [INFO] ✅ Database initialized
2025-11-16 22:52:35 [INFO] [Image Generation] Request received - Prompt: "I am in holi festival"
2025-11-16 22:52:43 [INFO] [Image Generation] Image generated in 7893ms: /uploads/sd-generated/f4e6b8c2-2df2-446a-92b7-95c5ec4e13ac.png
2025-11-18 12:18:25 [INFO] ✅ Loaded route: /api/auth
2025-11-18 12:18:28 [INFO] ✅ Loaded route: /api/dreams
2025-11-18 12:18:28 [INFO] ✅ Loaded route: /api/chatbot
2025-11-18 12:18:30 [INFO] ✅ Loaded route: /api/sd
2025-11-18 12:18:30 [INFO] ✅ Loaded route: /api/community
2025-11-18 12:18:30 [INFO] ✅ Loaded route: /api/feedback
2025-11-18 12:18:30 [INFO] ✅ Loaded route: /api/analytics
2025-11-18 12:18:30 [INFO] ✅ Loaded route: /api/dream-diary
2025-11-18 12:18:30 [INFO] ✅ Loaded route: /api/dream-diary/lifestyle
2025-11-18 12:18:31 [INFO] ✅ Loaded route: /api/recent-activity
2025-11-18 12:18:31 [INFO] ✅ Loaded route: /api/activity
2025-11-18 12:18:31 [INFO] ✅ Loaded route: /api/generate-image
2025-11-18 12:18:33 [INFO] ✅ Backend Running on 0.0.0.0:5000
2025-11-18 12:18:33 [INFO] 🌐 Access at: http://localhost:5000
2025-11-18 12:18:33 [INFO] ✅ MongoDB Connected Successfully (Local)
2025-11-18 12:18:33 [INFO] ✅ Database initialized
2025-11-18 12:25:13 [INFO] [Image Generation] Request received - Prompt: "i was cleaning my bed"
2025-11-18 12:25:26 [INFO] [Image Generation] Image generated in 13427ms: /uploads/sd-generated/f59c0755-62c6-4d59-875a-612d1dc38547.png
2025-11-18 12:31:40 [INFO] ✅ Loaded route: /api/auth
2025-11-18 12:31:40 [INFO] ✅ Loaded route: /api/dreams
2025-11-18 12:31:40 [INFO] ✅ Loaded route: /api/chatbot
2025-11-18 12:31:40 [INFO] ✅ Loaded route: /api/sd
2025-11-18 12:31:40 [INFO] ✅ Loaded route: /api/community
2025-11-18 12:31:40 [INFO] ✅ Loaded route: /api/feedback
2025-11-18 12:31:40 [INFO] ✅ Loaded route: /api/analytics
2025-11-18 12:31:40 [INFO] ✅ Loaded route: /api/dream-diary
2025-11-18 12:31:40 [INFO] ✅ Loaded route: /api/dream-diary/lifestyle
2025-11-18 12:31:40 [INFO] ✅ Loaded route: /api/recent-activity
2025-11-18 12:31:40 [INFO] ✅ Loaded route: /api/activity
2025-11-18 12:31:40 [INFO] ✅ Loaded route: /api/generate-image
2025-11-18 12:31:40 [INFO] ✅ Backend Running on 0.0.0.0:5000
2025-11-18 12:31:40 [INFO] 🌐 Access at: http://localhost:5000
2025-11-18 12:31:40 [INFO] ✅ MongoDB Connected Successfully (Local)
2025-11-18 12:31:40 [INFO] ✅ Database initialized
2025-11-18 14:38:25 [INFO] ✅ Loaded route: /api/auth
2025-11-18 14:38:25 [INFO] ✅ Loaded route: /api/dreams
2025-11-18 14:38:25 [INFO] ✅ Loaded route: /api/chatbot
2025-11-18 14:38:25 [INFO] ✅ Loaded route: /api/sd
2025-11-18 14:38:25 [INFO] ✅ Loaded route: /api/community
2025-11-18 14:38:25 [INFO] ✅ Loaded route: /api/feedback
2025-11-18 14:38:25 [INFO] ✅ Loaded route: /api/analytics
2025-11-18 14:38:25 [INFO] ✅ Loaded route: /api/dream-diary
2025-11-18 14:38:25 [INFO] ✅ Loaded route: /api/dream-diary/lifestyle
2025-11-18 14:38:25 [INFO] ✅ Loaded route: /api/recent-activity
2025-11-18 14:38:25 [INFO] ✅ Loaded route: /api/activity
2025-11-18 14:38:25 [INFO] ✅ Loaded route: /api/generate-image
2025-11-18 14:38:25 [INFO] ✅ Backend Running on 0.0.0.0:5000
2025-11-18 14:38:25 [INFO] 🌐 Access at: http://localhost:5000
2025-11-18 14:38:25 [INFO] ✅ MongoDB Connected Successfully (Local)
2025-11-18 14:38:25 [INFO] ✅ Database initialized
2025-11-18 14:41:43 [INFO] [Image Generation] Request received - Prompt: "i was dancing in the sea beacause i was had a anxiety"
2025-11-18 14:41:50 [INFO] [Image Generation] Image generated in 7068ms: /uploads/sd-generated/4dd87365-3c6c-41d7-8e4a-da76193ef40d.png
2025-11-18 15:05:16 [INFO] ✅ Loaded route: /api/auth
2025-11-18 15:05:16 [INFO] ✅ Loaded route: /api/dreams
2025-11-18 15:05:16 [INFO] ✅ Loaded route: /api/chatbot
2025-11-18 15:05:16 [INFO] ✅ Loaded route: /api/sd
2025-11-18 15:05:16 [INFO] ✅ Loaded route: /api/community
2025-11-18 15:05:16 [INFO] ✅ Loaded route: /api/feedback
2025-11-18 15:05:16 [INFO] ✅ Loaded route: /api/analytics
2025-11-18 15:05:16 [INFO] ✅ Loaded route: /api/dream-diary
2025-11-18 15:05:16 [INFO] ✅ Loaded route: /api/dream-diary/lifestyle
2025-11-18 15:05:16 [INFO] ✅ Loaded route: /api/recent-activity
2025-11-18 15:05:16 [INFO] ✅ Loaded route: /api/activity
2025-11-18 15:05:16 [INFO] ✅ Loaded route: /api/generate-image
2025-11-18 15:05:16 [INFO] ✅ Backend Running on 0.0.0.0:5000
2025-11-18 15:05:16 [INFO] 🌐 Access at: http://localhost:5000
2025-11-18 15:05:16 [INFO] ✅ MongoDB Connected Successfully (Local)
2025-11-18 15:05:16 [INFO] ✅ Database initialized
2025-11-18 15:08:50 [INFO] [Image Generation] Request received - Prompt: "i was working as ceo but one day very fear due to my property has lost in my dream"
2025-11-18 15:08:57 [INFO] [Image Generation] Image generated in 6897ms: /uploads/sd-generated/09fa8a0d-ae9e-4bfc-944c-7f062c901e80.png
2025-11-18 15:44:39 [INFO] ✅ Loaded route: /api/auth
2025-11-18 15:44:39 [INFO] ✅ Loaded route: /api/dreams
2025-11-18 15:44:39 [INFO] ✅ Loaded route: /api/chatbot
2025-11-18 15:44:39 [INFO] ✅ Loaded route: /api/sd
2025-11-18 15:44:39 [INFO] ✅ Loaded route: /api/community
2025-11-18 15:44:39 [INFO] ✅ Loaded route: /api/feedback
2025-11-18 15:44:39 [INFO] ✅ Loaded route: /api/analytics
2025-11-18 15:44:39 [INFO] ✅ Loaded route: /api/dream-diary
2025-11-18 15:44:39 [INFO] ✅ Loaded route: /api/dream-diary/lifestyle
2025-11-18 15:44:39 [INFO] ✅ Loaded route: /api/recent-activity
2025-11-18 15:44:39 [INFO] ✅ Loaded route: /api/activity
2025-11-18 15:44:39 [INFO] ✅ Loaded route: /api/generate-image
2025-11-18 15:44:39 [INFO] ✅ Backend Running on 0.0.0.0:5000
2025-11-18 15:44:39 [INFO] 🌐 Access at: http://localhost:5000
2025-11-18 15:44:39 [INFO] ✅ MongoDB Connected Successfully (Local)
2025-11-18 15:44:39 [INFO] ✅ Database initialized
2025-11-18 15:46:14 [INFO] [Image Generation] Request received - Prompt: "i was clearing dinning table"
2025-11-18 15:46:20 [INFO] [Image Generation] Image generated in 6690ms: /uploads/sd-generated/5f2a6348-ede7-4ac4-b7db-6c590afb6e19.png
2025-11-18 16:31:40 [INFO] ✅ Loaded route: /api/auth
2025-11-18 16:31:40 [INFO] ✅ Loaded route: /api/dreams
2025-11-18 16:31:40 [INFO] ✅ Loaded route: /api/chatbot
2025-11-18 16:31:40 [INFO] ✅ Loaded route: /api/sd
2025-11-18 16:31:40 [INFO] ✅ Loaded route: /api/community
2025-11-18 16:31:40 [INFO] ✅ Loaded route: /api/feedback
2025-11-18 16:31:40 [INFO] ✅ Loaded route: /api/analytics
2025-11-18 16:31:40 [INFO] ✅ Loaded route: /api/dream-diary
2025-11-18 16:31:40 [INFO] ✅ Loaded route: /api/dream-diary/lifestyle
2025-11-18 16:31:40 [INFO] ✅ Loaded route: /api/recent-activity
2025-11-18 16:31:40 [INFO] ✅ Loaded route: /api/activity
2025-11-18 16:31:40 [INFO] ✅ Loaded route: /api/generate-image
2025-11-18 16:31:40 [INFO] ✅ Backend Running on 0.0.0.0:5000
2025-11-18 16:31:40 [INFO] 🌐 Access at: http://localhost:5000
2025-11-18 16:31:40 [INFO] ✅ MongoDB Connected Successfully (Local)
2025-11-18 16:31:40 [INFO] ✅ Database initialized
2025-11-18 19:05:46 [INFO] ✅ Loaded route: /api/auth
2025-11-18 19:05:47 [INFO] ✅ Loaded route: /api/dreams
2025-11-18 19:05:47 [INFO] ✅ Loaded route: /api/chatbot
2025-11-18 19:05:47 [INFO] ✅ Loaded route: /api/sd
2025-11-18 19:05:47 [INFO] ✅ Loaded route: /api/community
2025-11-18 19:05:47 [INFO] ✅ Loaded route: /api/feedback
2025-11-18 19:05:47 [INFO] ✅ Loaded route: /api/analytics
2025-11-18 19:05:47 [INFO] ✅ Loaded route: /api/dream-diary
2025-11-18 19:05:47 [INFO] ✅ Loaded route: /api/dream-diary/lifestyle
2025-11-18 19:05:47 [INFO] ✅ Loaded route: /api/recent-activity
2025-11-18 19:05:47 [INFO] ✅ Loaded route: /api/activity
2025-11-18 19:05:47 [INFO] ✅ Loaded route: /api/generate-image
2025-11-18 19:05:47 [INFO] ✅ Backend Running on 0.0.0.0:5000
2025-11-18 19:05:47 [INFO] 🌐 Access at: http://localhost:5000
2025-11-18 19:05:47 [INFO] ✅ MongoDB Connected Successfully (Local)
2025-11-18 19:05:47 [INFO] ✅ Database initialized
2025-11-18 19:07:39 [INFO] [Image Generation] Request received - Prompt: "i was dancing in the sky"
2025-11-18 19:07:39 [ERROR] [Image Generation] Error generating image:
2025-11-18 19:07:41 [INFO] [Image Generation] Request received - Prompt: "i was dancing in the sky"
2025-11-18 19:07:41 [ERROR] [Image Generation] Error generating image:
2025-11-18 19:07:46 [INFO] [Image Generation] Request received - Prompt: "i was dancing in the sky"
2025-11-18 19:07:46 [ERROR] [Image Generation] Error generating image:
2025-11-18 19:14:11 [INFO] ✅ Loaded route: /api/auth
2025-11-18 19:14:11 [INFO] ✅ Loaded route: /api/dreams
2025-11-18 19:14:11 [INFO] ✅ Loaded route: /api/chatbot
2025-11-18 19:14:11 [INFO] ✅ Loaded route: /api/sd
2025-11-18 19:14:11 [INFO] ✅ Loaded route: /api/community
2025-11-18 19:14:11 [INFO] ✅ Loaded route: /api/feedback
2025-11-18 19:14:11 [INFO] ✅ Loaded route: /api/analytics
2025-11-18 19:14:11 [INFO] ✅ Loaded route: /api/dream-diary
2025-11-18 19:14:11 [INFO] ✅ Loaded route: /api/dream-diary/lifestyle
2025-11-18 19:14:11 [INFO] ✅ Loaded route: /api/recent-activity
2025-11-18 19:14:11 [INFO] ✅ Loaded route: /api/activity
2025-11-18 19:14:11 [INFO] ✅ Loaded route: /api/generate-image
2025-11-18 19:14:12 [INFO] ✅ Backend Running on 0.0.0.0:5000
2025-11-18 19:14:12 [INFO] 🌐 Access at: http://localhost:5000
2025-11-18 19:14:12 [INFO] ✅ MongoDB Connected Successfully (Local)
2025-11-18 19:14:12 [INFO] ✅ Database initialized
2025-11-18 19:16:34 [INFO] [Image Generation] Request received - Prompt: "i was dancing in the middle of town"
2025-11-18 19:16:48 [INFO] [Image Generation] Image generated in 14476ms: /uploads/sd-generated/7fe99a63-efb9-4004-afba-bcd6b5e19272.png
2025-11-18 19:18:47 [INFO] ✅ Loaded route: /api/auth
2025-11-18 19:18:47 [INFO] ✅ Loaded route: /api/dreams
2025-11-18 19:18:47 [INFO] ✅ Loaded route: /api/chatbot
2025-11-18 19:18:47 [INFO] ✅ Loaded route: /api/sd
2025-11-18 19:18:47 [INFO] ✅ Loaded route: /api/community
2025-11-18 19:18:47 [INFO] ✅ Loaded route: /api/feedback
2025-11-18 19:18:47 [INFO] ✅ Loaded route: /api/analytics
2025-11-18 19:18:47 [INFO] ✅ Loaded route: /api/dream-diary
2025-11-18 19:18:47 [INFO] ✅ Loaded route: /api/dream-diary/lifestyle
2025-11-18 19:18:47 [INFO] ✅ Loaded route: /api/recent-activity
2025-11-18 19:18:47 [INFO] ✅ Loaded route: /api/activity
2025-11-18 19:18:47 [INFO] ✅ Loaded route: /api/generate-image
2025-11-18 19:18:47 [INFO] ✅ Backend Running on 0.0.0.0:5000
2025-11-18 19:18:47 [INFO] 🌐 Access at: http://localhost:5000
2025-11-18 19:18:47 [INFO] ✅ MongoDB Connected Successfully (Local)
2025-11-18 19:18:47 [INFO] ✅ Database initialized
2025-11-18 19:24:01 [INFO] ✅ Loaded route: /api/auth
2025-11-18 19:24:01 [INFO] ✅ Loaded route: /api/dreams
2025-11-18 19:24:01 [INFO] ✅ Loaded route: /api/chatbot
2025-11-18 19:24:02 [INFO] ✅ Loaded route: /api/sd
2025-11-18 19:24:02 [INFO] ✅ Loaded route: /api/community
2025-11-18 19:24:02 [INFO] ✅ Loaded route: /api/feedback
2025-11-18 19:24:02 [INFO] ✅ Loaded route: /api/analytics
2025-11-18 19:24:02 [INFO] ✅ Loaded route: /api/dream-diary
2025-11-18 19:24:02 [INFO] ✅ Loaded route: /api/dream-diary/lifestyle
2025-11-18 19:24:02 [INFO] ✅ Loaded route: /api/recent-activity
2025-11-18 19:24:02 [INFO] ✅ Loaded route: /api/activity
2025-11-18 19:24:02 [INFO] ✅ Loaded route: /api/generate-image
2025-11-18 19:24:02 [INFO] ✅ Backend Running on 0.0.0.0:5000
2025-11-18 19:24:02 [INFO] 🌐 Access at: http://localhost:5000
2025-11-18 19:24:02 [INFO] ✅ MongoDB Connected Successfully (Local)
2025-11-18 19:24:02 [INFO] ✅ Database initialized
2025-11-18 19:25:41 [INFO] [Image Generation] Request received - Prompt: "i was doing market to buy water bottle"
2025-11-18 19:25:58 [INFO] [Image Generation] Image generated in 16466ms: /uploads/sd-generated/1839e67a-2c1a-4cf0-9191-a22a6a7d685f.png
2025-11-20 09:53:52 [INFO] ✅ Loaded route: /api/auth
2025-11-20 09:53:56 [INFO] ✅ Loaded route: /api/dreams
2025-11-20 09:53:56 [INFO] ✅ Loaded route: /api/chatbot
2025-11-20 09:53:57 [INFO] ✅ Loaded route: /api/sd
2025-11-20 09:53:57 [INFO] ✅ Loaded route: /api/community
2025-11-20 09:53:58 [INFO] ✅ Loaded route: /api/feedback
2025-11-20 09:53:58 [INFO] ✅ Loaded route: /api/analytics
2025-11-20 09:53:58 [INFO] ✅ Loaded route: /api/dream-diary
2025-11-20 09:53:58 [INFO] ✅ Loaded route: /api/dream-diary/lifestyle
2025-11-20 09:53:58 [INFO] ✅ Loaded route: /api/recent-activity
2025-11-20 09:53:58 [INFO] ✅ Loaded route: /api/activity
2025-11-20 09:53:58 [INFO] ✅ Loaded route: /api/generate-image
2025-11-20 09:54:01 [INFO] ✅ Backend Running on 0.0.0.0:5000
2025-11-20 09:54:01 [INFO] 🌐 Access at: http://localhost:5000
2025-11-20 09:54:01 [INFO] ✅ MongoDB Connected Successfully (Local)
2025-11-20 09:54:01 [INFO] ✅ Database initialized
2025-11-20 10:00:27 [INFO] [Image Generation] Request received - Prompt: "i was hearing my father mother fighting over a small piece of gold"
2025-11-20 10:00:42 [INFO] [Image Generation] Image generated in 15058ms: /uploads/sd-generated/3b9e447c-7c78-43af-a1a4-66be01918a91.png
2025-11-20 10:07:30 [INFO] ✅ Loaded route: /api/auth
2025-11-20 10:07:31 [INFO] ✅ Loaded route: /api/dreams
2025-11-20 10:07:31 [INFO] ✅ Loaded route: /api/chatbot
2025-11-20 10:07:31 [INFO] ✅ Loaded route: /api/sd
2025-11-20 10:07:31 [INFO] ✅ Loaded route: /api/community
2025-11-20 10:07:31 [INFO] ✅ Loaded route: /api/feedback
2025-11-20 10:07:31 [INFO] ✅ Loaded route: /api/analytics
2025-11-20 10:07:31 [INFO] ✅ Loaded route: /api/dream-diary
2025-11-20 10:07:31 [INFO] ✅ Loaded route: /api/dream-diary/lifestyle
2025-11-20 10:07:31 [INFO] ✅ Loaded route: /api/recent-activity
2025-11-20 10:07:31 [INFO] ✅ Loaded route: /api/activity
2025-11-20 10:07:31 [INFO] ✅ Loaded route: /api/generate-image
2025-11-20 10:07:31 [INFO] ✅ Backend Running on 0.0.0.0:5000
2025-11-20 10:07:31 [INFO] 🌐 Access at: http://localhost:5000
2025-11-20 10:07:31 [INFO] ✅ MongoDB Connected Successfully (Local)
2025-11-20 10:07:31 [INFO] ✅ Database initialized
2025-11-20 10:09:04 [INFO] [Image Generation] Request received - Prompt: "i was waiting for to train to come so that i can move early to my home"
2025-11-20 10:09:13 [INFO] [Image Generation] Image generated in 9729ms: /uploads/sd-generated/18c6977b-1fa9-4098-a7c8-8a3f7bfc0d15.png
2025-11-20 10:19:59 [INFO] ✅ Loaded route: /api/auth
2025-11-20 10:19:59 [INFO] ✅ Loaded route: /api/dreams
2025-11-20 10:19:59 [INFO] ✅ Loaded route: /api/chatbot
2025-11-20 10:19:59 [INFO] ✅ Loaded route: /api/sd
2025-11-20 10:19:59 [INFO] ✅ Loaded route: /api/community
2025-11-20 10:19:59 [INFO] ✅ Loaded route: /api/feedback
2025-11-20 10:19:59 [INFO] ✅ Loaded route: /api/analytics
2025-11-20 10:19:59 [INFO] ✅ Loaded route: /api/dream-diary
2025-11-20 10:19:59 [INFO] ✅ Loaded route: /api/dream-diary/lifestyle
2025-11-20 10:19:59 [INFO] ✅ Loaded route: /api/recent-activity
2025-11-20 10:19:59 [INFO] ✅ Loaded route: /api/activity
2025-11-20 10:19:59 [INFO] ✅ Loaded route: /api/generate-image
2025-11-20 10:19:59 [INFO] ✅ Backend Running on 0.0.0.0:5000
2025-11-20 10:19:59 [INFO] 🌐 Access at: http://localhost:5000
2025-11-20 10:19:59 [INFO] ✅ MongoDB Connected Successfully (Local)
2025-11-20 10:19:59 [INFO] ✅ Database initialized
2025-11-20 10:22:57 [INFO] ✅ Loaded route: /api/auth
2025-11-20 10:22:57 [INFO] ✅ Loaded route: /api/dreams
2025-11-20 10:22:57 [INFO] ✅ Loaded route: /api/chatbot
2025-11-20 10:22:57 [INFO] ✅ Loaded route: /api/sd
2025-11-20 10:22:57 [INFO] ✅ Loaded route: /api/community
2025-11-20 10:22:57 [INFO] ✅ Loaded route: /api/feedback
2025-11-20 10:22:57 [INFO] ✅ Loaded route: /api/analytics
2025-11-20 10:22:57 [INFO] ✅ Loaded route: /api/dream-diary
2025-11-20 10:22:57 [INFO] ✅ Loaded route: /api/dream-diary/lifestyle
2025-11-20 10:22:57 [INFO] ✅ Loaded route: /api/recent-activity
2025-11-20 10:22:57 [INFO] ✅ Loaded route: /api/activity
2025-11-20 10:22:57 [INFO] ✅ Loaded route: /api/generate-image
2025-11-20 10:22:57 [INFO] ✅ Backend Running on 0.0.0.0:5000
2025-11-20 10:22:57 [INFO] 🌐 Access at: http://localhost:5000
2025-11-20 10:22:57 [INFO] ✅ MongoDB Connected Successfully (Local)
2025-11-20 10:22:57 [INFO] ✅ Database initialized
2025-11-20 15:43:47 [INFO] ✅ Loaded route: /api/auth
2025-11-20 15:43:53 [INFO] ✅ Loaded route: /api/dreams
2025-11-20 15:43:53 [INFO] ✅ Loaded route: /api/chatbot
2025-11-20 15:43:55 [INFO] ✅ Loaded route: /api/sd
2025-11-20 15:43:55 [INFO] ✅ Loaded route: /api/community
2025-11-20 15:43:55 [INFO] ✅ Loaded route: /api/feedback
2025-11-20 15:43:55 [INFO] ✅ Loaded route: /api/analytics
2025-11-20 15:43:55 [INFO] ✅ Loaded route: /api/dream-diary
2025-11-20 15:43:55 [INFO] ✅ Loaded route: /api/dream-diary/lifestyle
2025-11-20 15:43:55 [INFO] ✅ Loaded route: /api/recent-activity
2025-11-20 15:43:55 [INFO] ✅ Loaded route: /api/activity
2025-11-20 15:43:55 [INFO] ✅ Loaded route: /api/generate-image
2025-11-20 15:43:59 [INFO] ✅ Backend Running on 0.0.0.0:5000
2025-11-20 15:43:59 [INFO] 🌐 Access at: http://localhost:5000
2025-11-20 15:43:59 [INFO] ✅ MongoDB Connected Successfully (Local)
2025-11-20 15:43:59 [INFO] ✅ Database initialized
2025-11-20 16:15:46 [INFO] ✅ Loaded route: /api/auth
2025-11-20 16:15:46 [WARN] ⚠️  Route not found: /api/dreams (./routes/dreams.js)
2025-11-20 16:15:46 [WARN] ⚠️  Route not found: /api/chatbot (./routes/chatbot.js)
2025-11-20 16:15:46 [INFO] ✅ Loaded route: /api/sd
2025-11-20 16:15:46 [INFO] ✅ Loaded route: /api/community
2025-11-20 16:15:46 [INFO] ✅ Loaded route: /api/feedback
2025-11-20 16:15:46 [WARN] ⚠️  Route not found: /api/analytics (./routes/analytics.js)
2025-11-20 16:15:46 [WARN] ⚠️  Route not found: /api/dream-diary (./routes/dreamDiary.js)
2025-11-20 16:15:46 [INFO] ✅ Loaded route: /api/dream-diary/lifestyle
2025-11-20 16:15:46 [INFO] ✅ Loaded route: /api/recent-activity
2025-11-20 16:15:46 [INFO] ✅ Loaded route: /api/activity
2025-11-20 16:15:46 [INFO] ✅ Loaded route: /api/generate-image
2025-11-20 16:15:46 [INFO] ✅ Backend Running on 0.0.0.0:5000
2025-11-20 16:15:46 [INFO] 🌐 Access at: http://localhost:5000
2025-11-20 16:15:46 [INFO] ✅ MongoDB Connected Successfully (Local)
2025-11-20 16:15:46 [INFO] ✅ Database initialized
2025-11-20 16:24:27 [INFO] ✅ Loaded route: /api/auth
2025-11-20 16:24:27 [WARN] ⚠️  Route not found: /api/dreams (./routes/dreams.js)
2025-11-20 16:24:27 [WARN] ⚠️  Route not found: /api/chatbot (./routes/chatbot.js)
2025-11-20 16:24:27 [INFO] ✅ Loaded route: /api/sd
2025-11-20 16:24:27 [INFO] ✅ Loaded route: /api/community
2025-11-20 16:24:27 [INFO] ✅ Loaded route: /api/feedback
2025-11-20 16:24:27 [WARN] ⚠️  Route not found: /api/analytics (./routes/analytics.js)
2025-11-20 16:24:27 [WARN] ⚠️  Route not found: /api/dream-diary (./routes/dreamDiary.js)
2025-11-20 16:24:27 [INFO] ✅ Loaded route: /api/dream-diary/lifestyle
2025-11-20 16:24:27 [INFO] ✅ Loaded route: /api/recent-activity
2025-11-20 16:24:27 [INFO] ✅ Loaded route: /api/activity
2025-11-20 16:24:27 [INFO] ✅ Loaded route: /api/generate-image
2025-11-20 16:24:28 [INFO] ✅ Backend Running on 0.0.0.0:5000
2025-11-20 16:24:28 [INFO] 🌐 Access at: http://localhost:5000
2025-11-20 16:24:28 [INFO] ✅ MongoDB Connected Successfully (Local)
2025-11-20 16:24:28 [INFO] ✅ Database initialized
2025-11-20 16:24:52 [INFO] ✅ Loaded route: /api/auth
2025-11-20 16:24:52 [WARN] ⚠️  Route not found: /api/dreams (./routes/dreams.js)
2025-11-20 16:24:52 [WARN] ⚠️  Route not found: /api/chatbot (./routes/chatbot.js)
2025-11-20 16:24:52 [INFO] ✅ Loaded route: /api/sd
2025-11-20 16:24:52 [INFO] ✅ Loaded route: /api/community
2025-11-20 16:24:52 [INFO] ✅ Loaded route: /api/feedback
2025-11-20 16:24:52 [WARN] ⚠️  Route not found: /api/analytics (./routes/analytics.js)
2025-11-20 16:24:52 [WARN] ⚠️  Route not found: /api/dream-diary (./routes/dreamDiary.js)
2025-11-20 16:24:52 [INFO] ✅ Loaded route: /api/dream-diary/lifestyle
2025-11-20 16:24:52 [INFO] ✅ Loaded route: /api/recent-activity
2025-11-20 16:24:52 [INFO] ✅ Loaded route: /api/activity
2025-11-20 16:24:52 [INFO] ✅ Loaded route: /api/generate-image
2025-11-20 16:24:52 [INFO] ✅ Backend Running on 0.0.0.0:5000
2025-11-20 16:24:52 [INFO] 🌐 Access at: http://localhost:5000
2025-11-20 16:24:52 [INFO] ✅ MongoDB Connected Successfully (Local)
2025-11-20 16:24:52 [INFO] ✅ Database initialized
2025-11-20 16:26:27 [INFO] ✅ Loaded route: /api/auth
2025-11-20 16:26:28 [INFO] ✅ Loaded route: /api/dreams
2025-11-20 16:26:28 [INFO] ✅ Loaded route: /api/chatbot
2025-11-20 16:26:28 [INFO] ✅ Loaded route: /api/sd
2025-11-20 16:26:28 [INFO] ✅ Loaded route: /api/community
2025-11-20 16:26:28 [INFO] ✅ Loaded route: /api/feedback
2025-11-20 16:26:28 [INFO] ✅ Loaded route: /api/analytics
2025-11-20 16:26:28 [INFO] ✅ Loaded route: /api/dream-diary
2025-11-20 16:26:28 [INFO] ✅ Loaded route: /api/dream-diary/lifestyle
2025-11-20 16:26:28 [INFO] ✅ Loaded route: /api/recent-activity
2025-11-20 16:26:28 [INFO] ✅ Loaded route: /api/activity
2025-11-20 16:26:28 [INFO] ✅ Loaded route: /api/generate-image
2025-11-20 16:26:28 [INFO] ✅ Backend Running on 0.0.0.0:5000
2025-11-20 16:26:28 [INFO] 🌐 Access at: http://localhost:5000
2025-11-20 16:26:28 [INFO] ✅ MongoDB Connected Successfully (Local)
2025-11-20 16:26:28 [INFO] ✅ Database initialized
2025-11-20 16:27:23 [INFO] ✅ Loaded route: /api/auth
2025-11-20 16:27:23 [INFO] ✅ Loaded route: /api/dreams
2025-11-20 16:27:23 [INFO] ✅ Loaded route: /api/chatbot
2025-11-20 16:27:23 [INFO] ✅ Loaded route: /api/sd
2025-11-20 16:27:23 [INFO] ✅ Loaded route: /api/community
2025-11-20 16:27:23 [INFO] ✅ Loaded route: /api/feedback
2025-11-20 16:27:23 [INFO] ✅ Loaded route: /api/analytics
2025-11-20 16:27:23 [INFO] ✅ Loaded route: /api/dream-diary
2025-11-20 16:27:23 [INFO] ✅ Loaded route: /api/dream-diary/lifestyle
2025-11-20 16:27:23 [INFO] ✅ Loaded route: /api/recent-activity
2025-11-20 16:27:23 [INFO] ✅ Loaded route: /api/activity
2025-11-20 16:27:23 [INFO] ✅ Loaded route: /api/generate-image
2025-11-20 16:27:23 [INFO] ✅ Backend Running on 0.0.0.0:5000
2025-11-20 16:27:23 [INFO] 🌐 Access at: http://localhost:5000
2025-11-20 16:27:23 [INFO] ✅ MongoDB Connected Successfully (Local)
2025-11-20 16:27:23 [INFO] ✅ Database initialized
2025-11-20 16:28:37 [INFO] ✅ Loaded route: /api/auth
2025-11-20 16:28:37 [INFO] ✅ Loaded route: /api/dreams
2025-11-20 16:28:37 [INFO] ✅ Loaded route: /api/chatbot
2025-11-20 16:28:37 [INFO] ✅ Loaded route: /api/sd
2025-11-20 16:28:37 [INFO] ✅ Loaded route: /api/community
2025-11-20 16:28:37 [INFO] ✅ Loaded route: /api/feedback
2025-11-20 16:28:37 [INFO] ✅ Loaded route: /api/analytics
2025-11-20 16:28:37 [INFO] ✅ Loaded route: /api/dream-diary
2025-11-20 16:28:37 [INFO] ✅ Loaded route: /api/dream-diary/lifestyle
2025-11-20 16:28:37 [INFO] ✅ Loaded route: /api/recent-activity
2025-11-20 16:28:37 [INFO] ✅ Loaded route: /api/activity
2025-11-20 16:28:37 [INFO] ✅ Loaded route: /api/generate-image
2025-11-20 16:28:37 [INFO] ✅ Backend Running on 0.0.0.0:5000
2025-11-20 16:28:37 [INFO] 🌐 Access at: http://localhost:5000
2025-11-20 16:28:37 [INFO] ✅ MongoDB Connected Successfully (Local)
2025-11-20 16:28:37 [INFO] ✅ Database initialized
2025-11-20 16:52:06 [INFO] ✅ Loaded route: /api/auth
2025-11-20 16:52:06 [INFO] ✅ Loaded route: /api/dreams
2025-11-20 16:52:06 [INFO] ✅ Loaded route: /api/chatbot
2025-11-20 16:52:06 [INFO] ✅ Loaded route: /api/sd
2025-11-20 16:52:06 [INFO] ✅ Loaded route: /api/community
2025-11-20 16:52:06 [INFO] ✅ Loaded route: /api/feedback
2025-11-20 16:52:06 [INFO] ✅ Loaded route: /api/analytics
2025-11-20 16:52:06 [INFO] ✅ Loaded route: /api/dream-diary
2025-11-20 16:52:06 [INFO] ✅ Loaded route: /api/dream-diary/lifestyle
2025-11-20 16:52:06 [INFO] ✅ Loaded route: /api/recent-activity
2025-11-20 16:52:06 [INFO] ✅ Loaded route: /api/activity
2025-11-20 16:52:06 [INFO] ✅ Loaded route: /api/generate-image
2025-11-20 16:52:06 [INFO] ✅ Backend Running on 0.0.0.0:5000
2025-11-20 16:52:06 [INFO] 🌐 Access at: http://localhost:5000
2025-11-20 16:52:06 [INFO] ✅ MongoDB Connected Successfully (Local)
2025-11-20 16:52:06 [INFO] ✅ Database initialized
2025-11-20 17:26:26 [INFO] ✅ Loaded route: /api/auth
2025-11-20 17:26:26 [INFO] ✅ Loaded route: /api/dreams
2025-11-20 17:26:26 [INFO] ✅ Loaded route: /api/chatbot
2025-11-20 17:26:26 [INFO] ✅ Loaded route: /api/sd
2025-11-20 17:26:26 [INFO] ✅ Loaded route: /api/community
2025-11-20 17:26:26 [INFO] ✅ Loaded route: /api/feedback
2025-11-20 17:26:26 [INFO] ✅ Loaded route: /api/analytics
2025-11-20 17:26:26 [INFO] ✅ Loaded route: /api/dream-diary
2025-11-20 17:26:26 [INFO] ✅ Loaded route: /api/dream-diary/lifestyle
2025-11-20 17:26:26 [INFO] ✅ Loaded route: /api/recent-activity
2025-11-20 17:26:26 [INFO] ✅ Loaded route: /api/activity
2025-11-20 17:26:26 [INFO] ✅ Loaded route: /api/generate-image
2025-11-20 17:26:27 [INFO] ✅ Backend Running on 0.0.0.0:5000
2025-11-20 17:26:27 [INFO] 🌐 Access at: http://localhost:5000
2025-11-20 17:26:27 [INFO] ✅ MongoDB Connected Successfully (Local)
2025-11-20 17:26:27 [INFO] ✅ Database initialized
2025-11-20 17:28:57 [INFO] ✅ Loaded route: /api/auth
2025-11-20 17:28:57 [INFO] ✅ Loaded route: /api/dreams
2025-11-20 17:28:57 [INFO] ✅ Loaded route: /api/chatbot
2025-11-20 17:28:57 [INFO] ✅ Loaded route: /api/sd
2025-11-20 17:28:57 [INFO] ✅ Loaded route: /api/community
2025-11-20 17:28:57 [INFO] ✅ Loaded route: /api/feedback
2025-11-20 17:28:57 [INFO] ✅ Loaded route: /api/analytics
2025-11-20 17:28:57 [INFO] ✅ Loaded route: /api/dream-diary
2025-11-20 17:28:57 [INFO] ✅ Loaded route: /api/dream-diary/lifestyle
2025-11-20 17:28:57 [INFO] ✅ Loaded route: /api/recent-activity
2025-11-20 17:28:57 [INFO] ✅ Loaded route: /api/activity
2025-11-20 17:28:57 [INFO] ✅ Loaded route: /api/generate-image
2025-11-20 17:28:57 [INFO] ✅ Backend Running on 0.0.0.0:5000
2025-11-20 17:28:57 [INFO] 🌐 Access at: http://localhost:5000
2025-11-20 17:28:57 [INFO] ✅ MongoDB Connected Successfully (Local)
2025-11-20 17:28:57 [INFO] ✅ Database initialized
2025-11-20 17:30:33 [INFO] [Image Generation] Request received - Prompt: "i was flying with my kite in the sky"
2025-11-20 17:30:48 [INFO] [Image Generation] Image generated in 15101ms: /uploads/sd-generated/89e3381e-88ff-4c16-bb64-aa089070ce92.png
2025-11-20 17:54:16 [INFO] ✅ Loaded route: /api/auth
2025-11-20 17:54:16 [INFO] ✅ Loaded route: /api/dreams
2025-11-20 17:54:16 [INFO] ✅ Loaded route: /api/chatbot
2025-11-20 17:54:16 [INFO] ✅ Loaded route: /api/sd
2025-11-20 17:54:16 [INFO] ✅ Loaded route: /api/community
2025-11-20 17:54:16 [INFO] ✅ Loaded route: /api/feedback
2025-11-20 17:54:16 [INFO] ✅ Loaded route: /api/analytics
2025-11-20 17:54:16 [INFO] ✅ Loaded route: /api/dream-diary
2025-11-20 17:54:16 [INFO] ✅ Loaded route: /api/dream-diary/lifestyle
2025-11-20 17:54:16 [INFO] ✅ Loaded route: /api/recent-activity
2025-11-20 17:54:16 [INFO] ✅ Loaded route: /api/activity
2025-11-20 17:54:16 [INFO] ✅ Loaded route: /api/generate-image
2025-11-20 17:54:16 [INFO] ✅ Backend Running on 0.0.0.0:5000
2025-11-20 17:54:16 [INFO] 🌐 Access at: http://localhost:5000
2025-11-20 17:54:16 [INFO] ✅ MongoDB Connected Successfully (Local)
2025-11-20 17:54:16 [INFO] ✅ Database initialized
2025-11-20 17:57:59 [INFO] [Image Generation] Request received - Prompt: "i was very feared when i saw lepord chasing me"
2025-11-20 17:58:06 [INFO] [Image Generation] Image generated in 7717ms: /uploads/sd-generated/d2df017a-e43f-4054-af17-51c1429453bf.png
2025-11-20 18:08:25 [INFO] ✅ Loaded route: /api/auth
2025-11-20 18:08:25 [INFO] ✅ Loaded route: /api/dreams
2025-11-20 18:08:25 [INFO] ✅ Loaded route: /api/chatbot
2025-11-20 18:08:25 [INFO] ✅ Loaded route: /api/sd
2025-11-20 18:08:25 [INFO] ✅ Loaded route: /api/community
2025-11-20 18:08:25 [INFO] ✅ Loaded route: /api/feedback
2025-11-20 18:08:25 [INFO] ✅ Loaded route: /api/analytics
2025-11-20 18:08:25 [INFO] ✅ Loaded route: /api/dream-diary
2025-11-20 18:08:25 [INFO] ✅ Loaded route: /api/dream-diary/lifestyle
2025-11-20 18:08:25 [INFO] ✅ Loaded route: /api/recent-activity
2025-11-20 18:08:25 [INFO] ✅ Loaded route: /api/activity
2025-11-20 18:08:25 [INFO] ✅ Loaded route: /api/generate-image
2025-11-20 18:08:25 [INFO] ✅ Backend Running on 0.0.0.0:5000
2025-11-20 18:08:25 [INFO] 🌐 Access at: http://localhost:5000
2025-11-20 18:08:25 [INFO] ✅ MongoDB Connected Successfully (Local)
2025-11-20 18:08:25 [INFO] ✅ Database initialized
2025-11-20 18:16:20 [INFO] [Image Generation] Request received - Prompt: "i has so much sadness in my dream because my favourite dress get outofstock"
2025-11-20 18:16:28 [INFO] [Image Generation] Image generated in 7728ms: /uploads/sd-generated/44386750-e51c-4300-996c-0da082603f17.png
2025-11-20 18:36:33 [INFO] ✅ Loaded route: /api/auth
2025-11-20 18:36:33 [INFO] ✅ Loaded route: /api/dreams
2025-11-20 18:36:33 [INFO] ✅ Loaded route: /api/chatbot
2025-11-20 18:36:33 [INFO] ✅ Loaded route: /api/sd
2025-11-20 18:36:33 [INFO] ✅ Loaded route: /api/community
2025-11-20 18:36:33 [INFO] ✅ Loaded route: /api/feedback
2025-11-20 18:36:33 [INFO] ✅ Loaded route: /api/analytics
2025-11-20 18:36:33 [INFO] ✅ Loaded route: /api/dream-diary
2025-11-20 18:36:33 [INFO] ✅ Loaded route: /api/dream-diary/lifestyle
2025-11-20 18:36:33 [INFO] ✅ Loaded route: /api/recent-activity
2025-11-20 18:36:33 [INFO] ✅ Loaded route: /api/activity
2025-11-20 18:36:33 [INFO] ✅ Loaded route: /api/generate-image
2025-11-20 18:36:33 [INFO] ✅ Backend Running on 0.0.0.0:5000
2025-11-20 18:36:33 [INFO] 🌐 Access at: http://localhost:5000
2025-11-20 18:36:33 [INFO] ✅ MongoDB Connected Successfully (Local)
2025-11-20 18:36:33 [INFO] ✅ Database initialized
2025-11-20 18:39:41 [INFO] ✅ Loaded route: /api/auth
2025-11-20 18:39:50 [INFO] ✅ Loaded route: /api/dreams
2025-11-20 18:39:50 [INFO] ✅ Loaded route: /api/chatbot
2025-11-20 18:39:52 [INFO] ✅ Loaded route: /api/sd
2025-11-20 18:39:52 [INFO] ✅ Loaded route: /api/community
2025-11-20 18:39:52 [INFO] ✅ Loaded route: /api/feedback
2025-11-20 18:39:52 [INFO] ✅ Loaded route: /api/analytics
2025-11-20 18:39:52 [INFO] ✅ Loaded route: /api/dream-diary
2025-11-20 18:39:52 [INFO] ✅ Loaded route: /api/dream-diary/lifestyle
2025-11-20 18:39:52 [INFO] ✅ Loaded route: /api/recent-activity
2025-11-20 18:39:52 [INFO] ✅ Loaded route: /api/activity
2025-11-20 18:39:52 [INFO] ✅ Loaded route: /api/generate-image
2025-11-20 18:39:57 [INFO] ✅ Backend Running on 0.0.0.0:5000
2025-11-20 18:39:57 [INFO] 🌐 Access at: http://localhost:5000
2025-11-20 18:39:57 [INFO] ✅ MongoDB Connected Successfully (Local)
2025-11-20 18:39:57 [INFO] ✅ Database initialized
2025-11-20 18:52:01 [INFO] [Image Generation] Request received - Prompt: "i was in very excitement to see my lost twin"
2025-11-20 18:52:16 [INFO] [Image Generation] Image generated in 14434ms: /uploads/sd-generated/7ae11a9c-112e-4d32-9bab-131f4611e0e4.png
2025-11-20 20:58:53 [INFO] ✅ Loaded route: /api/auth
2025-11-20 20:58:53 [INFO] ✅ Loaded route: /api/dreams
2025-11-20 20:58:53 [INFO] ✅ Loaded route: /api/chatbot
2025-11-20 20:58:53 [INFO] ✅ Loaded route: /api/sd
2025-11-20 20:58:53 [INFO] ✅ Loaded route: /api/community
2025-11-20 20:58:53 [INFO] ✅ Loaded route: /api/feedback
2025-11-20 20:58:53 [INFO] ✅ Loaded route: /api/analytics
2025-11-20 20:58:53 [INFO] ✅ Loaded route: /api/dream-diary
2025-11-20 20:58:53 [INFO] ✅ Loaded route: /api/dream-diary/lifestyle
2025-11-20 20:58:53 [INFO] ✅ Loaded route: /api/recent-activity
2025-11-20 20:58:53 [INFO] ✅ Loaded route: /api/activity
2025-11-20 20:58:53 [INFO] ✅ Loaded route: /api/generate-image
2025-11-20 20:58:54 [INFO] ✅ Backend Running on 0.0.0.0:5000
2025-11-20 20:58:54 [INFO] 🌐 Access at: http://localhost:5000
2025-11-20 20:58:54 [INFO] ✅ MongoDB Connected Successfully (Local)
2025-11-20 20:58:54 [INFO] ✅ Database initialized
2025-11-20 21:07:46 [INFO] ✅ Loaded route: /api/auth
2025-11-20 21:07:46 [INFO] ✅ Loaded route: /api/dreams
2025-11-20 21:07:46 [INFO] ✅ Loaded route: /api/chatbot
2025-11-20 21:07:46 [INFO] ✅ Loaded route: /api/sd
2025-11-20 21:07:46 [INFO] ✅ Loaded route: /api/community
2025-11-20 21:07:46 [INFO] ✅ Loaded route: /api/feedback
2025-11-20 21:07:46 [INFO] ✅ Loaded route: /api/analytics
2025-11-20 21:07:46 [INFO] ✅ Loaded route: /api/dream-diary
2025-11-20 21:07:46 [INFO] ✅ Loaded route: /api/dream-diary/lifestyle
2025-11-20 21:07:46 [INFO] ✅ Loaded route: /api/recent-activity
2025-11-20 21:07:46 [INFO] ✅ Loaded route: /api/activity
2025-11-20 21:07:46 [INFO] ✅ Loaded route: /api/generate-image
2025-11-20 21:07:46 [INFO] ✅ Backend Running on 0.0.0.0:5000
2025-11-20 21:07:46 [INFO] 🌐 Access at: http://localhost:5000
2025-11-20 21:07:47 [INFO] ✅ MongoDB Connected Successfully (Local)
2025-11-20 21:07:47 [INFO] ✅ Database initialized
2025-11-20 21:14:32 [INFO] ✅ Loaded route: /api/auth
2025-11-20 21:14:32 [INFO] ✅ Loaded route: /api/dreams
2025-11-20 21:14:32 [INFO] ✅ Loaded route: /api/chatbot
2025-11-20 21:14:33 [INFO] ✅ Loaded route: /api/sd
2025-11-20 21:14:33 [INFO] ✅ Loaded route: /api/community
2025-11-20 21:14:33 [INFO] ✅ Loaded route: /api/feedback
2025-11-20 21:14:33 [INFO] ✅ Loaded route: /api/analytics
2025-11-20 21:14:33 [INFO] ✅ Loaded route: /api/dream-diary
2025-11-20 21:14:33 [INFO] ✅ Loaded route: /api/dream-diary/lifestyle
2025-11-20 21:14:33 [INFO] ✅ Loaded route: /api/recent-activity
2025-11-20 21:14:33 [INFO] ✅ Loaded route: /api/activity
2025-11-20 21:14:33 [INFO] ✅ Loaded route: /api/generate-image
2025-11-20 21:14:33 [INFO] ✅ Backend Running on 0.0.0.0:5000
2025-11-20 21:14:33 [INFO] 🌐 Access at: http://localhost:5000
2025-11-20 21:14:33 [INFO] ✅ MongoDB Connected Successfully (Local)
2025-11-20 21:14:33 [INFO] ✅ Database initialized
2025-11-20 21:40:08 [INFO] ✅ Loaded route: /api/auth
2025-11-20 21:40:09 [INFO] ✅ Loaded route: /api/dreams
2025-11-20 21:40:09 [INFO] ✅ Loaded route: /api/chatbot
2025-11-20 21:40:09 [INFO] ✅ Loaded route: /api/sd
2025-11-20 21:40:09 [INFO] ✅ Loaded route: /api/community
2025-11-20 21:40:09 [INFO] ✅ Loaded route: /api/feedback
2025-11-20 21:40:09 [INFO] ✅ Loaded route: /api/analytics
2025-11-20 21:40:09 [INFO] ✅ Loaded route: /api/dream-diary
2025-11-20 21:40:09 [INFO] ✅ Loaded route: /api/dream-diary/lifestyle
2025-11-20 21:40:09 [INFO] ✅ Loaded route: /api/recent-activity
2025-11-20 21:40:09 [INFO] ✅ Loaded route: /api/activity
2025-11-20 21:40:09 [INFO] ✅ Loaded route: /api/generate-image
2025-11-20 21:40:09 [INFO] ✅ Backend Running on 0.0.0.0:5000
2025-11-20 21:40:09 [INFO] 🌐 Access at: http://localhost:5000
2025-11-20 21:40:09 [INFO] ✅ MongoDB Connected Successfully (Local)
2025-11-20 21:40:09 [INFO] ✅ Database initialized
2025-11-20 21:55:31 [INFO] ✅ Loaded route: /api/auth
2025-11-20 21:55:41 [INFO] ✅ Loaded route: /api/dreams
2025-11-20 21:55:41 [INFO] ✅ Loaded route: /api/chatbot
2025-11-20 21:55:43 [INFO] ✅ Loaded route: /api/sd
2025-11-20 21:55:43 [INFO] ✅ Loaded route: /api/community
2025-11-20 21:55:43 [INFO] ✅ Loaded route: /api/feedback
2025-11-20 21:55:43 [INFO] ✅ Loaded route: /api/analytics
2025-11-20 21:55:43 [INFO] ✅ Loaded route: /api/dream-diary
2025-11-20 21:55:43 [INFO] ✅ Loaded route: /api/dream-diary/lifestyle
2025-11-20 21:55:43 [INFO] ✅ Loaded route: /api/recent-activity
2025-11-20 21:55:43 [INFO] ✅ Loaded route: /api/activity
2025-11-20 21:55:43 [INFO] ✅ Loaded route: /api/generate-image
2025-11-20 21:55:48 [INFO] ✅ Backend Running on 0.0.0.0:5000
2025-11-20 21:55:48 [INFO] 🌐 Access at: http://localhost:5000
2025-11-20 21:55:48 [WARN] ⚠️  MongoDB Local connection failed: Server selection timed out after 10000 ms
2025-11-20 21:55:48 [ERROR] ❌ All MongoDB connection attempts failed. Set MONGO_URI_ATLAS or ensure local MongoDB is running.
2025-11-20 21:55:48 [ERROR] ❌ Database init failed: MongoDB connection failed
2025-11-20 22:00:00 [INFO] ✅ Loaded route: /api/auth
2025-11-20 22:00:09 [INFO] ✅ Loaded route: /api/dreams
2025-11-20 22:00:09 [INFO] ✅ Loaded route: /api/chatbot
2025-11-20 22:00:11 [INFO] ✅ Loaded route: /api/sd
2025-11-20 22:00:12 [INFO] ✅ Loaded route: /api/community
2025-11-20 22:00:12 [INFO] ✅ Loaded route: /api/feedback
2025-11-20 22:00:12 [INFO] ✅ Loaded route: /api/analytics
2025-11-20 22:00:12 [INFO] ✅ Loaded route: /api/dream-diary
2025-11-20 22:00:13 [INFO] ✅ Loaded route: /api/dream-diary/lifestyle
2025-11-20 22:00:13 [INFO] ✅ Loaded route: /api/recent-activity
2025-11-20 22:00:13 [INFO] ✅ Loaded route: /api/activity
2025-11-20 22:00:13 [INFO] ✅ Loaded route: /api/generate-image
2025-11-20 22:00:17 [INFO] ✅ Backend Running on 0.0.0.0:5000
2025-11-20 22:00:17 [INFO] 🌐 Access at: http://localhost:5000
2025-11-20 22:00:17 [WARN] ⚠️  MongoDB Local connection failed: Server selection timed out after 10000 ms
2025-11-20 22:00:17 [ERROR] ❌ All MongoDB connection attempts failed. Set MONGO_URI_ATLAS or ensure local MongoDB is running.
2025-11-20 22:00:17 [ERROR] ❌ Database init failed: MongoDB connection failed
2025-11-20 22:03:32 [INFO] ✅ MongoDB Connected Successfully (Local)
2025-11-20 22:05:44 [INFO] ✅ Loaded route: /api/auth
2025-11-20 22:05:44 [INFO] ✅ Loaded route: /api/dreams
2025-11-20 22:05:45 [INFO] ✅ Loaded route: /api/chatbot
2025-11-20 22:05:45 [INFO] ✅ Loaded route: /api/sd
2025-11-20 22:05:45 [INFO] ✅ Loaded route: /api/community
2025-11-20 22:05:45 [INFO] ✅ Loaded route: /api/feedback
2025-11-20 22:05:45 [INFO] ✅ Loaded route: /api/analytics
2025-11-20 22:05:45 [INFO] ✅ Loaded route: /api/dream-diary
2025-11-20 22:05:45 [INFO] ✅ Loaded route: /api/dream-diary/lifestyle
2025-11-20 22:05:45 [INFO] ✅ Loaded route: /api/recent-activity
2025-11-20 22:05:45 [INFO] ✅ Loaded route: /api/activity
2025-11-20 22:05:45 [INFO] ✅ Loaded route: /api/generate-image
2025-11-20 22:05:45 [INFO] ✅ Backend Running on 0.0.0.0:5000
2025-11-20 22:05:45 [INFO] 🌐 Access at: http://localhost:5000
2025-11-20 22:05:45 [INFO] ✅ MongoDB Connected Successfully (Local)
2025-11-20 22:05:45 [INFO] ✅ Database initialized
2025-11-20 22:10:22 [INFO] [Image Generation] Request received - Prompt: "i was become expert in study in my dream"
2025-11-20 22:10:37 [INFO] [Image Generation] Image generated in 14935ms: /uploads/sd-generated/d04fa560-07be-4c15-b218-7d8c9967f8b8.png
2025-11-22 20:24:55 [INFO] ✅ Loaded route: /api/auth
2025-11-22 20:25:06 [INFO] ✅ Loaded route: /api/dreams
2025-11-22 20:25:06 [INFO] ✅ Loaded route: /api/chatbot
2025-11-22 20:25:08 [INFO] ✅ Loaded route: /api/sd
2025-11-22 20:25:08 [INFO] ✅ Loaded route: /api/community
2025-11-22 20:25:08 [INFO] ✅ Loaded route: /api/feedback
2025-11-22 20:25:08 [INFO] ✅ Loaded route: /api/analytics
2025-11-22 20:25:08 [INFO] ✅ Loaded route: /api/dream-diary
2025-11-22 20:25:08 [INFO] ✅ Loaded route: /api/dream-diary/lifestyle
2025-11-22 20:25:08 [INFO] ✅ Loaded route: /api/recent-activity
2025-11-22 20:25:08 [INFO] ✅ Loaded route: /api/activity
2025-11-22 20:25:08 [INFO] ✅ Loaded route: /api/generate-image
2025-11-22 20:25:14 [INFO] ✅ Backend Running on 0.0.0.0:5000
2025-11-22 20:25:14 [INFO] 🌐 Access at: http://localhost:5000
2025-11-22 20:25:14 [WARN] ⚠️  MongoDB Local connection failed: Server selection timed out after 10000 ms
2025-11-22 20:25:14 [ERROR] ❌ All MongoDB connection attempts failed. Set MONGO_URI_ATLAS or ensure local MongoDB is running.
2025-11-22 20:25:14 [ERROR] ❌ Database init failed: MongoDB connection failed
2025-11-22 20:27:24 [INFO] ✅ Loaded route: /api/auth
2025-11-22 20:27:24 [INFO] ✅ Loaded route: /api/dreams
2025-11-22 20:27:24 [INFO] ✅ Loaded route: /api/chatbot
2025-11-22 20:27:24 [INFO] ✅ Loaded route: /api/sd
2025-11-22 20:27:24 [INFO] ✅ Loaded route: /api/community
2025-11-22 20:27:24 [INFO] ✅ Loaded route: /api/feedback
2025-11-22 20:27:24 [INFO] ✅ Loaded route: /api/analytics
2025-11-22 20:27:24 [INFO] ✅ Loaded route: /api/dream-diary
2025-11-22 20:27:24 [INFO] ✅ Loaded route: /api/dream-diary/lifestyle
2025-11-22 20:27:25 [INFO] ✅ Loaded route: /api/recent-activity
2025-11-22 20:27:25 [INFO] ✅ Loaded route: /api/activity
2025-11-22 20:27:25 [INFO] ✅ Loaded route: /api/generate-image
2025-11-22 20:27:25 [INFO] ✅ Backend Running on 0.0.0.0:5000
2025-11-22 20:27:25 [INFO] 🌐 Access at: http://localhost:5000
2025-11-22 20:27:25 [INFO] ✅ MongoDB Connected Successfully (Local)
2025-11-22 20:27:25 [INFO] ✅ Database initialized
2025-11-22 20:33:49 [INFO] [Image Generation] Request received - Prompt: "i have give money to poor people in my dream"
2025-11-22 20:34:04 [INFO] [Image Generation] Image generated in 15495ms: /uploads/sd-generated/cea0af1b-737e-4377-bcb4-81a434b0a735.png
2025-11-22 21:03:25 [INFO] ✅ Loaded route: /api/auth
2025-11-22 21:03:25 [INFO] ✅ Loaded route: /api/dreams
2025-11-22 21:03:25 [INFO] ✅ Loaded route: /api/chatbot
2025-11-22 21:03:25 [INFO] ✅ Loaded route: /api/sd
2025-11-22 21:03:25 [INFO] ✅ Loaded route: /api/community
2025-11-22 21:03:26 [INFO] ✅ Loaded route: /api/feedback
2025-11-22 21:03:26 [INFO] ✅ Loaded route: /api/analytics
2025-11-22 21:03:26 [INFO] ✅ Loaded route: /api/dream-diary
2025-11-22 21:03:26 [INFO] ✅ Loaded route: /api/dream-diary/lifestyle
2025-11-22 21:03:26 [INFO] ✅ Loaded route: /api/recent-activity
2025-11-22 21:03:26 [INFO] ✅ Loaded route: /api/activity
2025-11-22 21:03:26 [INFO] ✅ Loaded route: /api/generate-image
2025-11-22 21:03:26 [INFO] ✅ Backend Running on 0.0.0.0:5000
2025-11-22 21:03:26 [INFO] 🌐 Access at: http://localhost:5000
2025-11-22 21:03:26 [INFO] ✅ MongoDB Connected Successfully (Local)
2025-11-22 21:03:26 [INFO] ✅ Database initialized
2025-11-22 21:20:08 [INFO] ✅ Loaded route: /api/auth
2025-11-22 21:20:09 [INFO] ✅ Loaded route: /api/dreams
2025-11-22 21:20:09 [INFO] ✅ Loaded route: /api/chatbot
2025-11-22 21:20:09 [INFO] ✅ Loaded route: /api/sd
2025-11-22 21:20:09 [INFO] ✅ Loaded route: /api/community
2025-11-22 21:20:09 [INFO] ✅ Loaded route: /api/feedback
2025-11-22 21:20:09 [INFO] ✅ Loaded route: /api/analytics
2025-11-22 21:20:09 [INFO] ✅ Loaded route: /api/dream-diary
2025-11-22 21:20:09 [INFO] ✅ Loaded route: /api/dream-diary/lifestyle
2025-11-22 21:20:09 [INFO] ✅ Loaded route: /api/recent-activity
2025-11-22 21:20:09 [INFO] ✅ Loaded route: /api/activity
2025-11-22 21:20:09 [INFO] ✅ Loaded route: /api/generate-image
2025-11-22 21:20:09 [INFO] ✅ Backend Running on 0.0.0.0:5000
2025-11-22 21:20:09 [INFO] 🌐 Access at: http://localhost:5000
2025-11-22 21:20:09 [INFO] ✅ MongoDB Connected Successfully (Local)
2025-11-22 21:20:09 [INFO] ✅ Database initialized
2025-11-22 21:33:16 [INFO] ✅ Loaded route: /api/auth
2025-11-22 21:33:16 [INFO] ✅ Loaded route: /api/dreams
2025-11-22 21:33:16 [INFO] ✅ Loaded route: /api/chatbot
2025-11-22 21:33:17 [INFO] ✅ Loaded route: /api/sd
2025-11-22 21:33:17 [INFO] ✅ Loaded route: /api/community
2025-11-22 21:33:17 [INFO] ✅ Loaded route: /api/feedback
2025-11-22 21:33:17 [INFO] ✅ Loaded route: /api/analytics
2025-11-22 21:33:17 [INFO] ✅ Loaded route: /api/dream-diary
2025-11-22 21:33:17 [INFO] ✅ Loaded route: /api/dream-diary/lifestyle
2025-11-22 21:33:17 [INFO] ✅ Loaded route: /api/recent-activity
2025-11-22 21:33:17 [INFO] ✅ Loaded route: /api/activity
2025-11-22 21:33:17 [INFO] ✅ Loaded route: /api/generate-image
2025-11-22 21:33:17 [INFO] ✅ Backend Running on 0.0.0.0:5000
2025-11-22 21:33:17 [INFO] 🌐 Access at: http://localhost:5000
2025-11-22 21:33:17 [INFO] ✅ MongoDB Connected Successfully (Local)
2025-11-22 21:33:17 [INFO] ✅ Database initialized
2025-11-22 21:38:10 [INFO] [Image Generation] Request received - Prompt: "i was dreamed about my parents scholding me"
2025-11-22 21:38:24 [INFO] [Image Generation] Image generated in 14366ms: /uploads/sd-generated/374e239c-9812-4e3a-9881-97f847825d89.png
2025-11-23 10:45:55 [INFO] ✅ Loaded route: /api/auth
2025-11-23 10:46:04 [INFO] ✅ Loaded route: /api/dreams
2025-11-23 10:46:05 [INFO] ✅ Loaded route: /api/chatbot
2025-11-23 10:46:07 [INFO] ✅ Loaded route: /api/sd
2025-11-23 10:46:07 [INFO] ✅ Loaded route: /api/community
2025-11-23 10:46:07 [INFO] ✅ Loaded route: /api/feedback
2025-11-23 10:46:08 [INFO] ✅ Loaded route: /api/analytics
2025-11-23 10:46:08 [INFO] ✅ Loaded route: /api/dream-diary
2025-11-23 10:46:08 [INFO] ✅ Loaded route: /api/dream-diary/lifestyle
2025-11-23 10:46:08 [INFO] ✅ Loaded route: /api/recent-activity
2025-11-23 10:46:08 [INFO] ✅ Loaded route: /api/activity
2025-11-23 10:46:08 [INFO] ✅ Loaded route: /api/generate-image
2025-11-23 10:46:13 [INFO] ✅ Backend Running on 0.0.0.0:5000
2025-11-23 10:46:13 [INFO] 🌐 Access at: http://localhost:5000
2025-11-23 10:46:13 [WARN] ⚠️  MongoDB Local connection failed: Server selection timed out after 10000 ms
2025-11-23 10:46:13 [ERROR] ❌ All MongoDB connection attempts failed. Set MONGO_URI_ATLAS or ensure local MongoDB is running.
2025-11-23 10:46:13 [ERROR] ❌ Database init failed: MongoDB connection failed
2025-11-23 10:51:09 [INFO] ✅ Loaded route: /api/auth
2025-11-23 10:51:09 [INFO] ✅ Loaded route: /api/dreams
2025-11-23 10:51:09 [INFO] ✅ Loaded route: /api/chatbot
2025-11-23 10:51:09 [INFO] ✅ Loaded route: /api/sd
2025-11-23 10:51:09 [INFO] ✅ Loaded route: /api/community
2025-11-23 10:51:09 [INFO] ✅ Loaded route: /api/feedback
2025-11-23 10:51:09 [INFO] ✅ Loaded route: /api/analytics
2025-11-23 10:51:09 [INFO] ✅ Loaded route: /api/dream-diary
2025-11-23 10:51:09 [INFO] ✅ Loaded route: /api/dream-diary/lifestyle
2025-11-23 10:51:09 [INFO] ✅ Loaded route: /api/recent-activity
2025-11-23 10:51:09 [INFO] ✅ Loaded route: /api/activity
2025-11-23 10:51:09 [INFO] ✅ Loaded route: /api/generate-image
2025-11-23 10:51:09 [INFO] ✅ Backend Running on 0.0.0.0:5000
2025-11-23 10:51:09 [INFO] 🌐 Access at: http://localhost:5000
2025-11-23 10:51:09 [INFO] ✅ MongoDB Connected Successfully (Local)
2025-11-23 10:51:09 [INFO] ✅ Database initialized
2025-11-23 10:56:29 [INFO] [Image Generation] Request received - Prompt: "i was talking to my friend in my phone while standing near window"
2025-11-23 10:56:44 [INFO] [Image Generation] Image generated in 14975ms: /uploads/sd-generated/833c4cc9-e6b4-45e1-abfd-4e51d6cfa5e1.png
2025-11-23 11:45:47 [INFO] ✅ Loaded route: /api/auth
2025-11-23 11:46:15 [INFO] ✅ Loaded route: /api/dreams
2025-11-23 11:46:16 [INFO] ✅ Loaded route: /api/chatbot
2025-11-23 11:46:23 [INFO] ✅ Loaded route: /api/sd
2025-11-23 11:46:25 [INFO] ✅ Loaded route: /api/community
2025-11-23 11:46:25 [INFO] ✅ Loaded route: /api/feedback
2025-11-23 11:46:26 [INFO] ✅ Loaded route: /api/analytics
2025-11-23 11:46:26 [INFO] ✅ Loaded route: /api/dream-diary
2025-11-23 11:46:27 [INFO] ✅ Loaded route: /api/dream-diary/lifestyle
2025-11-23 11:46:27 [INFO] ✅ Loaded route: /api/recent-activity
2025-11-23 11:46:27 [INFO] ✅ Loaded route: /api/activity
2025-11-23 11:46:28 [INFO] ✅ Loaded route: /api/generate-image
2025-11-23 11:46:43 [INFO] ✅ Backend Running on 0.0.0.0:5000
2025-11-23 11:46:43 [INFO] 🌐 Access at: http://localhost:5000
2025-11-23 11:46:43 [WARN] ⚠️  MongoDB Local connection failed: Server selection timed out after 10000 ms
2025-11-23 11:46:43 [ERROR] ❌ All MongoDB connection attempts failed. Set MONGO_URI_ATLAS or ensure local MongoDB is running.
2025-11-23 11:46:43 [ERROR] ❌ Database init failed: MongoDB connection failed
2025-11-23 11:47:12 [INFO] ✅ Loaded route: /api/auth
2025-11-23 11:47:12 [INFO] ✅ Loaded route: /api/dreams
2025-11-23 11:47:12 [INFO] ✅ Loaded route: /api/chatbot
2025-11-23 11:47:12 [INFO] ✅ Loaded route: /api/sd
2025-11-23 11:47:12 [INFO] ✅ Loaded route: /api/community
2025-11-23 11:47:12 [INFO] ✅ Loaded route: /api/feedback
2025-11-23 11:47:12 [INFO] ✅ Loaded route: /api/analytics
2025-11-23 11:47:12 [INFO] ✅ Loaded route: /api/dream-diary
2025-11-23 11:47:13 [INFO] ✅ Loaded route: /api/dream-diary/lifestyle
2025-11-23 11:47:13 [INFO] ✅ Loaded route: /api/recent-activity
2025-11-23 11:47:13 [INFO] ✅ Loaded route: /api/activity
2025-11-23 11:47:13 [INFO] ✅ Loaded route: /api/generate-image
2025-11-23 11:47:13 [INFO] ✅ Backend Running on 0.0.0.0:5000
2025-11-23 11:47:13 [INFO] 🌐 Access at: http://localhost:5000
2025-11-23 11:47:13 [INFO] ✅ MongoDB Connected Successfully (Local)
2025-11-23 11:47:13 [INFO] ✅ Database initialized
2025-11-23 22:42:06 [INFO] ✅ Loaded route: /api/auth
2025-11-23 22:42:06 [INFO] ✅ Loaded route: /api/dreams
2025-11-23 22:42:06 [INFO] ✅ Loaded route: /api/chatbot
2025-11-23 22:42:06 [INFO] ✅ Loaded route: /api/sd
2025-11-23 22:42:06 [INFO] ✅ Loaded route: /api/community
2025-11-23 22:42:06 [INFO] ✅ Loaded route: /api/feedback
2025-11-23 22:42:06 [INFO] ✅ Loaded route: /api/analytics
2025-11-23 22:42:06 [INFO] ✅ Loaded route: /api/dream-diary
2025-11-23 22:42:06 [INFO] ✅ Loaded route: /api/dream-diary/lifestyle
2025-11-23 22:42:06 [INFO] ✅ Loaded route: /api/recent-activity
2025-11-23 22:42:06 [INFO] ✅ Loaded route: /api/activity
2025-11-23 22:42:06 [INFO] ✅ Loaded route: /api/generate-image
2025-11-23 22:42:06 [INFO] ✅ Backend Running on 0.0.0.0:5000
2025-11-23 22:42:06 [INFO] 🌐 Access at: http://localhost:5000
2025-11-23 22:42:06 [INFO] ✅ MongoDB Connected Successfully (Local)
2025-11-23 22:42:06 [INFO] ✅ Database initialized
2025-11-23 22:45:22 [INFO] ✅ Loaded route: /api/auth
2025-11-23 22:45:22 [INFO] ✅ Loaded route: /api/dreams
2025-11-23 22:45:22 [INFO] ✅ Loaded route: /api/chatbot
2025-11-23 22:45:22 [INFO] ✅ Loaded route: /api/sd
2025-11-23 22:45:22 [INFO] ✅ Loaded route: /api/community
2025-11-23 22:45:22 [INFO] ✅ Loaded route: /api/feedback
2025-11-23 22:45:22 [INFO] ✅ Loaded route: /api/analytics
2025-11-23 22:45:22 [INFO] ✅ Loaded route: /api/dream-diary
2025-11-23 22:45:22 [INFO] ✅ Loaded route: /api/dream-diary/lifestyle
2025-11-23 22:45:22 [INFO] ✅ Loaded route: /api/recent-activity
2025-11-23 22:45:22 [INFO] ✅ Loaded route: /api/activity
2025-11-23 22:45:22 [INFO] ✅ Loaded route: /api/generate-image
2025-11-23 22:45:22 [INFO] ✅ Backend Running on 0.0.0.0:5000
2025-11-23 22:45:22 [INFO] 🌐 Access at: http://localhost:5000
2025-11-23 22:45:22 [INFO] ✅ MongoDB Connected Successfully (Local)
2025-11-23 22:45:22 [INFO] ✅ Database initialized
2025-11-23 22:47:43 [INFO] ✅ Loaded route: /api/auth
2025-11-23 22:47:43 [INFO] ✅ Loaded route: /api/dreams
2025-11-23 22:47:43 [INFO] ✅ Loaded route: /api/chatbot
2025-11-23 22:47:43 [INFO] ✅ Loaded route: /api/sd
2025-11-23 22:47:43 [INFO] ✅ Loaded route: /api/community
2025-11-23 22:47:43 [INFO] ✅ Loaded route: /api/feedback
2025-11-23 22:47:43 [INFO] ✅ Loaded route: /api/analytics
2025-11-23 22:47:43 [INFO] ✅ Loaded route: /api/dream-diary
2025-11-23 22:47:43 [INFO] ✅ Loaded route: /api/dream-diary/lifestyle
2025-11-23 22:47:43 [INFO] ✅ Loaded route: /api/recent-activity
2025-11-23 22:47:43 [INFO] ✅ Loaded route: /api/activity
2025-11-23 22:47:43 [INFO] ✅ Loaded route: /api/generate-image
2025-11-23 22:47:44 [INFO] ✅ Backend Running on 0.0.0.0:5000
2025-11-23 22:47:44 [INFO] 🌐 Access at: http://localhost:5000
2025-11-23 22:47:44 [INFO] ✅ MongoDB Connected Successfully (Local)
2025-11-23 22:47:44 [INFO] ✅ Database initialized
2025-11-23 23:07:52 [INFO] ✅ Loaded route: /api/auth
2025-11-23 23:07:52 [INFO] ✅ Loaded route: /api/dreams
2025-11-23 23:07:52 [INFO] ✅ Loaded route: /api/chatbot
2025-11-23 23:07:52 [INFO] ✅ Loaded route: /api/sd
2025-11-23 23:07:52 [INFO] ✅ Loaded route: /api/community
2025-11-23 23:07:52 [INFO] ✅ Loaded route: /api/feedback
2025-11-23 23:07:52 [INFO] ✅ Loaded route: /api/analytics
2025-11-23 23:07:52 [INFO] ✅ Loaded route: /api/dream-diary
2025-11-23 23:07:52 [INFO] ✅ Loaded route: /api/dream-diary/lifestyle
2025-11-23 23:07:52 [INFO] ✅ Loaded route: /api/recent-activity
2025-11-23 23:07:52 [INFO] ✅ Loaded route: /api/activity
2025-11-23 23:07:52 [INFO] ✅ Loaded route: /api/generate-image
2025-11-23 23:07:52 [INFO] ✅ Backend Running on 0.0.0.0:5000
2025-11-23 23:07:52 [INFO] 🌐 Access at: http://localhost:5000
2025-11-23 23:07:52 [INFO] ✅ MongoDB Connected Successfully (Local)
2025-11-23 23:07:52 [INFO] ✅ Database initialized
2025-11-23 23:11:52 [INFO] ✅ Loaded route: /api/auth
2025-11-23 23:11:52 [INFO] ✅ Loaded route: /api/dreams
2025-11-23 23:11:53 [INFO] ✅ Loaded route: /api/chatbot
2025-11-23 23:11:53 [INFO] ✅ Loaded route: /api/sd
2025-11-23 23:11:53 [INFO] ✅ Loaded route: /api/community
2025-11-23 23:11:53 [INFO] ✅ Loaded route: /api/feedback
2025-11-23 23:11:53 [INFO] ✅ Loaded route: /api/analytics
2025-11-23 23:11:53 [INFO] ✅ Loaded route: /api/dream-diary
2025-11-23 23:11:53 [INFO] ✅ Loaded route: /api/dream-diary/lifestyle
2025-11-23 23:11:53 [INFO] ✅ Loaded route: /api/recent-activity
2025-11-23 23:11:53 [INFO] ✅ Loaded route: /api/activity
2025-11-23 23:11:53 [INFO] ✅ Loaded route: /api/generate-image
2025-11-23 23:11:53 [INFO] ✅ Backend Running on 0.0.0.0:5000
2025-11-23 23:11:53 [INFO] 🌐 Access at: http://localhost:5000
2025-11-23 23:11:53 [INFO] ✅ MongoDB Connected Successfully (Local)
2025-11-23 23:11:53 [INFO] ✅ Database initialized
2025-11-23 23:15:01 [INFO] ✅ Loaded route: /api/auth
2025-11-23 23:15:01 [INFO] ✅ Loaded route: /api/dreams
2025-11-23 23:15:01 [INFO] ✅ Loaded route: /api/chatbot
2025-11-23 23:15:01 [INFO] ✅ Loaded route: /api/sd
2025-11-23 23:15:01 [INFO] ✅ Loaded route: /api/community
2025-11-23 23:15:01 [INFO] ✅ Loaded route: /api/feedback
2025-11-23 23:15:01 [INFO] ✅ Loaded route: /api/analytics
2025-11-23 23:15:01 [INFO] ✅ Loaded route: /api/dream-diary
2025-11-23 23:15:01 [INFO] ✅ Loaded route: /api/dream-diary/lifestyle
2025-11-23 23:15:01 [INFO] ✅ Loaded route: /api/recent-activity
2025-11-23 23:15:01 [INFO] ✅ Loaded route: /api/activity
2025-11-23 23:15:01 [INFO] ✅ Loaded route: /api/generate-image
2025-11-23 23:15:01 [INFO] ✅ Backend Running on 0.0.0.0:5000
2025-11-23 23:15:01 [INFO] 🌐 Access at: http://localhost:5000
2025-11-23 23:15:01 [INFO] ✅ MongoDB Connected Successfully (Local)
2025-11-23 23:15:01 [INFO] ✅ Database initialized
2025-11-23 23:18:46 [INFO] ✅ Loaded route: /api/auth
2025-11-23 23:18:46 [INFO] ✅ Loaded route: /api/dreams
2025-11-23 23:18:46 [INFO] ✅ Loaded route: /api/chatbot
2025-11-23 23:18:47 [INFO] ✅ Loaded route: /api/sd
2025-11-23 23:18:47 [INFO] ✅ Loaded route: /api/community
2025-11-23 23:18:47 [INFO] ✅ Loaded route: /api/feedback
2025-11-23 23:18:47 [INFO] ✅ Loaded route: /api/analytics
2025-11-23 23:18:47 [INFO] ✅ Loaded route: /api/dream-diary
2025-11-23 23:18:47 [INFO] ✅ Loaded route: /api/dream-diary/lifestyle
2025-11-23 23:18:47 [INFO] ✅ Loaded route: /api/recent-activity
2025-11-23 23:18:47 [INFO] ✅ Loaded route: /api/activity
2025-11-23 23:18:47 [INFO] ✅ Loaded route: /api/generate-image
2025-11-23 23:18:47 [INFO] ✅ Backend Running on localhost:5000
2025-11-23 23:18:47 [INFO] 🌐 Access at: http://localhost:5000
2025-11-23 23:18:47 [INFO] ✅ MongoDB Connected Successfully (Local)
2025-11-23 23:18:47 [INFO] ✅ Database initialized
2025-11-23 23:22:11 [INFO] ✅ Loaded route: /api/auth
2025-11-23 23:22:11 [INFO] ✅ Loaded route: /api/dreams
2025-11-23 23:22:11 [INFO] ✅ Loaded route: /api/chatbot
2025-11-23 23:22:11 [INFO] ✅ Loaded route: /api/sd
2025-11-23 23:22:11 [INFO] ✅ Loaded route: /api/community
2025-11-23 23:22:11 [INFO] ✅ Loaded route: /api/feedback
2025-11-23 23:22:11 [INFO] ✅ Loaded route: /api/analytics
2025-11-23 23:22:11 [INFO] ✅ Loaded route: /api/dream-diary
2025-11-23 23:22:11 [INFO] ✅ Loaded route: /api/dream-diary/lifestyle
2025-11-23 23:22:11 [INFO] ✅ Loaded route: /api/recent-activity
2025-11-23 23:22:11 [INFO] ✅ Loaded route: /api/activity
2025-11-23 23:22:11 [INFO] ✅ Loaded route: /api/generate-image
2025-11-23 23:22:11 [INFO] ✅ Backend Running on localhost:5000
2025-11-23 23:22:11 [INFO] 🌐 Access at: http://localhost:5000
2025-11-23 23:22:11 [INFO] ✅ MongoDB Connected Successfully (Local)
2025-11-23 23:22:11 [INFO] ✅ Database initialized
2025-11-23 23:24:31 [INFO] ✅ Loaded route: /api/auth
2025-11-23 23:24:31 [INFO] ✅ Loaded route: /api/dreams
2025-11-23 23:24:31 [INFO] ✅ Loaded route: /api/chatbot
2025-11-23 23:24:31 [INFO] ✅ Loaded route: /api/sd
2025-11-23 23:24:31 [INFO] ✅ Loaded route: /api/community
2025-11-23 23:24:31 [INFO] ✅ Loaded route: /api/feedback
2025-11-23 23:24:31 [INFO] ✅ Loaded route: /api/analytics
2025-11-23 23:24:31 [INFO] ✅ Loaded route: /api/dream-diary
2025-11-23 23:24:31 [INFO] ✅ Loaded route: /api/dream-diary/lifestyle
2025-11-23 23:24:31 [INFO] ✅ Loaded route: /api/recent-activity
2025-11-23 23:24:31 [INFO] ✅ Loaded route: /api/activity
2025-11-23 23:24:31 [INFO] ✅ Loaded route: /api/generate-image
2025-11-23 23:24:32 [INFO] ✅ Backend Running on localhost:5000
2025-11-23 23:24:32 [INFO] 🌐 Access at: http://localhost:5000
2025-11-23 23:24:32 [INFO] ✅ MongoDB Connected Successfully (Local)
2025-11-23 23:24:32 [INFO] ✅ Database initialized
2025-11-24 09:51:11 [INFO] ✅ Loaded route: /api/auth
2025-11-24 09:51:12 [INFO] ✅ Loaded route: /api/dreams
2025-11-24 09:51:12 [INFO] ✅ Loaded route: /api/chatbot
2025-11-24 09:51:12 [INFO] ✅ Loaded route: /api/sd
2025-11-24 09:51:12 [INFO] ✅ Loaded route: /api/community
2025-11-24 09:51:12 [INFO] ✅ Loaded route: /api/feedback
2025-11-24 09:51:12 [INFO] ✅ Loaded route: /api/analytics
2025-11-24 09:51:12 [INFO] ✅ Loaded route: /api/dream-diary
2025-11-24 09:51:12 [INFO] ✅ Loaded route: /api/dream-diary/lifestyle
2025-11-24 09:51:12 [INFO] ✅ Loaded route: /api/recent-activity
2025-11-24 09:51:12 [INFO] ✅ Loaded route: /api/activity
2025-11-24 09:51:12 [INFO] ✅ Loaded route: /api/generate-image
2025-11-24 09:51:12 [INFO] ✅ Backend Running on localhost:5000
2025-11-24 09:51:12 [INFO] 🌐 Access at: http://localhost:5000
2025-11-24 09:51:12 [INFO] ✅ MongoDB Connected Successfully (Local)
2025-11-24 09:51:12 [INFO] ✅ Database initialized
2025-11-24 09:55:24 [INFO] ✅ Loaded route: /api/auth
2025-11-24 09:55:25 [INFO] ✅ Loaded route: /api/dreams
2025-11-24 09:55:25 [INFO] ✅ Loaded route: /api/chatbot
2025-11-24 09:55:25 [INFO] ✅ Loaded route: /api/sd
2025-11-24 09:55:25 [INFO] ✅ Loaded route: /api/community
2025-11-24 09:55:25 [INFO] ✅ Loaded route: /api/feedback
2025-11-24 09:55:25 [INFO] ✅ Loaded route: /api/analytics
2025-11-24 09:55:25 [INFO] ✅ Loaded route: /api/dream-diary
2025-11-24 09:55:25 [INFO] ✅ Loaded route: /api/dream-diary/lifestyle
2025-11-24 09:55:25 [INFO] ✅ Loaded route: /api/recent-activity
2025-11-24 09:55:25 [INFO] ✅ Loaded route: /api/activity
2025-11-24 09:55:25 [INFO] ✅ Loaded route: /api/generate-image
2025-11-24 09:55:25 [INFO] ✅ Backend Running on localhost:5000
2025-11-24 09:55:25 [INFO] 🌐 Access at: http://localhost:5000
2025-11-24 09:55:25 [INFO] ✅ MongoDB Connected Successfully (Local)
2025-11-24 09:55:25 [INFO] ✅ Database initialized
2025-11-24 09:57:29 [INFO] ✅ Loaded route: /api/auth
2025-11-24 09:57:30 [INFO] ✅ Loaded route: /api/dreams
2025-11-24 09:57:30 [INFO] ✅ Loaded route: /api/chatbot
2025-11-24 09:57:30 [INFO] ✅ Loaded route: /api/sd
2025-11-24 09:57:30 [INFO] ✅ Loaded route: /api/community
2025-11-24 09:57:30 [INFO] ✅ Loaded route: /api/feedback
2025-11-24 09:57:30 [INFO] ✅ Loaded route: /api/analytics
2025-11-24 09:57:30 [INFO] ✅ Loaded route: /api/dream-diary
2025-11-24 09:57:30 [INFO] ✅ Loaded route: /api/dream-diary/lifestyle
2025-11-24 09:57:30 [INFO] ✅ Loaded route: /api/recent-activity
2025-11-24 09:57:30 [INFO] ✅ Loaded route: /api/activity
2025-11-24 09:57:30 [INFO] ✅ Loaded route: /api/generate-image
2025-11-24 09:57:30 [INFO] ✅ Backend Running on localhost:5000
2025-11-24 09:57:30 [INFO] 🌐 Access at: http://localhost:5000
2025-11-24 09:57:30 [INFO] ✅ MongoDB Connected Successfully (Local)
2025-11-24 09:57:30 [INFO] ✅ Database initialized
2025-11-24 09:59:56 [INFO] ✅ Loaded route: /api/auth
2025-11-24 09:59:56 [INFO] ✅ Loaded route: /api/dreams
2025-11-24 09:59:56 [INFO] ✅ Loaded route: /api/chatbot
2025-11-24 09:59:56 [INFO] ✅ Loaded route: /api/sd
2025-11-24 09:59:56 [INFO] ✅ Loaded route: /api/community
2025-11-24 09:59:56 [INFO] ✅ Loaded route: /api/feedback
2025-11-24 09:59:56 [INFO] ✅ Loaded route: /api/analytics
2025-11-24 09:59:56 [INFO] ✅ Loaded route: /api/dream-diary
2025-11-24 09:59:56 [INFO] ✅ Loaded route: /api/dream-diary/lifestyle
2025-11-24 09:59:56 [INFO] ✅ Loaded route: /api/recent-activity
2025-11-24 09:59:56 [INFO] ✅ Loaded route: /api/activity
2025-11-24 09:59:56 [INFO] ✅ Loaded route: /api/generate-image
2025-11-24 09:59:56 [INFO] ✅ Backend Running on localhost:5000
2025-11-24 09:59:56 [INFO] 🌐 Access at: http://localhost:5000
2025-11-24 09:59:56 [INFO] ✅ MongoDB Connected Successfully (Local)
2025-11-24 09:59:56 [INFO] ✅ Database initialized
2025-11-24 10:02:27 [INFO] ✅ Loaded route: /api/auth
2025-11-24 10:02:27 [INFO] ✅ Loaded route: /api/dreams
2025-11-24 10:02:27 [INFO] ✅ Loaded route: /api/chatbot
2025-11-24 10:02:27 [INFO] ✅ Loaded route: /api/sd
2025-11-24 10:02:27 [INFO] ✅ Loaded route: /api/community
2025-11-24 10:02:27 [INFO] ✅ Loaded route: /api/feedback
2025-11-24 10:02:27 [INFO] ✅ Loaded route: /api/analytics
2025-11-24 10:02:27 [INFO] ✅ Loaded route: /api/dream-diary
2025-11-24 10:02:27 [INFO] ✅ Loaded route: /api/dream-diary/lifestyle
2025-11-24 10:02:27 [INFO] ✅ Loaded route: /api/recent-activity
2025-11-24 10:02:27 [INFO] ✅ Loaded route: /api/activity
2025-11-24 10:02:27 [INFO] ✅ Loaded route: /api/generate-image
2025-11-24 10:02:28 [INFO] ✅ Backend Running on localhost:5000
2025-11-24 10:02:28 [INFO] 🌐 Access at: http://localhost:5000
2025-11-24 10:02:28 [INFO] ✅ MongoDB Connected Successfully (Local)
2025-11-24 10:02:28 [INFO] ✅ Database initialized
2025-11-24 10:06:09 [INFO] ✅ Loaded route: /api/auth
2025-11-24 10:06:10 [INFO] ✅ Loaded route: /api/dreams
2025-11-24 10:06:10 [INFO] ✅ Loaded route: /api/chatbot
2025-11-24 10:06:10 [INFO] ✅ Loaded route: /api/sd
2025-11-24 10:06:10 [INFO] ✅ Loaded route: /api/community
2025-11-24 10:06:10 [INFO] ✅ Loaded route: /api/feedback
2025-11-24 10:06:10 [INFO] ✅ Loaded route: /api/analytics
2025-11-24 10:06:10 [INFO] ✅ Loaded route: /api/dream-diary
2025-11-24 10:06:10 [INFO] ✅ Loaded route: /api/dream-diary/lifestyle
2025-11-24 10:06:10 [INFO] ✅ Loaded route: /api/recent-activity
2025-11-24 10:06:10 [INFO] ✅ Loaded route: /api/activity
2025-11-24 10:06:10 [INFO] ✅ Loaded route: /api/generate-image
2025-11-24 10:06:10 [INFO] ✅ Backend Running on localhost:5000
2025-11-24 10:06:10 [INFO] 🌐 Access at: http://localhost:5000
2025-11-24 10:06:10 [INFO] ✅ MongoDB Connected Successfully (Local)
2025-11-24 10:06:10 [INFO] ✅ Database initialized
2025-11-24 10:08:02 [INFO] ✅ Loaded route: /api/auth
2025-11-24 10:08:02 [INFO] ✅ Loaded route: /api/dreams
2025-11-24 10:08:02 [INFO] ✅ Loaded route: /api/chatbot
2025-11-24 10:08:02 [INFO] ✅ Loaded route: /api/sd
2025-11-24 10:08:02 [INFO] ✅ Loaded route: /api/community
2025-11-24 10:08:02 [INFO] ✅ Loaded route: /api/feedback
2025-11-24 10:08:02 [INFO] ✅ Loaded route: /api/analytics
2025-11-24 10:08:02 [INFO] ✅ Loaded route: /api/dream-diary
2025-11-24 10:08:02 [INFO] ✅ Loaded route: /api/dream-diary/lifestyle
2025-11-24 10:08:02 [INFO] ✅ Loaded route: /api/recent-activity
2025-11-24 10:08:02 [INFO] ✅ Loaded route: /api/activity
2025-11-24 10:08:02 [INFO] ✅ Loaded route: /api/generate-image
2025-11-24 10:08:02 [INFO] ✅ Backend Running on localhost:5000
2025-11-24 10:08:02 [INFO] 🌐 Access at: http://localhost:5000
2025-11-24 10:08:02 [INFO] ✅ MongoDB Connected Successfully (Local)
2025-11-24 10:08:02 [INFO] ✅ Database initialized
2025-11-24 10:09:43 [INFO] ✅ Loaded route: /api/auth
2025-11-24 10:09:43 [INFO] ✅ Loaded route: /api/dreams
2025-11-24 10:09:43 [INFO] ✅ Loaded route: /api/chatbot
2025-11-24 10:09:43 [INFO] ✅ Loaded route: /api/sd
2025-11-24 10:09:43 [INFO] ✅ Loaded route: /api/community
2025-11-24 10:09:43 [INFO] ✅ Loaded route: /api/feedback
2025-11-24 10:09:43 [INFO] ✅ Loaded route: /api/analytics
2025-11-24 10:09:43 [INFO] ✅ Loaded route: /api/dream-diary
2025-11-24 10:09:43 [INFO] ✅ Loaded route: /api/dream-diary/lifestyle
2025-11-24 10:09:43 [INFO] ✅ Loaded route: /api/recent-activity
2025-11-24 10:09:43 [INFO] ✅ Loaded route: /api/activity
2025-11-24 10:09:43 [INFO] ✅ Loaded route: /api/generate-image
2025-11-24 10:09:43 [INFO] ✅ Backend Running on localhost:5000
2025-11-24 10:09:43 [INFO] 🌐 Access at: http://localhost:5000
2025-11-24 10:09:43 [INFO] ✅ MongoDB Connected Successfully (Local)
2025-11-24 10:09:43 [INFO] ✅ Database initialized
2025-11-24 10:11:51 [INFO] ✅ Loaded route: /api/auth
2025-11-24 10:11:51 [INFO] ✅ Loaded route: /api/dreams
2025-11-24 10:11:51 [INFO] ✅ Loaded route: /api/chatbot
2025-11-24 10:11:52 [INFO] ✅ Loaded route: /api/sd
2025-11-24 10:11:52 [INFO] ✅ Loaded route: /api/community
2025-11-24 10:11:52 [INFO] ✅ Loaded route: /api/feedback
2025-11-24 10:11:52 [INFO] ✅ Loaded route: /api/analytics
2025-11-24 10:11:52 [INFO] ✅ Loaded route: /api/dream-diary
2025-11-24 10:11:52 [INFO] ✅ Loaded route: /api/dream-diary/lifestyle
2025-11-24 10:11:52 [INFO] ✅ Loaded route: /api/recent-activity
2025-11-24 10:11:52 [INFO] ✅ Loaded route: /api/activity
2025-11-24 10:11:52 [INFO] ✅ Loaded route: /api/generate-image
2025-11-24 10:11:52 [INFO] ✅ Backend Running on localhost:5000
2025-11-24 10:11:52 [INFO] 🌐 Access at: http://localhost:5000
2025-11-24 10:11:52 [INFO] ✅ MongoDB Connected Successfully (Local)
2025-11-24 10:11:52 [INFO] ✅ Database initialized
2025-11-24 10:14:45 [INFO] ✅ Loaded route: /api/auth
2025-11-24 10:14:45 [INFO] ✅ Loaded route: /api/dreams
2025-11-24 10:14:45 [INFO] ✅ Loaded route: /api/chatbot
2025-11-24 10:14:45 [INFO] ✅ Loaded route: /api/sd
2025-11-24 10:14:45 [INFO] ✅ Loaded route: /api/community
2025-11-24 10:14:45 [INFO] ✅ Loaded route: /api/feedback
2025-11-24 10:14:45 [INFO] ✅ Loaded route: /api/analytics
2025-11-24 10:14:45 [INFO] ✅ Loaded route: /api/dream-diary
2025-11-24 10:14:45 [INFO] ✅ Loaded route: /api/dream-diary/lifestyle
2025-11-24 10:14:45 [INFO] ✅ Loaded route: /api/recent-activity
2025-11-24 10:14:45 [INFO] ✅ Loaded route: /api/activity
2025-11-24 10:14:45 [INFO] ✅ Loaded route: /api/generate-image
2025-11-24 10:14:45 [INFO] ✅ Backend Running on localhost:5000
2025-11-24 10:14:45 [INFO] 🌐 Access at: http://localhost:5000
2025-11-24 10:14:45 [INFO] ✅ MongoDB Connected Successfully (Local)
2025-11-24 10:14:45 [INFO] ✅ Database initialized
2025-11-24 10:16:28 [INFO] ✅ Loaded route: /api/auth
2025-11-24 10:16:28 [INFO] ✅ Loaded route: /api/dreams
2025-11-24 10:16:28 [INFO] ✅ Loaded route: /api/chatbot
2025-11-24 10:16:28 [INFO] ✅ Loaded route: /api/sd
2025-11-24 10:16:28 [INFO] ✅ Loaded route: /api/community
2025-11-24 10:16:28 [INFO] ✅ Loaded route: /api/feedback
2025-11-24 10:16:28 [INFO] ✅ Loaded route: /api/analytics
2025-11-24 10:16:28 [INFO] ✅ Loaded route: /api/dream-diary
2025-11-24 10:16:28 [INFO] ✅ Loaded route: /api/dream-diary/lifestyle
2025-11-24 10:16:28 [INFO] ✅ Loaded route: /api/recent-activity
2025-11-24 10:16:28 [INFO] ✅ Loaded route: /api/activity
2025-11-24 10:16:28 [INFO] ✅ Loaded route: /api/generate-image
2025-11-24 10:16:29 [INFO] ✅ Backend Running on localhost:5000
2025-11-24 10:16:29 [INFO] 🌐 Access at: http://localhost:5000
2025-11-24 10:16:29 [INFO] ✅ MongoDB Connected Successfully (Local)
2025-11-24 10:16:29 [INFO] ✅ Database initialized
2025-11-24 10:20:10 [INFO] ✅ Loaded route: /api/auth
2025-11-24 10:20:10 [INFO] ✅ Loaded route: /api/dreams
2025-11-24 10:20:10 [INFO] ✅ Loaded route: /api/chatbot
2025-11-24 10:20:10 [INFO] ✅ Loaded route: /api/sd
2025-11-24 10:20:10 [INFO] ✅ Loaded route: /api/community
2025-11-24 10:20:10 [INFO] ✅ Loaded route: /api/feedback
2025-11-24 10:20:10 [INFO] ✅ Loaded route: /api/analytics
2025-11-24 10:20:10 [INFO] ✅ Loaded route: /api/dream-diary
2025-11-24 10:20:10 [INFO] ✅ Loaded route: /api/dream-diary/lifestyle
2025-11-24 10:20:10 [INFO] ✅ Loaded route: /api/recent-activity
2025-11-24 10:20:10 [INFO] ✅ Loaded route: /api/activity
2025-11-24 10:20:10 [INFO] ✅ Loaded route: /api/generate-image
2025-11-24 10:20:10 [INFO] ✅ Backend Running on localhost:5000
2025-11-24 10:20:10 [INFO] 🌐 Access at: http://localhost:5000
2025-11-24 10:20:10 [INFO] ✅ MongoDB Connected Successfully (Local)
2025-11-24 10:20:10 [INFO] ✅ Database initialized
2025-11-24 10:25:29 [INFO] ✅ Loaded route: /api/auth
2025-11-24 10:25:29 [INFO] ✅ Loaded route: /api/dreams
2025-11-24 10:25:29 [INFO] ✅ Loaded route: /api/chatbot
2025-11-24 10:25:29 [INFO] ✅ Loaded route: /api/sd
2025-11-24 10:25:29 [INFO] ✅ Loaded route: /api/community
2025-11-24 10:25:29 [INFO] ✅ Loaded route: /api/feedback
2025-11-24 10:25:29 [INFO] ✅ Loaded route: /api/analytics
2025-11-24 10:25:29 [INFO] ✅ Loaded route: /api/dream-diary
2025-11-24 10:25:29 [INFO] ✅ Loaded route: /api/dream-diary/lifestyle
2025-11-24 10:25:29 [INFO] ✅ Loaded route: /api/recent-activity
2025-11-24 10:25:29 [INFO] ✅ Loaded route: /api/activity
2025-11-24 10:25:29 [INFO] ✅ Loaded route: /api/generate-image
2025-11-24 10:25:29 [INFO] ✅ Backend Running on localhost:5000
2025-11-24 10:25:29 [INFO] 🌐 Access at: http://localhost:5000
2025-11-24 10:25:29 [INFO] ✅ MongoDB Connected Successfully (Local)
2025-11-24 10:25:29 [INFO] ✅ Database initialized
2025-11-24 10:29:01 [INFO] ✅ Loaded route: /api/auth
2025-11-24 10:29:01 [INFO] ✅ Loaded route: /api/dreams
2025-11-24 10:29:02 [INFO] ✅ Loaded route: /api/chatbot
2025-11-24 10:29:02 [INFO] ✅ Loaded route: /api/sd
2025-11-24 10:29:02 [INFO] ✅ Loaded route: /api/community
2025-11-24 10:29:02 [INFO] ✅ Loaded route: /api/feedback
2025-11-24 10:29:02 [INFO] ✅ Loaded route: /api/analytics
2025-11-24 10:29:02 [INFO] ✅ Loaded route: /api/dream-diary
2025-11-24 10:29:02 [INFO] ✅ Loaded route: /api/dream-diary/lifestyle
2025-11-24 10:29:02 [INFO] ✅ Loaded route: /api/recent-activity
2025-11-24 10:29:02 [INFO] ✅ Loaded route: /api/activity
2025-11-24 10:29:02 [INFO] ✅ Loaded route: /api/generate-image
2025-11-24 10:29:02 [INFO] ✅ Backend Running on localhost:5000
2025-11-24 10:29:02 [INFO] 🌐 Access at: http://localhost:5000
2025-11-24 10:29:02 [INFO] ✅ MongoDB Connected Successfully (Local)
2025-11-24 10:29:02 [INFO] ✅ Database initialized
2025-11-24 10:33:19 [INFO] ✅ Loaded route: /api/auth
2025-11-24 10:33:20 [INFO] ✅ Loaded route: /api/dreams
2025-11-24 10:33:20 [INFO] ✅ Loaded route: /api/chatbot
2025-11-24 10:33:20 [INFO] ✅ Loaded route: /api/sd
2025-11-24 10:33:20 [INFO] ✅ Loaded route: /api/community
2025-11-24 10:33:20 [INFO] ✅ Loaded route: /api/feedback
2025-11-24 10:33:20 [INFO] ✅ Loaded route: /api/analytics
2025-11-24 10:33:20 [INFO] ✅ Loaded route: /api/dream-diary
2025-11-24 10:33:20 [INFO] ✅ Loaded route: /api/dream-diary/lifestyle
2025-11-24 10:33:20 [INFO] ✅ Loaded route: /api/recent-activity
2025-11-24 10:33:20 [INFO] ✅ Loaded route: /api/activity
2025-11-24 10:33:20 [INFO] ✅ Loaded route: /api/generate-image
2025-11-24 10:33:20 [INFO] ✅ Backend Running on localhost:5000
2025-11-24 10:33:20 [INFO] 🌐 Access at: http://localhost:5000
2025-11-24 10:33:20 [INFO] ✅ MongoDB Connected Successfully (Local)
2025-11-24 10:33:20 [INFO] ✅ Database initialized
2025-11-24 10:35:29 [INFO] ✅ Loaded route: /api/auth
2025-11-24 10:35:29 [INFO] ✅ Loaded route: /api/dreams
2025-11-24 10:35:29 [INFO] ✅ Loaded route: /api/chatbot
2025-11-24 10:35:29 [INFO] ✅ Loaded route: /api/sd
2025-11-24 10:35:29 [INFO] ✅ Loaded route: /api/community
2025-11-24 10:35:29 [INFO] ✅ Loaded route: /api/feedback
2025-11-24 10:35:29 [INFO] ✅ Loaded route: /api/analytics
2025-11-24 10:35:29 [INFO] ✅ Loaded route: /api/dream-diary
2025-11-24 10:35:29 [INFO] ✅ Loaded route: /api/dream-diary/lifestyle
2025-11-24 10:35:29 [INFO] ✅ Loaded route: /api/recent-activity
2025-11-24 10:35:29 [INFO] ✅ Loaded route: /api/activity
2025-11-24 10:35:29 [INFO] ✅ Loaded route: /api/generate-image
2025-11-24 10:35:30 [INFO] ✅ Backend Running on localhost:5000
2025-11-24 10:35:30 [INFO] 🌐 Access at: http://localhost:5000
2025-11-24 10:35:30 [INFO] ✅ MongoDB Connected Successfully (Local)
2025-11-24 10:35:30 [INFO] ✅ Database initialized
2025-11-24 10:40:13 [INFO] ✅ Loaded route: /api/auth
2025-11-24 10:40:13 [INFO] ✅ Loaded route: /api/dreams
2025-11-24 10:40:13 [INFO] ✅ Loaded route: /api/chatbot
2025-11-24 10:40:13 [INFO] ✅ Loaded route: /api/sd
2025-11-24 10:40:14 [INFO] ✅ Loaded route: /api/community
2025-11-24 10:40:14 [INFO] ✅ Loaded route: /api/feedback
2025-11-24 10:40:14 [INFO] ✅ Loaded route: /api/analytics
2025-11-24 10:40:14 [INFO] ✅ Loaded route: /api/dream-diary
2025-11-24 10:40:14 [INFO] ✅ Loaded route: /api/dream-diary/lifestyle
2025-11-24 10:40:14 [INFO] ✅ Loaded route: /api/recent-activity
2025-11-24 10:40:14 [INFO] ✅ Loaded route: /api/activity
2025-11-24 10:40:14 [INFO] ✅ Loaded route: /api/generate-image
2025-11-24 10:40:14 [INFO] ✅ Backend Running on localhost:5000
2025-11-24 10:40:14 [INFO] 🌐 Access at: http://localhost:5000
2025-11-24 10:40:14 [INFO] ✅ MongoDB Connected Successfully (Local)
2025-11-24 10:40:14 [INFO] ✅ Database initialized
2025-11-24 10:44:07 [INFO] ✅ Loaded route: /api/auth
2025-11-24 10:44:08 [INFO] ✅ Loaded route: /api/dreams
2025-11-24 10:44:08 [INFO] ✅ Loaded route: /api/chatbot
2025-11-24 10:44:08 [INFO] ✅ Loaded route: /api/sd
2025-11-24 10:44:08 [INFO] ✅ Loaded route: /api/community
2025-11-24 10:44:08 [INFO] ✅ Loaded route: /api/feedback
2025-11-24 10:44:08 [INFO] ✅ Loaded route: /api/analytics
2025-11-24 10:44:08 [INFO] ✅ Loaded route: /api/dream-diary
2025-11-24 10:44:08 [INFO] ✅ Loaded route: /api/dream-diary/lifestyle
2025-11-24 10:44:08 [INFO] ✅ Loaded route: /api/recent-activity
2025-11-24 10:44:08 [INFO] ✅ Loaded route: /api/activity
2025-11-24 10:44:08 [INFO] ✅ Loaded route: /api/generate-image
2025-11-24 10:44:08 [INFO] ✅ Backend Running on localhost:5000
2025-11-24 10:44:08 [INFO] 🌐 Access at: http://localhost:5000
2025-11-24 10:44:08 [INFO] ✅ MongoDB Connected Successfully (Local)
2025-11-24 10:44:08 [INFO] ✅ Database initialized
2025-11-24 10:47:09 [INFO] ✅ Loaded route: /api/auth
2025-11-24 10:47:09 [INFO] ✅ Loaded route: /api/dreams
2025-11-24 10:47:09 [INFO] ✅ Loaded route: /api/chatbot
2025-11-24 10:47:10 [INFO] ✅ Loaded route: /api/sd
2025-11-24 10:47:10 [INFO] ✅ Loaded route: /api/community
2025-11-24 10:47:10 [INFO] ✅ Loaded route: /api/feedback
2025-11-24 10:47:10 [INFO] ✅ Loaded route: /api/analytics
2025-11-24 10:47:10 [INFO] ✅ Loaded route: /api/dream-diary
2025-11-24 10:47:10 [INFO] ✅ Loaded route: /api/dream-diary/lifestyle
2025-11-24 10:47:10 [INFO] ✅ Loaded route: /api/recent-activity
2025-11-24 10:47:10 [INFO] ✅ Loaded route: /api/activity
2025-11-24 10:47:10 [INFO] ✅ Loaded route: /api/generate-image
2025-11-24 10:47:10 [INFO] ✅ Backend Running on localhost:5000
2025-11-24 10:47:10 [INFO] 🌐 Access at: http://localhost:5000
2025-11-24 10:47:10 [INFO] ✅ MongoDB Connected Successfully (Local)
2025-11-24 10:47:10 [INFO] ✅ Database initialized
2025-11-24 10:50:37 [INFO] ✅ Loaded route: /api/auth
2025-11-24 10:50:37 [INFO] ✅ Loaded route: /api/dreams
2025-11-24 10:50:37 [INFO] ✅ Loaded route: /api/chatbot
2025-11-24 10:50:37 [INFO] ✅ Loaded route: /api/sd
2025-11-24 10:50:37 [INFO] ✅ Loaded route: /api/community
2025-11-24 10:50:37 [INFO] ✅ Loaded route: /api/feedback
2025-11-24 10:50:37 [INFO] ✅ Loaded route: /api/analytics
2025-11-24 10:50:37 [INFO] ✅ Loaded route: /api/dream-diary
2025-11-24 10:50:37 [INFO] ✅ Loaded route: /api/dream-diary/lifestyle
2025-11-24 10:50:37 [INFO] ✅ Loaded route: /api/recent-activity
2025-11-24 10:50:37 [INFO] ✅ Loaded route: /api/activity
2025-11-24 10:50:37 [INFO] ✅ Loaded route: /api/generate-image
2025-11-24 10:50:37 [INFO] ✅ Backend Running on localhost:5000
2025-11-24 10:50:37 [INFO] 🌐 Access at: http://localhost:5000
2025-11-24 10:50:37 [INFO] ✅ MongoDB Connected Successfully (Local)
2025-11-24 10:50:37 [INFO] ✅ Database initialized
2025-11-24 10:54:42 [INFO] ✅ Loaded route: /api/auth
2025-11-24 10:54:42 [INFO] ✅ Loaded route: /api/dreams
2025-11-24 10:54:42 [INFO] ✅ Loaded route: /api/chatbot
2025-11-24 10:54:42 [INFO] ✅ Loaded route: /api/sd
2025-11-24 10:54:42 [INFO] ✅ Loaded route: /api/community
2025-11-24 10:54:42 [INFO] ✅ Loaded route: /api/feedback
2025-11-24 10:54:42 [INFO] ✅ Loaded route: /api/analytics
2025-11-24 10:54:42 [INFO] ✅ Loaded route: /api/dream-diary
2025-11-24 10:54:42 [INFO] ✅ Loaded route: /api/dream-diary/lifestyle
2025-11-24 10:54:42 [INFO] ✅ Loaded route: /api/recent-activity
2025-11-24 10:54:42 [INFO] ✅ Loaded route: /api/activity
2025-11-24 10:54:42 [INFO] ✅ Loaded route: /api/generate-image
2025-11-24 10:54:42 [INFO] ✅ Backend Running on localhost:5000
2025-11-24 10:54:42 [INFO] 🌐 Access at: http://localhost:5000
2025-11-24 10:54:42 [INFO] ✅ MongoDB Connected Successfully (Local)
2025-11-24 10:54:42 [INFO] ✅ Database initialized
2025-11-24 11:01:28 [INFO] ✅ Loaded route: /api/auth
2025-11-24 11:01:28 [INFO] ✅ Loaded route: /api/dreams
2025-11-24 11:01:28 [INFO] ✅ Loaded route: /api/chatbot
2025-11-24 11:01:28 [INFO] ✅ Loaded route: /api/sd
2025-11-24 11:01:28 [INFO] ✅ Loaded route: /api/community
2025-11-24 11:01:28 [INFO] ✅ Loaded route: /api/feedback
2025-11-24 11:01:28 [INFO] ✅ Loaded route: /api/analytics
2025-11-24 11:01:28 [INFO] ✅ Loaded route: /api/dream-diary
2025-11-24 11:01:28 [INFO] ✅ Loaded route: /api/dream-diary/lifestyle
2025-11-24 11:01:28 [INFO] ✅ Loaded route: /api/recent-activity
2025-11-24 11:01:28 [INFO] ✅ Loaded route: /api/activity
2025-11-24 11:01:28 [INFO] ✅ Loaded route: /api/generate-image
2025-11-24 11:01:29 [INFO] ✅ Backend Running on localhost:5000
2025-11-24 11:01:29 [INFO] 🌐 Access at: http://localhost:5000
2025-11-24 11:01:29 [INFO] ✅ MongoDB Connected Successfully (Local)
2025-11-24 11:01:29 [INFO] ✅ Database initialized
2025-11-24 11:05:52 [INFO] ✅ Loaded route: /api/auth
2025-11-24 11:05:52 [INFO] ✅ Loaded route: /api/dreams
2025-11-24 11:05:52 [INFO] ✅ Loaded route: /api/chatbot
2025-11-24 11:05:52 [INFO] ✅ Loaded route: /api/sd
2025-11-24 11:05:52 [INFO] ✅ Loaded route: /api/community
2025-11-24 11:05:52 [INFO] ✅ Loaded route: /api/feedback
2025-11-24 11:05:52 [INFO] ✅ Loaded route: /api/analytics
2025-11-24 11:05:52 [INFO] ✅ Loaded route: /api/dream-diary
2025-11-24 11:05:52 [INFO] ✅ Loaded route: /api/dream-diary/lifestyle
2025-11-24 11:05:52 [INFO] ✅ Loaded route: /api/recent-activity
2025-11-24 11:05:52 [INFO] ✅ Loaded route: /api/activity
2025-11-24 11:05:52 [INFO] ✅ Loaded route: /api/generate-image
2025-11-24 11:05:52 [INFO] ✅ Backend Running on localhost:5000
2025-11-24 11:05:52 [INFO] 🌐 Access at: http://localhost:5000
2025-11-24 11:05:52 [INFO] ✅ MongoDB Connected Successfully (Local)
2025-11-24 11:05:52 [INFO] ✅ Database initialized
2025-11-24 11:09:22 [INFO] ✅ Loaded route: /api/auth
2025-11-24 11:09:22 [INFO] ✅ Loaded route: /api/dreams
2025-11-24 11:09:22 [INFO] ✅ Loaded route: /api/chatbot
2025-11-24 11:09:22 [INFO] ✅ Loaded route: /api/sd
2025-11-24 11:09:22 [INFO] ✅ Loaded route: /api/community
2025-11-24 11:09:22 [INFO] ✅ Loaded route: /api/feedback
2025-11-24 11:09:22 [INFO] ✅ Loaded route: /api/analytics
2025-11-24 11:09:22 [INFO] ✅ Loaded route: /api/dream-diary
2025-11-24 11:09:22 [INFO] ✅ Loaded route: /api/dream-diary/lifestyle
2025-11-24 11:09:22 [INFO] ✅ Loaded route: /api/recent-activity
2025-11-24 11:09:22 [INFO] ✅ Loaded route: /api/activity
2025-11-24 11:09:22 [INFO] ✅ Loaded route: /api/generate-image
2025-11-24 11:09:22 [INFO] ✅ Backend Running on localhost:5000
2025-11-24 11:09:22 [INFO] 🌐 Access at: http://localhost:5000
2025-11-24 11:09:22 [INFO] ✅ MongoDB Connected Successfully (Local)
2025-11-24 11:09:22 [INFO] ✅ Database initialized
2025-11-24 11:14:17 [INFO] ✅ Loaded route: /api/auth
2025-11-24 11:14:17 [INFO] ✅ Loaded route: /api/dreams
2025-11-24 11:14:17 [INFO] ✅ Loaded route: /api/chatbot
2025-11-24 11:14:17 [INFO] ✅ Loaded route: /api/sd
2025-11-24 11:14:17 [INFO] ✅ Loaded route: /api/community
2025-11-24 11:14:17 [INFO] ✅ Loaded route: /api/feedback
2025-11-24 11:14:17 [INFO] ✅ Loaded route: /api/analytics
2025-11-24 11:14:17 [INFO] ✅ Loaded route: /api/dream-diary
2025-11-24 11:14:17 [INFO] ✅ Loaded route: /api/dream-diary/lifestyle
2025-11-24 11:14:17 [INFO] ✅ Loaded route: /api/recent-activity
2025-11-24 11:14:17 [INFO] ✅ Loaded route: /api/activity
2025-11-24 11:14:17 [INFO] ✅ Loaded route: /api/generate-image
2025-11-24 11:14:17 [INFO] ✅ Backend Running on localhost:5000
2025-11-24 11:14:17 [INFO] 🌐 Access at: http://localhost:5000
2025-11-24 11:14:17 [INFO] ✅ MongoDB Connected Successfully (Local)
2025-11-24 11:14:17 [INFO] ✅ Database initialized
2025-11-24 11:20:12 [INFO] ✅ Loaded route: /api/auth
2025-11-24 11:20:12 [INFO] ✅ Loaded route: /api/dreams
2025-11-24 11:20:12 [INFO] ✅ Loaded route: /api/chatbot
2025-11-24 11:20:12 [INFO] ✅ Loaded route: /api/sd
2025-11-24 11:20:12 [INFO] ✅ Loaded route: /api/community
2025-11-24 11:20:12 [INFO] ✅ Loaded route: /api/feedback
2025-11-24 11:20:12 [INFO] ✅ Loaded route: /api/analytics
2025-11-24 11:20:12 [INFO] ✅ Loaded route: /api/dream-diary
2025-11-24 11:20:12 [INFO] ✅ Loaded route: /api/dream-diary/lifestyle
2025-11-24 11:20:12 [INFO] ✅ Loaded route: /api/recent-activity
2025-11-24 11:20:12 [INFO] ✅ Loaded route: /api/activity
2025-11-24 11:20:12 [INFO] ✅ Loaded route: /api/generate-image
2025-11-24 11:20:13 [INFO] ✅ Backend Running on localhost:5000
2025-11-24 11:20:13 [INFO] 🌐 Access at: http://localhost:5000
2025-11-24 11:20:13 [INFO] ✅ MongoDB Connected Successfully (Local)
2025-11-24 11:20:13 [INFO] ✅ Database initialized
2025-11-24 11:22:39 [INFO] ✅ Loaded route: /api/auth
2025-11-24 11:22:39 [INFO] ✅ Loaded route: /api/dreams
2025-11-24 11:22:39 [INFO] ✅ Loaded route: /api/chatbot
2025-11-24 11:22:39 [INFO] ✅ Loaded route: /api/sd
2025-11-24 11:22:39 [INFO] ✅ Loaded route: /api/community
2025-11-24 11:22:39 [INFO] ✅ Loaded route: /api/feedback
2025-11-24 11:22:39 [INFO] ✅ Loaded route: /api/analytics
2025-11-24 11:22:39 [INFO] ✅ Loaded route: /api/dream-diary
2025-11-24 11:22:39 [INFO] ✅ Loaded route: /api/dream-diary/lifestyle
2025-11-24 11:22:39 [INFO] ✅ Loaded route: /api/recent-activity
2025-11-24 11:22:39 [INFO] ✅ Loaded route: /api/activity
2025-11-24 11:22:39 [INFO] ✅ Loaded route: /api/generate-image
2025-11-24 11:22:39 [INFO] ✅ Backend Running on localhost:5000
2025-11-24 11:22:39 [INFO] 🌐 Access at: http://localhost:5000
2025-11-24 11:22:39 [INFO] ✅ MongoDB Connected Successfully (Local)
2025-11-24 11:22:39 [INFO] ✅ Database initialized
2025-11-24 11:25:53 [INFO] ✅ Loaded route: /api/auth
2025-11-24 11:25:53 [INFO] ✅ Loaded route: /api/dreams
2025-11-24 11:25:53 [INFO] ✅ Loaded route: /api/chatbot
2025-11-24 11:25:53 [INFO] ✅ Loaded route: /api/sd
2025-11-24 11:25:53 [INFO] ✅ Loaded route: /api/community
2025-11-24 11:25:53 [INFO] ✅ Loaded route: /api/feedback
2025-11-24 11:25:53 [INFO] ✅ Loaded route: /api/analytics
2025-11-24 11:25:53 [INFO] ✅ Loaded route: /api/dream-diary
2025-11-24 11:25:53 [INFO] ✅ Loaded route: /api/dream-diary/lifestyle
2025-11-24 11:25:53 [INFO] ✅ Loaded route: /api/recent-activity
2025-11-24 11:25:53 [INFO] ✅ Loaded route: /api/activity
2025-11-24 11:25:53 [INFO] ✅ Loaded route: /api/generate-image
2025-11-24 11:25:53 [INFO] ✅ Backend Running on localhost:5000
2025-11-24 11:25:53 [INFO] 🌐 Access at: http://localhost:5000
2025-11-24 11:25:53 [INFO] ✅ MongoDB Connected Successfully (Local)
2025-11-24 11:25:53 [INFO] ✅ Database initialized
2025-11-24 11:29:10 [INFO] ✅ Loaded route: /api/auth
2025-11-24 11:29:10 [INFO] ✅ Loaded route: /api/dreams
2025-11-24 11:29:10 [INFO] ✅ Loaded route: /api/chatbot
2025-11-24 11:29:10 [INFO] ✅ Loaded route: /api/sd
2025-11-24 11:29:10 [INFO] ✅ Loaded route: /api/community
2025-11-24 11:29:10 [INFO] ✅ Loaded route: /api/feedback
2025-11-24 11:29:10 [INFO] ✅ Loaded route: /api/analytics
2025-11-24 11:29:10 [INFO] ✅ Loaded route: /api/dream-diary
2025-11-24 11:29:10 [INFO] ✅ Loaded route: /api/dream-diary/lifestyle
2025-11-24 11:29:10 [INFO] ✅ Loaded route: /api/recent-activity
2025-11-24 11:29:10 [INFO] ✅ Loaded route: /api/activity
2025-11-24 11:29:10 [INFO] ✅ Loaded route: /api/generate-image
2025-11-24 11:29:10 [INFO] ✅ Backend Running on localhost:5000
2025-11-24 11:29:10 [INFO] 🌐 Access at: http://localhost:5000
2025-11-24 11:29:10 [INFO] ✅ MongoDB Connected Successfully (Local)
2025-11-24 11:29:10 [INFO] ✅ Database initialized
2025-11-24 11:30:35 [INFO] ✅ Loaded route: /api/auth
2025-11-24 11:30:35 [INFO] ✅ Loaded route: /api/dreams
2025-11-24 11:30:35 [INFO] ✅ Loaded route: /api/chatbot
2025-11-24 11:30:35 [INFO] ✅ Loaded route: /api/sd
2025-11-24 11:30:35 [INFO] ✅ Loaded route: /api/community
2025-11-24 11:30:35 [INFO] ✅ Loaded route: /api/feedback
2025-11-24 11:30:35 [INFO] ✅ Loaded route: /api/analytics
2025-11-24 11:30:35 [INFO] ✅ Loaded route: /api/dream-diary
2025-11-24 11:30:35 [INFO] ✅ Loaded route: /api/dream-diary/lifestyle
2025-11-24 11:30:35 [INFO] ✅ Loaded route: /api/recent-activity
2025-11-24 11:30:35 [INFO] ✅ Loaded route: /api/activity
2025-11-24 11:30:35 [INFO] ✅ Loaded route: /api/generate-image
2025-11-24 11:30:36 [INFO] ✅ Backend Running on localhost:5000
2025-11-24 11:30:36 [INFO] 🌐 Access at: http://localhost:5000
2025-11-24 11:30:36 [INFO] ✅ MongoDB Connected Successfully (Local)
2025-11-24 11:30:36 [INFO] ✅ Database initialized
2025-11-24 11:34:41 [INFO] ✅ Loaded route: /api/auth
2025-11-24 11:34:41 [INFO] ✅ Loaded route: /api/dreams
2025-11-24 11:34:41 [INFO] ✅ Loaded route: /api/chatbot
2025-11-24 11:34:41 [INFO] ✅ Loaded route: /api/sd
2025-11-24 11:34:41 [INFO] ✅ Loaded route: /api/community
2025-11-24 11:34:41 [INFO] ✅ Loaded route: /api/feedback
2025-11-24 11:34:41 [INFO] ✅ Loaded route: /api/analytics
2025-11-24 11:34:41 [INFO] ✅ Loaded route: /api/dream-diary
2025-11-24 11:34:41 [INFO] ✅ Loaded route: /api/dream-diary/lifestyle
2025-11-24 11:34:41 [INFO] ✅ Loaded route: /api/recent-activity
2025-11-24 11:34:41 [INFO] ✅ Loaded route: /api/activity
2025-11-24 11:34:41 [INFO] ✅ Loaded route: /api/generate-image
2025-11-24 11:34:41 [INFO] ✅ Backend Running on localhost:5000
2025-11-24 11:34:41 [INFO] 🌐 Access at: http://localhost:5000
2025-11-24 11:34:41 [INFO] ✅ MongoDB Connected Successfully (Local)
2025-11-24 11:34:41 [INFO] ✅ Database initialized
2025-11-24 11:59:07 [INFO] ✅ Loaded route: /api/auth
2025-11-24 11:59:07 [INFO] ✅ Loaded route: /api/dreams
2025-11-24 11:59:07 [INFO] ✅ Loaded route: /api/chatbot
2025-11-24 11:59:07 [INFO] ✅ Loaded route: /api/sd
2025-11-24 11:59:07 [INFO] ✅ Loaded route: /api/community
2025-11-24 11:59:07 [INFO] ✅ Loaded route: /api/feedback
2025-11-24 11:59:07 [INFO] ✅ Loaded route: /api/analytics
2025-11-24 11:59:07 [INFO] ✅ Loaded route: /api/dream-diary
2025-11-24 11:59:07 [INFO] ✅ Loaded route: /api/dream-diary/lifestyle
2025-11-24 11:59:07 [INFO] ✅ Loaded route: /api/recent-activity
2025-11-24 11:59:07 [INFO] ✅ Loaded route: /api/activity
2025-11-24 11:59:07 [INFO] ✅ Loaded route: /api/generate-image
2025-11-24 11:59:07 [INFO] ✅ Backend Running on localhost:5000
2025-11-24 11:59:07 [INFO] 🌐 Access at: http://localhost:5000
2025-11-24 11:59:07 [INFO] ✅ MongoDB Connected Successfully (Local)
2025-11-24 11:59:07 [INFO] ✅ Database initialized
2025-11-24 12:01:44 [INFO] ✅ Loaded route: /api/auth
2025-11-24 12:01:44 [INFO] ✅ Loaded route: /api/dreams
2025-11-24 12:01:44 [INFO] ✅ Loaded route: /api/chatbot
2025-11-24 12:01:44 [INFO] ✅ Loaded route: /api/sd
2025-11-24 12:01:44 [INFO] ✅ Loaded route: /api/community
2025-11-24 12:01:44 [INFO] ✅ Loaded route: /api/feedback
2025-11-24 12:01:44 [INFO] ✅ Loaded route: /api/analytics
2025-11-24 12:01:44 [INFO] ✅ Loaded route: /api/dream-diary
2025-11-24 12:01:44 [INFO] ✅ Loaded route: /api/dream-diary/lifestyle
2025-11-24 12:01:44 [INFO] ✅ Loaded route: /api/recent-activity
2025-11-24 12:01:44 [INFO] ✅ Loaded route: /api/activity
2025-11-24 12:01:44 [INFO] ✅ Loaded route: /api/generate-image
2025-11-24 12:01:45 [INFO] ✅ Backend Running on localhost:5000
2025-11-24 12:01:45 [INFO] 🌐 Access at: http://localhost:5000
2025-11-24 12:01:45 [INFO] ✅ MongoDB Connected Successfully (Local)
2025-11-24 12:01:45 [INFO] ✅ Database initialized
2025-11-24 12:10:55 [INFO] ✅ Loaded route: /api/auth
2025-11-24 12:10:55 [INFO] ✅ Loaded route: /api/dreams
2025-11-24 12:10:55 [INFO] ✅ Loaded route: /api/chatbot
2025-11-24 12:10:55 [INFO] ✅ Loaded route: /api/sd
2025-11-24 12:10:55 [INFO] ✅ Loaded route: /api/community
2025-11-24 12:10:55 [INFO] ✅ Loaded route: /api/feedback
2025-11-24 12:10:55 [INFO] ✅ Loaded route: /api/analytics
2025-11-24 12:10:55 [INFO] ✅ Loaded route: /api/dream-diary
2025-11-24 12:10:55 [INFO] ✅ Loaded route: /api/dream-diary/lifestyle
2025-11-24 12:10:55 [INFO] ✅ Loaded route: /api/recent-activity
2025-11-24 12:10:55 [INFO] ✅ Loaded route: /api/activity
2025-11-24 12:10:55 [INFO] ✅ Loaded route: /api/generate-image
2025-11-24 12:10:55 [INFO] ✅ Backend Running on localhost:5000
2025-11-24 12:10:55 [INFO] 🌐 Access at: http://localhost:5000
2025-11-24 12:10:55 [INFO] ✅ MongoDB Connected Successfully (Local)
2025-11-24 12:10:55 [INFO] ✅ Database initialized
2025-11-24 12:14:26 [INFO] ✅ Loaded route: /api/auth
2025-11-24 12:14:26 [INFO] ✅ Loaded route: /api/dreams
2025-11-24 12:14:26 [INFO] ✅ Loaded route: /api/chatbot
2025-11-24 12:14:26 [INFO] ✅ Loaded route: /api/sd
2025-11-24 12:14:26 [INFO] ✅ Loaded route: /api/community
2025-11-24 12:14:26 [INFO] ✅ Loaded route: /api/feedback
2025-11-24 12:14:26 [INFO] ✅ Loaded route: /api/analytics
2025-11-24 12:14:26 [INFO] ✅ Loaded route: /api/dream-diary
2025-11-24 12:14:26 [INFO] ✅ Loaded route: /api/dream-diary/lifestyle
2025-11-24 12:14:26 [INFO] ✅ Loaded route: /api/recent-activity
2025-11-24 12:14:26 [INFO] ✅ Loaded route: /api/activity
2025-11-24 12:14:26 [INFO] ✅ Loaded route: /api/generate-image
2025-11-24 12:14:26 [INFO] ✅ Backend Running on localhost:5000
2025-11-24 12:14:26 [INFO] 🌐 Access at: http://localhost:5000
2025-11-24 12:14:26 [INFO] ✅ MongoDB Connected Successfully (Local)
2025-11-24 12:14:26 [INFO] ✅ Database initialized
2025-11-24 12:21:19 [INFO] ✅ Loaded route: /api/auth
2025-11-24 12:21:19 [INFO] ✅ Loaded route: /api/dreams
2025-11-24 12:21:19 [INFO] ✅ Loaded route: /api/chatbot
2025-11-24 12:21:19 [INFO] ✅ Loaded route: /api/sd
2025-11-24 12:21:19 [INFO] ✅ Loaded route: /api/community
2025-11-24 12:21:19 [INFO] ✅ Loaded route: /api/feedback
2025-11-24 12:21:19 [INFO] ✅ Loaded route: /api/analytics
2025-11-24 12:21:19 [INFO] ✅ Loaded route: /api/dream-diary
2025-11-24 12:21:19 [INFO] ✅ Loaded route: /api/dream-diary/lifestyle
2025-11-24 12:21:19 [INFO] ✅ Loaded route: /api/recent-activity
2025-11-24 12:21:19 [INFO] ✅ Loaded route: /api/activity
2025-11-24 12:21:19 [INFO] ✅ Loaded route: /api/generate-image
2025-11-24 12:21:19 [INFO] ✅ Backend Running on localhost:5000
2025-11-24 12:21:19 [INFO] 🌐 Access at: http://localhost:5000
2025-11-24 12:21:19 [INFO] ✅ MongoDB Connected Successfully (Local)
2025-11-24 12:21:19 [INFO] ✅ Database initialized
2025-11-24 12:25:54 [INFO] ✅ Loaded route: /api/auth
2025-11-24 12:25:54 [INFO] ✅ Loaded route: /api/dreams
2025-11-24 12:25:54 [INFO] ✅ Loaded route: /api/chatbot
2025-11-24 12:25:54 [INFO] ✅ Loaded route: /api/sd
2025-11-24 12:25:54 [INFO] ✅ Loaded route: /api/community
2025-11-24 12:25:54 [INFO] ✅ Loaded route: /api/feedback
2025-11-24 12:25:54 [INFO] ✅ Loaded route: /api/analytics
2025-11-24 12:25:54 [INFO] ✅ Loaded route: /api/dream-diary
2025-11-24 12:25:54 [INFO] ✅ Loaded route: /api/dream-diary/lifestyle
2025-11-24 12:25:54 [INFO] ✅ Loaded route: /api/recent-activity
2025-11-24 12:25:54 [INFO] ✅ Loaded route: /api/activity
2025-11-24 12:25:54 [INFO] ✅ Loaded route: /api/generate-image
2025-11-24 12:25:54 [INFO] ✅ Backend Running on localhost:5000
2025-11-24 12:25:54 [INFO] 🌐 Access at: http://localhost:5000
2025-11-24 12:25:54 [INFO] ✅ MongoDB Connected Successfully (Local)
2025-11-24 12:25:54 [INFO] ✅ Database initialized
2025-11-24 12:29:16 [INFO] ✅ Loaded route: /api/auth
2025-11-24 12:29:16 [INFO] ✅ Loaded route: /api/dreams
2025-11-24 12:29:16 [INFO] ✅ Loaded route: /api/chatbot
2025-11-24 12:29:16 [INFO] ✅ Loaded route: /api/sd
2025-11-24 12:29:16 [INFO] ✅ Loaded route: /api/community
2025-11-24 12:29:16 [INFO] ✅ Loaded route: /api/feedback
2025-11-24 12:29:16 [INFO] ✅ Loaded route: /api/analytics
2025-11-24 12:29:16 [INFO] ✅ Loaded route: /api/dream-diary
2025-11-24 12:29:16 [INFO] ✅ Loaded route: /api/dream-diary/lifestyle
2025-11-24 12:29:16 [INFO] ✅ Loaded route: /api/recent-activity
2025-11-24 12:29:16 [INFO] ✅ Loaded route: /api/activity
2025-11-24 12:29:16 [INFO] ✅ Loaded route: /api/generate-image
2025-11-24 12:29:16 [INFO] ✅ Backend Running on localhost:5000
2025-11-24 12:29:16 [INFO] 🌐 Access at: http://localhost:5000
2025-11-24 12:29:16 [INFO] ✅ MongoDB Connected Successfully (Local)
2025-11-24 12:29:16 [INFO] ✅ Database initialized
2025-11-24 12:30:38 [INFO] ✅ Loaded route: /api/auth
2025-11-24 12:30:38 [INFO] ✅ Loaded route: /api/dreams
2025-11-24 12:30:38 [INFO] ✅ Loaded route: /api/chatbot
2025-11-24 12:30:38 [INFO] ✅ Loaded route: /api/sd
2025-11-24 12:30:38 [INFO] ✅ Loaded route: /api/community
2025-11-24 12:30:38 [INFO] ✅ Loaded route: /api/feedback
2025-11-24 12:30:38 [INFO] ✅ Loaded route: /api/analytics
2025-11-24 12:30:38 [INFO] ✅ Loaded route: /api/dream-diary
2025-11-24 12:30:38 [INFO] ✅ Loaded route: /api/dream-diary/lifestyle
2025-11-24 12:30:38 [INFO] ✅ Loaded route: /api/recent-activity
2025-11-24 12:30:38 [INFO] ✅ Loaded route: /api/activity
2025-11-24 12:30:38 [INFO] ✅ Loaded route: /api/generate-image
2025-11-24 12:30:38 [INFO] ✅ Backend Running on localhost:5000
2025-11-24 12:30:38 [INFO] 🌐 Access at: http://localhost:5000
2025-11-24 12:30:38 [INFO] ✅ MongoDB Connected Successfully (Local)
2025-11-24 12:30:38 [INFO] ✅ Database initialized
2025-11-24 12:39:50 [INFO] ✅ Loaded route: /api/auth
2025-11-24 12:39:50 [INFO] ✅ Loaded route: /api/dreams
2025-11-24 12:39:50 [INFO] ✅ Loaded route: /api/chatbot
2025-11-24 12:39:50 [INFO] ✅ Loaded route: /api/sd
2025-11-24 12:39:50 [INFO] ✅ Loaded route: /api/community
2025-11-24 12:39:50 [INFO] ✅ Loaded route: /api/feedback
2025-11-24 12:39:50 [INFO] ✅ Loaded route: /api/analytics
2025-11-24 12:39:50 [INFO] ✅ Loaded route: /api/dream-diary
2025-11-24 12:39:50 [INFO] ✅ Loaded route: /api/dream-diary/lifestyle
2025-11-24 12:39:50 [INFO] ✅ Loaded route: /api/recent-activity
2025-11-24 12:39:50 [INFO] ✅ Loaded route: /api/activity
2025-11-24 12:39:50 [INFO] ✅ Loaded route: /api/generate-image
2025-11-24 12:39:50 [INFO] ✅ Backend Running on localhost:5000
2025-11-24 12:39:50 [INFO] 🌐 Access at: http://localhost:5000
2025-11-24 12:39:50 [INFO] ✅ MongoDB Connected Successfully (Local)
2025-11-24 12:39:50 [INFO] ✅ Database initialized
2025-11-24 12:42:55 [INFO] ✅ Loaded route: /api/auth
2025-11-24 12:42:55 [INFO] ✅ Loaded route: /api/dreams
2025-11-24 12:42:55 [INFO] ✅ Loaded route: /api/chatbot
2025-11-24 12:42:55 [INFO] ✅ Loaded route: /api/sd
2025-11-24 12:42:55 [INFO] ✅ Loaded route: /api/community
2025-11-24 12:42:55 [INFO] ✅ Loaded route: /api/feedback
2025-11-24 12:42:55 [INFO] ✅ Loaded route: /api/analytics
2025-11-24 12:42:55 [INFO] ✅ Loaded route: /api/dream-diary
2025-11-24 12:42:55 [INFO] ✅ Loaded route: /api/dream-diary/lifestyle
2025-11-24 12:42:55 [INFO] ✅ Loaded route: /api/recent-activity
2025-11-24 12:42:55 [INFO] ✅ Loaded route: /api/activity
2025-11-24 12:42:55 [INFO] ✅ Loaded route: /api/generate-image
2025-11-24 12:42:55 [INFO] ✅ Backend Running on localhost:5000
2025-11-24 12:42:55 [INFO] 🌐 Access at: http://localhost:5000
2025-11-24 12:42:55 [INFO] ✅ MongoDB Connected Successfully (Local)
2025-11-24 12:42:55 [INFO] ✅ Database initialized
2025-11-24 12:46:21 [INFO] ✅ Loaded route: /api/auth
2025-11-24 12:46:21 [INFO] ✅ Loaded route: /api/dreams
2025-11-24 12:46:21 [INFO] ✅ Loaded route: /api/chatbot
2025-11-24 12:46:21 [INFO] ✅ Loaded route: /api/sd
2025-11-24 12:46:21 [INFO] ✅ Loaded route: /api/community
2025-11-24 12:46:21 [INFO] ✅ Loaded route: /api/feedback
2025-11-24 12:46:21 [INFO] ✅ Loaded route: /api/analytics
2025-11-24 12:46:21 [INFO] ✅ Loaded route: /api/dream-diary
2025-11-24 12:46:21 [INFO] ✅ Loaded route: /api/dream-diary/lifestyle
2025-11-24 12:46:21 [INFO] ✅ Loaded route: /api/recent-activity
2025-11-24 12:46:21 [INFO] ✅ Loaded route: /api/activity
2025-11-24 12:46:21 [INFO] ✅ Loaded route: /api/generate-image
2025-11-24 12:46:21 [INFO] ✅ Backend Running on localhost:5000
2025-11-24 12:46:21 [INFO] 🌐 Access at: http://localhost:5000
2025-11-24 12:46:21 [INFO] ✅ MongoDB Connected Successfully (Local)
2025-11-24 12:46:21 [INFO] ✅ Database initialized
2025-11-24 12:50:11 [INFO] ✅ Loaded route: /api/auth
2025-11-24 12:50:11 [INFO] ✅ Loaded route: /api/dreams
2025-11-24 12:50:11 [INFO] ✅ Loaded route: /api/chatbot
2025-11-24 12:50:11 [INFO] ✅ Loaded route: /api/sd
2025-11-24 12:50:11 [INFO] ✅ Loaded route: /api/community
2025-11-24 12:50:11 [INFO] ✅ Loaded route: /api/feedback
2025-11-24 12:50:11 [INFO] ✅ Loaded route: /api/analytics
2025-11-24 12:50:11 [INFO] ✅ Loaded route: /api/dream-diary
2025-11-24 12:50:11 [INFO] ✅ Loaded route: /api/dream-diary/lifestyle
2025-11-24 12:50:11 [INFO] ✅ Loaded route: /api/recent-activity
2025-11-24 12:50:11 [INFO] ✅ Loaded route: /api/activity
2025-11-24 12:50:11 [INFO] ✅ Loaded route: /api/generate-image
2025-11-24 12:50:12 [INFO] ✅ Backend Running on localhost:5000
2025-11-24 12:50:12 [INFO] 🌐 Access at: http://localhost:5000
2025-11-24 12:50:12 [INFO] ✅ MongoDB Connected Successfully (Local)
2025-11-24 12:50:12 [INFO] ✅ Database initialized
2025-11-24 12:56:27 [INFO] ✅ Loaded route: /api/auth
2025-11-24 12:56:27 [INFO] ✅ Loaded route: /api/dreams
2025-11-24 12:56:27 [INFO] ✅ Loaded route: /api/chatbot
2025-11-24 12:56:27 [INFO] ✅ Loaded route: /api/sd
2025-11-24 12:56:27 [INFO] ✅ Loaded route: /api/community
2025-11-24 12:56:27 [INFO] ✅ Loaded route: /api/feedback
2025-11-24 12:56:27 [INFO] ✅ Loaded route: /api/analytics
2025-11-24 12:56:27 [ERROR] ❌ Error loading route /api/dream-diary:
2025-11-24 12:56:27 [INFO] ✅ Loaded route: /api/dream-diary/lifestyle
2025-11-24 12:56:27 [INFO] ✅ Loaded route: /api/recent-activity
2025-11-24 12:56:27 [INFO] ✅ Loaded route: /api/activity
2025-11-24 12:56:27 [INFO] ✅ Loaded route: /api/generate-image
2025-11-24 12:56:27 [INFO] ✅ Backend Running on localhost:5000
2025-11-24 12:56:27 [INFO] 🌐 Access at: http://localhost:5000
2025-11-24 12:56:27 [INFO] ✅ MongoDB Connected Successfully (Local)
2025-11-24 12:56:27 [INFO] ✅ Database initialized
2025-11-24 12:59:14 [INFO] ✅ Loaded route: /api/auth
2025-11-24 12:59:15 [INFO] ✅ Loaded route: /api/dreams
2025-11-24 12:59:15 [INFO] ✅ Loaded route: /api/chatbot
2025-11-24 12:59:15 [ERROR] ❌ Error loading route /api/dream-diary:
2025-11-24 12:59:15 [ERROR] TypeError: Router.use() requires a middleware function but got a Object
    at Function.use (C:\Users\shash\Desktop\Projects\DREAM ANALYZER\DREAM ANALYZER\DREAM ANALYZER\DREAM ANALYZER\server\node_modules\express\lib\router\index.js:469:13)
    at Function.<anonymous> (C:\Users\shash\Desktop\Projects\DREAM ANALYZER\DREAM ANALYZER\DREAM ANALYZER\DREAM ANALYZER\server\node_modules\express\lib\application.js:227:21)
    at Array.forEach (<anonymous>)
    at Function.use (C:\Users\shash\Desktop\Projects\DREAM ANALYZER\DREAM ANALYZER\DREAM ANALYZER\DREAM ANALYZER\server\node_modules\express\lib\application.js:224:7)
    at Object.<anonymous> (C:\Users\shash\Desktop\Projects\DREAM ANALYZER\DREAM ANALYZER\DREAM ANALYZER\DREAM ANALYZER\server\index.js:220:7)
    at Module._compile (node:internal/modules/cjs/loader:1256:14)
    at Module._extensions..js (node:internal/modules/cjs/loader:1310:10)
    at Module.load (node:internal/modules/cjs/loader:1119:32)
    at Module._load (node:internal/modules/cjs/loader:960:12)
    at Function.executeUserEntryPoint [as runMain] (node:internal/modules/run_main:81:12)
2025-11-24 12:59:15 [INFO] ✅ Loaded route: /api/sd
2025-11-24 12:59:15 [INFO] ✅ Loaded route: /api/community
2025-11-24 12:59:15 [INFO] ✅ Loaded route: /api/feedback
2025-11-24 12:59:15 [INFO] ✅ Loaded route: /api/analytics
2025-11-24 12:59:15 [INFO] ✅ Loaded route: /api/dream-diary/lifestyle
2025-11-24 12:59:15 [INFO] ✅ Loaded route: /api/recent-activity
2025-11-24 12:59:15 [INFO] ✅ Loaded route: /api/activity
2025-11-24 12:59:15 [INFO] ✅ Loaded route: /api/generate-image
2025-11-24 12:59:15 [INFO] ✅ Backend Running on localhost:5000
2025-11-24 12:59:15 [INFO] 🌐 Access at: http://localhost:5000
2025-11-24 12:59:15 [INFO] ✅ MongoDB Connected Successfully (Local)
2025-11-24 12:59:15 [INFO] ✅ Database initialized
2025-11-24 13:05:27 [INFO] ✅ Loaded route: /api/auth
2025-11-24 13:05:28 [INFO] ✅ Loaded route: /api/dreams
2025-11-24 13:05:28 [INFO] ✅ Loaded route: /api/chatbot
2025-11-24 13:05:28 [INFO] ✅ Loaded route: /api/dream-diary
2025-11-24 13:05:28 [INFO] ✅ Loaded route: /api/sd
2025-11-24 13:05:28 [INFO] ✅ Loaded route: /api/community
2025-11-24 13:05:28 [INFO] ✅ Loaded route: /api/feedback
2025-11-24 13:05:28 [INFO] ✅ Loaded route: /api/analytics
2025-11-24 13:05:28 [INFO] ✅ Loaded route: /api/dream-diary/lifestyle
2025-11-24 13:05:28 [INFO] ✅ Loaded route: /api/recent-activity
2025-11-24 13:05:28 [INFO] ✅ Loaded route: /api/activity
2025-11-24 13:05:28 [INFO] ✅ Loaded route: /api/generate-image
2025-11-24 13:05:28 [INFO] ✅ Backend Running on localhost:5000
2025-11-24 13:05:28 [INFO] 🌐 Access at: http://localhost:5000
2025-11-24 13:05:28 [INFO] ✅ MongoDB Connected Successfully (Local)
2025-11-24 13:05:28 [INFO] ✅ Database initialized
2025-11-24 13:09:20 [INFO] ✅ Loaded route: /api/auth
2025-11-24 13:09:20 [INFO] ✅ Loaded route: /api/dreams
2025-11-24 13:09:20 [INFO] ✅ Loaded route: /api/chatbot
2025-11-24 13:09:20 [INFO] ✅ Loaded route: /api/dream-diary
2025-11-24 13:09:20 [INFO] ✅ Loaded route: /api/sd
2025-11-24 13:09:20 [INFO] ✅ Loaded route: /api/community
2025-11-24 13:09:20 [INFO] ✅ Loaded route: /api/feedback
2025-11-24 13:09:20 [INFO] ✅ Loaded route: /api/analytics
2025-11-24 13:09:20 [INFO] ✅ Loaded route: /api/dream-diary/lifestyle
2025-11-24 13:09:20 [INFO] ✅ Loaded route: /api/recent-activity
2025-11-24 13:09:20 [INFO] ✅ Loaded route: /api/activity
2025-11-24 13:09:20 [INFO] ✅ Loaded route: /api/generate-image
2025-11-24 13:09:21 [INFO] ✅ Backend Running on localhost:5000
2025-11-24 13:09:21 [INFO] 🌐 Access at: http://localhost:5000
2025-11-24 13:09:21 [INFO] ✅ MongoDB Connected Successfully (Local)
2025-11-24 13:09:21 [INFO] ✅ Database initialized
2025-11-24 13:15:44 [INFO] ✅ Loaded route: /api/auth
2025-11-24 13:15:44 [INFO] ✅ Loaded route: /api/dreams
2025-11-24 13:15:44 [INFO] ✅ Loaded route: /api/chatbot
2025-11-24 13:15:44 [INFO] ✅ Loaded route: /api/dream-diary
2025-11-24 13:15:44 [INFO] ✅ Loaded route: /api/sd
2025-11-24 13:15:44 [INFO] ✅ Loaded route: /api/community
2025-11-24 13:15:44 [INFO] ✅ Loaded route: /api/feedback
2025-11-24 13:15:44 [INFO] ✅ Loaded route: /api/analytics
2025-11-24 13:15:44 [INFO] ✅ Loaded route: /api/dream-diary/lifestyle
2025-11-24 13:15:44 [INFO] ✅ Loaded route: /api/recent-activity
2025-11-24 13:15:44 [INFO] ✅ Loaded route: /api/activity
2025-11-24 13:15:44 [INFO] ✅ Loaded route: /api/generate-image
2025-11-24 13:15:44 [INFO] ✅ Backend Running on localhost:5000
2025-11-24 13:15:44 [INFO] 🌐 Access at: http://localhost:5000
2025-11-24 13:15:44 [INFO] ✅ MongoDB Connected Successfully (Local)
2025-11-24 13:15:44 [INFO] ✅ Database initialized
2025-11-24 13:17:57 [INFO] ✅ Loaded route: /api/auth
2025-11-24 13:17:57 [INFO] ✅ Loaded route: /api/dreams
2025-11-24 13:17:57 [INFO] ✅ Loaded route: /api/chatbot
2025-11-24 13:17:57 [INFO] ✅ Loaded route: /api/dream-diary
2025-11-24 13:17:57 [INFO] ✅ Loaded route: /api/sd
2025-11-24 13:17:57 [INFO] ✅ Loaded route: /api/community
2025-11-24 13:17:57 [INFO] ✅ Loaded route: /api/feedback
2025-11-24 13:17:57 [INFO] ✅ Loaded route: /api/analytics
2025-11-24 13:17:57 [INFO] ✅ Loaded route: /api/dream-diary/lifestyle
2025-11-24 13:17:57 [INFO] ✅ Loaded route: /api/recent-activity
2025-11-24 13:17:57 [INFO] ✅ Loaded route: /api/activity
2025-11-24 13:17:57 [INFO] ✅ Loaded route: /api/generate-image
2025-11-24 13:17:58 [INFO] ✅ Backend Running on localhost:5000
2025-11-24 13:17:58 [INFO] 🌐 Access at: http://localhost:5000
2025-11-24 13:17:58 [INFO] ✅ MongoDB Connected Successfully (Local)
2025-11-24 13:17:58 [INFO] ✅ Database initialized
2025-11-24 13:22:30 [INFO] ✅ Loaded route: /api/auth
2025-11-24 13:22:30 [INFO] ✅ Loaded route: /api/dreams
2025-11-24 13:22:30 [INFO] ✅ Loaded route: /api/chatbot
2025-11-24 13:22:30 [INFO] ✅ Loaded route: /api/dream-diary
2025-11-24 13:22:30 [INFO] ✅ Loaded route: /api/sd
2025-11-24 13:22:30 [INFO] ✅ Loaded route: /api/community
2025-11-24 13:22:30 [INFO] ✅ Loaded route: /api/feedback
2025-11-24 13:22:30 [INFO] ✅ Loaded route: /api/analytics
2025-11-24 13:22:30 [INFO] ✅ Loaded route: /api/dream-diary/lifestyle
2025-11-24 13:22:30 [INFO] ✅ Loaded route: /api/recent-activity
2025-11-24 13:22:30 [INFO] ✅ Loaded route: /api/activity
2025-11-24 13:22:30 [INFO] ✅ Loaded route: /api/generate-image
2025-11-24 13:22:31 [INFO] ✅ Backend Running on localhost:5000
2025-11-24 13:22:31 [INFO] 🌐 Access at: http://localhost:5000
2025-11-24 13:22:31 [INFO] ✅ MongoDB Connected Successfully (Local)
2025-11-24 13:22:31 [INFO] ✅ Database initialized
2025-11-24 13:29:01 [INFO] ✅ Loaded route: /api/auth
2025-11-24 13:29:02 [INFO] ✅ Loaded route: /api/dreams
2025-11-24 13:29:02 [INFO] ✅ Loaded route: /api/chatbot
2025-11-24 13:29:02 [INFO] ✅ Loaded route: /api/dream-diary
2025-11-24 13:29:02 [INFO] ✅ Loaded route: /api/sd
2025-11-24 13:29:02 [INFO] ✅ Loaded route: /api/community
2025-11-24 13:29:02 [INFO] ✅ Loaded route: /api/feedback
2025-11-24 13:29:02 [INFO] ✅ Loaded route: /api/analytics
2025-11-24 13:29:02 [INFO] ✅ Loaded route: /api/dream-diary/lifestyle
2025-11-24 13:29:02 [INFO] ✅ Loaded route: /api/recent-activity
2025-11-24 13:29:02 [INFO] ✅ Loaded route: /api/activity
2025-11-24 13:29:02 [INFO] ✅ Loaded route: /api/generate-image
2025-11-24 13:29:02 [INFO] ✅ Backend Running on localhost:5000
2025-11-24 13:29:02 [INFO] 🌐 Access at: http://localhost:5000
2025-11-24 13:29:02 [INFO] ✅ MongoDB Connected Successfully (Local)
2025-11-24 13:29:02 [INFO] ✅ Database initialized
2025-11-24 13:31:08 [INFO] ✅ Loaded route: /api/auth
2025-11-24 13:31:08 [INFO] ✅ Loaded route: /api/dreams
2025-11-24 13:31:09 [INFO] ✅ Loaded route: /api/chatbot
2025-11-24 13:31:09 [INFO] ✅ Loaded route: /api/dream-diary
2025-11-24 13:31:09 [INFO] ✅ Loaded route: /api/sd
2025-11-24 13:31:09 [INFO] ✅ Loaded route: /api/community
2025-11-24 13:31:09 [INFO] ✅ Loaded route: /api/feedback
2025-11-24 13:31:09 [INFO] ✅ Loaded route: /api/analytics
2025-11-24 13:31:09 [INFO] ✅ Loaded route: /api/dream-diary/lifestyle
2025-11-24 13:31:09 [INFO] ✅ Loaded route: /api/recent-activity
2025-11-24 13:31:09 [INFO] ✅ Loaded route: /api/activity
2025-11-24 13:31:09 [INFO] ✅ Loaded route: /api/generate-image
2025-11-24 13:31:09 [INFO] ✅ Backend Running on localhost:5000
2025-11-24 13:31:09 [INFO] 🌐 Access at: http://localhost:5000
2025-11-24 13:31:09 [INFO] ✅ MongoDB Connected Successfully (Local)
2025-11-24 13:31:09 [INFO] ✅ Database initialized
2025-11-24 13:33:32 [INFO] ✅ Loaded route: /api/auth
2025-11-24 13:33:32 [INFO] ✅ Loaded route: /api/dreams
2025-11-24 13:33:32 [INFO] ✅ Loaded route: /api/chatbot
2025-11-24 13:33:32 [INFO] ✅ Loaded route: /api/dream-diary
2025-11-24 13:33:32 [INFO] ✅ Loaded route: /api/sd
2025-11-24 13:33:32 [INFO] ✅ Loaded route: /api/community
2025-11-24 13:33:32 [INFO] ✅ Loaded route: /api/feedback
2025-11-24 13:33:32 [INFO] ✅ Loaded route: /api/analytics
2025-11-24 13:33:32 [INFO] ✅ Loaded route: /api/dream-diary/lifestyle
2025-11-24 13:33:32 [INFO] ✅ Loaded route: /api/recent-activity
2025-11-24 13:33:32 [INFO] ✅ Loaded route: /api/activity
2025-11-24 13:33:32 [INFO] ✅ Loaded route: /api/generate-image
2025-11-24 13:33:32 [INFO] ✅ Backend Running on localhost:5000
2025-11-24 13:33:32 [INFO] 🌐 Access at: http://localhost:5000
2025-11-24 13:33:32 [INFO] ✅ MongoDB Connected Successfully (Local)
2025-11-24 13:33:32 [INFO] ✅ Database initialized
2025-11-24 13:44:02 [INFO] ✅ Loaded route: /api/auth
2025-11-24 13:44:02 [INFO] ✅ Loaded route: /api/dreams
2025-11-24 13:44:02 [INFO] ✅ Loaded route: /api/chatbot
2025-11-24 13:44:02 [INFO] ✅ Loaded route: /api/dream-diary
2025-11-24 13:44:02 [INFO] ✅ Loaded route: /api/sd
2025-11-24 13:44:02 [INFO] ✅ Loaded route: /api/community
2025-11-24 13:44:02 [INFO] ✅ Loaded route: /api/feedback
2025-11-24 13:44:02 [INFO] ✅ Loaded route: /api/analytics
2025-11-24 13:44:02 [INFO] ✅ Loaded route: /api/dream-diary/lifestyle
2025-11-24 13:44:02 [INFO] ✅ Loaded route: /api/recent-activity
2025-11-24 13:44:02 [INFO] ✅ Loaded route: /api/activity
2025-11-24 13:44:02 [INFO] ✅ Loaded route: /api/generate-image
2025-11-24 13:44:02 [INFO] ✅ Backend Running on localhost:5000
2025-11-24 13:44:02 [INFO] 🌐 Access at: http://localhost:5000
2025-11-24 13:44:02 [INFO] ✅ MongoDB Connected Successfully (Local)
2025-11-24 13:44:02 [INFO] ✅ Database initialized
2025-11-24 22:39:43 [INFO] ✅ Loaded route: /api/auth
2025-11-24 22:39:43 [INFO] ✅ Loaded route: /api/dreams
2025-11-24 22:39:43 [INFO] ✅ Loaded route: /api/chatbot
2025-11-24 22:39:43 [INFO] ✅ Loaded route: /api/dream-diary
2025-11-24 22:39:43 [INFO] ✅ Loaded route: /api/sd
2025-11-24 22:39:43 [INFO] ✅ Loaded route: /api/community
2025-11-24 22:39:43 [INFO] ✅ Loaded route: /api/feedback
2025-11-24 22:39:43 [INFO] ✅ Loaded route: /api/analytics
2025-11-24 22:39:43 [INFO] ✅ Loaded route: /api/dream-diary/lifestyle
2025-11-24 22:39:43 [INFO] ✅ Loaded route: /api/recent-activity
2025-11-24 22:39:43 [INFO] ✅ Loaded route: /api/activity
2025-11-24 22:39:43 [INFO] ✅ Loaded route: /api/generate-image
2025-11-24 22:39:43 [INFO] ✅ Backend Running on localhost:5000
2025-11-24 22:39:43 [INFO] 🌐 Access at: http://localhost:5000
2025-11-24 22:39:43 [INFO] ✅ MongoDB Connected Successfully (Local)
2025-11-24 22:39:43 [INFO] ✅ Database initialized
2025-11-24 22:49:39 [INFO] ✅ Loaded route: /api/auth
2025-11-24 22:49:39 [INFO] ✅ Loaded route: /api/dreams
2025-11-24 22:49:39 [INFO] ✅ Loaded route: /api/chatbot
2025-11-24 22:49:39 [INFO] ✅ Loaded route: /api/dream-diary
2025-11-24 22:49:40 [INFO] ✅ Loaded route: /api/sd
2025-11-24 22:49:40 [INFO] ✅ Loaded route: /api/community
2025-11-24 22:49:40 [INFO] ✅ Loaded route: /api/feedback
2025-11-24 22:49:40 [INFO] ✅ Loaded route: /api/analytics
2025-11-24 22:49:40 [INFO] ✅ Loaded route: /api/dream-diary/lifestyle
2025-11-24 22:49:40 [INFO] ✅ Loaded route: /api/recent-activity
2025-11-24 22:49:40 [INFO] ✅ Loaded route: /api/activity
2025-11-24 22:49:40 [INFO] ✅ Loaded route: /api/generate-image
2025-11-24 22:49:40 [INFO] ✅ Backend Running on localhost:5000
2025-11-24 22:49:40 [INFO] 🌐 Access at: http://localhost:5000
2025-11-24 22:49:40 [INFO] ✅ MongoDB Connected Successfully (Local)
2025-11-24 22:49:40 [INFO] ✅ Database initialized
2025-11-24 23:06:23 [INFO] ✅ Loaded route: /api/auth
2025-11-24 23:06:23 [INFO] ✅ Loaded route: /api/dreams
2025-11-24 23:06:23 [INFO] ✅ Loaded route: /api/chatbot
2025-11-24 23:06:23 [INFO] ✅ Loaded route: /api/dream-diary
2025-11-24 23:06:23 [INFO] ✅ Loaded route: /api/sd
2025-11-24 23:06:23 [INFO] ✅ Loaded route: /api/community
2025-11-24 23:06:23 [INFO] ✅ Loaded route: /api/feedback
2025-11-24 23:06:23 [INFO] ✅ Loaded route: /api/analytics
2025-11-24 23:06:23 [INFO] ✅ Loaded route: /api/dream-diary/lifestyle
2025-11-24 23:06:23 [INFO] ✅ Loaded route: /api/recent-activity
2025-11-24 23:06:23 [INFO] ✅ Loaded route: /api/activity
2025-11-24 23:06:23 [INFO] ✅ Loaded route: /api/generate-image
2025-11-24 23:06:23 [INFO] ✅ Backend Running on localhost:5000
2025-11-24 23:06:23 [INFO] 🌐 Access at: http://localhost:5000
2025-11-24 23:06:23 [INFO] ✅ MongoDB Connected Successfully (Local)
2025-11-24 23:06:23 [INFO] ✅ Database initialized
2025-11-24 23:11:42 [INFO] ✅ Loaded route: /api/auth
2025-11-24 23:11:42 [INFO] ✅ Loaded route: /api/dreams
2025-11-24 23:11:42 [INFO] ✅ Loaded route: /api/chatbot
2025-11-24 23:11:42 [INFO] ✅ Loaded route: /api/dream-diary
2025-11-24 23:11:42 [INFO] ✅ Loaded route: /api/sd
2025-11-24 23:11:42 [INFO] ✅ Loaded route: /api/community
2025-11-24 23:11:42 [INFO] ✅ Loaded route: /api/feedback
2025-11-24 23:11:42 [INFO] ✅ Loaded route: /api/analytics
2025-11-24 23:11:42 [INFO] ✅ Loaded route: /api/dream-diary/lifestyle
2025-11-24 23:11:42 [INFO] ✅ Loaded route: /api/recent-activity
2025-11-24 23:11:42 [INFO] ✅ Loaded route: /api/activity
2025-11-24 23:11:42 [INFO] ✅ Loaded route: /api/generate-image
2025-11-24 23:11:42 [INFO] ✅ Backend Running on localhost:5000
2025-11-24 23:11:42 [INFO] 🌐 Access at: http://localhost:5000
2025-11-24 23:11:42 [INFO] ✅ MongoDB Connected Successfully (Local)
2025-11-24 23:11:42 [INFO] ✅ Database initialized
2025-11-25 19:02:22 [INFO] ✅ Loaded route: /api/auth
2025-11-25 19:02:22 [INFO] ✅ Loaded route: /api/dreams
2025-11-25 19:02:22 [INFO] ✅ Loaded route: /api/chatbot
2025-11-25 19:02:22 [INFO] ✅ Loaded route: /api/dream-diary
2025-11-25 19:02:22 [INFO] ✅ Loaded route: /api/sd
2025-11-25 19:02:22 [INFO] ✅ Loaded route: /api/community
2025-11-25 19:02:22 [INFO] ✅ Loaded route: /api/feedback
2025-11-25 19:02:22 [INFO] ✅ Loaded route: /api/analytics
2025-11-25 19:02:22 [INFO] ✅ Loaded route: /api/dream-diary/lifestyle
2025-11-25 19:02:22 [INFO] ✅ Loaded route: /api/recent-activity
2025-11-25 19:02:22 [INFO] ✅ Loaded route: /api/activity
2025-11-25 19:02:22 [INFO] ✅ Loaded route: /api/generate-image
2025-11-25 19:02:22 [INFO] ✅ Backend Running on localhost:5000
2025-11-25 19:02:22 [INFO] 🌐 Access at: http://localhost:5000
2025-11-25 19:02:22 [INFO] ✅ MongoDB Connected Successfully (Local)
2025-11-25 19:02:22 [INFO] ✅ Database initialized
2025-11-25 19:03:56 [INFO] [Image Generation] Request received - Prompt: "Iam vey happy because i met my friend"
2025-11-25 19:04:24 [INFO] [Image Generation] Image generated in 28074ms: /uploads/sd-generated/bf519b63-7891-4e0b-b240-8ce8f0a2930b.png
2025-11-25 19:15:45 [INFO] ✅ Loaded route: /api/auth
2025-11-25 19:15:45 [INFO] ✅ Loaded route: /api/dreams
2025-11-25 19:15:45 [INFO] ✅ Loaded route: /api/chatbot
2025-11-25 19:15:45 [INFO] ✅ Loaded route: /api/dream-diary
2025-11-25 19:15:45 [INFO] ✅ Loaded route: /api/sd
2025-11-25 19:15:45 [INFO] ✅ Loaded route: /api/community
2025-11-25 19:15:45 [INFO] ✅ Loaded route: /api/feedback
2025-11-25 19:15:45 [INFO] ✅ Loaded route: /api/analytics
2025-11-25 19:15:45 [INFO] ✅ Loaded route: /api/dream-diary/lifestyle
2025-11-25 19:15:45 [INFO] ✅ Loaded route: /api/recent-activity
2025-11-25 19:15:45 [INFO] ✅ Loaded route: /api/activity
2025-11-25 19:15:45 [INFO] ✅ Loaded route: /api/generate-image
2025-11-25 19:15:46 [INFO] ✅ Backend Running on localhost:5000
2025-11-25 19:15:46 [INFO] 🌐 Access at: http://localhost:5000
2025-11-25 19:15:46 [INFO] ✅ MongoDB Connected Successfully (Local)
2025-11-25 19:15:46 [INFO] ✅ Database initialized
2025-11-25 19:17:09 [INFO] [Image Generation] Request received - Prompt: "I met my girlfriend in my dream"
2025-11-25 19:17:32 [INFO] [Image Generation] Image generated in 23253ms: /uploads/sd-generated/7cd193a4-fb86-47c1-9956-b13fe64b27d3.png
2025-11-25 19:27:36 [INFO] ✅ Loaded route: /api/auth
2025-11-25 19:27:36 [INFO] ✅ Loaded route: /api/dreams
2025-11-25 19:27:36 [INFO] ✅ Loaded route: /api/chatbot
2025-11-25 19:27:36 [INFO] ✅ Loaded route: /api/dream-diary
2025-11-25 19:27:36 [INFO] ✅ Loaded route: /api/sd
2025-11-25 19:27:36 [INFO] ✅ Loaded route: /api/community
2025-11-25 19:27:36 [INFO] ✅ Loaded route: /api/feedback
2025-11-25 19:27:36 [INFO] ✅ Loaded route: /api/analytics
2025-11-25 19:27:36 [INFO] ✅ Loaded route: /api/dream-diary/lifestyle
2025-11-25 19:27:36 [INFO] ✅ Loaded route: /api/recent-activity
2025-11-25 19:27:36 [INFO] ✅ Loaded route: /api/activity
2025-11-25 19:27:36 [INFO] ✅ Loaded route: /api/generate-image
2025-11-25 19:27:36 [INFO] ✅ Backend Running on localhost:5000
2025-11-25 19:27:36 [INFO] 🌐 Access at: http://localhost:5000
2025-11-25 19:27:36 [INFO] ✅ MongoDB Connected Successfully (Local)
2025-11-25 19:27:36 [INFO] ✅ Database initialized
2025-11-25 19:30:43 [INFO] ✅ Loaded route: /api/auth
2025-11-25 19:30:43 [INFO] ✅ Loaded route: /api/dreams
2025-11-25 19:30:43 [INFO] ✅ Loaded route: /api/chatbot
2025-11-25 19:30:43 [INFO] ✅ Loaded route: /api/dream-diary
2025-11-25 19:30:43 [INFO] ✅ Loaded route: /api/sd
2025-11-25 19:30:43 [INFO] ✅ Loaded route: /api/community
2025-11-25 19:30:43 [INFO] ✅ Loaded route: /api/feedback
2025-11-25 19:30:43 [INFO] ✅ Loaded route: /api/analytics
2025-11-25 19:30:43 [INFO] ✅ Loaded route: /api/dream-diary/lifestyle
2025-11-25 19:30:43 [INFO] ✅ Loaded route: /api/recent-activity
2025-11-25 19:30:43 [INFO] ✅ Loaded route: /api/activity
2025-11-25 19:30:43 [INFO] ✅ Loaded route: /api/generate-image
2025-11-25 19:30:43 [INFO] ✅ Backend Running on localhost:5000
2025-11-25 19:30:43 [INFO] 🌐 Access at: http://localhost:5000
2025-11-25 19:30:43 [INFO] ✅ MongoDB Connected Successfully (Local)
2025-11-25 19:30:43 [INFO] ✅ Database initialized
2025-11-25 19:34:14 [INFO] ✅ Loaded route: /api/auth
2025-11-25 19:34:14 [INFO] ✅ Loaded route: /api/dreams
2025-11-25 19:34:14 [INFO] ✅ Loaded route: /api/chatbot
2025-11-25 19:34:14 [INFO] ✅ Loaded route: /api/dream-diary
2025-11-25 19:34:14 [INFO] ✅ Loaded route: /api/sd
2025-11-25 19:34:14 [INFO] ✅ Loaded route: /api/community
2025-11-25 19:34:14 [INFO] ✅ Loaded route: /api/feedback
2025-11-25 19:34:14 [INFO] ✅ Loaded route: /api/analytics
2025-11-25 19:34:14 [INFO] ✅ Loaded route: /api/dream-diary/lifestyle
2025-11-25 19:34:14 [INFO] ✅ Loaded route: /api/recent-activity
2025-11-25 19:34:14 [INFO] ✅ Loaded route: /api/activity
2025-11-25 19:34:14 [INFO] ✅ Loaded route: /api/generate-image
2025-11-25 19:34:14 [INFO] ✅ Backend Running on localhost:5000
2025-11-25 19:34:14 [INFO] 🌐 Access at: http://localhost:5000
2025-11-25 19:34:14 [INFO] ✅ MongoDB Connected Successfully (Local)
2025-11-25 19:34:14 [INFO] ✅ Database initialized
2025-11-25 19:37:40 [INFO] ✅ Loaded route: /api/auth
2025-11-25 19:37:41 [INFO] ✅ Loaded route: /api/dreams
2025-11-25 19:37:41 [INFO] ✅ Loaded route: /api/chatbot
2025-11-25 19:37:41 [INFO] ✅ Loaded route: /api/dream-diary
2025-11-25 19:37:41 [INFO] ✅ Loaded route: /api/sd
2025-11-25 19:37:41 [INFO] ✅ Loaded route: /api/community
2025-11-25 19:37:41 [INFO] ✅ Loaded route: /api/feedback
2025-11-25 19:37:41 [INFO] ✅ Loaded route: /api/analytics
2025-11-25 19:37:41 [INFO] ✅ Loaded route: /api/dream-diary/lifestyle
2025-11-25 19:37:41 [INFO] ✅ Loaded route: /api/recent-activity
2025-11-25 19:37:41 [INFO] ✅ Loaded route: /api/activity
2025-11-25 19:37:41 [INFO] ✅ Loaded route: /api/generate-image
2025-11-25 19:37:41 [INFO] ✅ Backend Running on localhost:5000
2025-11-25 19:37:41 [INFO] 🌐 Access at: http://localhost:5000
2025-11-25 19:37:41 [INFO] ✅ MongoDB Connected Successfully (Local)
2025-11-25 19:37:41 [INFO] ✅ Database initialized
2025-11-25 19:43:22 [INFO] ✅ Loaded route: /api/auth
2025-11-25 19:43:22 [INFO] ✅ Loaded route: /api/dreams
2025-11-25 19:43:22 [INFO] ✅ Loaded route: /api/chatbot
2025-11-25 19:43:22 [INFO] ✅ Loaded route: /api/dream-diary
2025-11-25 19:43:22 [INFO] ✅ Loaded route: /api/sd
2025-11-25 19:43:22 [INFO] ✅ Loaded route: /api/community
2025-11-25 19:43:22 [INFO] ✅ Loaded route: /api/feedback
2025-11-25 19:43:22 [INFO] ✅ Loaded route: /api/analytics
2025-11-25 19:43:22 [INFO] ✅ Loaded route: /api/dream-diary/lifestyle
2025-11-25 19:43:22 [INFO] ✅ Loaded route: /api/recent-activity
2025-11-25 19:43:22 [INFO] ✅ Loaded route: /api/activity
2025-11-25 19:43:22 [INFO] ✅ Loaded route: /api/generate-image
2025-11-25 19:43:22 [INFO] ✅ Backend Running on localhost:5000
2025-11-25 19:43:22 [INFO] 🌐 Access at: http://localhost:5000
2025-11-25 19:43:22 [INFO] ✅ MongoDB Connected Successfully (Local)
2025-11-25 19:43:22 [INFO] ✅ Database initialized
2025-11-25 20:12:18 [INFO] ✅ Loaded route: /api/auth
2025-11-25 20:12:19 [INFO] ✅ Loaded route: /api/dreams
2025-11-25 20:12:19 [INFO] ✅ Loaded route: /api/chatbot
2025-11-25 20:12:19 [INFO] ✅ Loaded route: /api/dream-diary
2025-11-25 20:12:19 [INFO] ✅ Loaded route: /api/sd
2025-11-25 20:12:19 [INFO] ✅ Loaded route: /api/community
2025-11-25 20:12:19 [INFO] ✅ Loaded route: /api/feedback
2025-11-25 20:12:19 [INFO] ✅ Loaded route: /api/analytics
2025-11-25 20:12:19 [INFO] ✅ Loaded route: /api/dream-diary/lifestyle
2025-11-25 20:12:19 [INFO] ✅ Loaded route: /api/recent-activity
2025-11-25 20:12:19 [INFO] ✅ Loaded route: /api/activity
2025-11-25 20:12:19 [INFO] ✅ Loaded route: /api/generate-image
2025-11-25 20:12:19 [INFO] ✅ Backend Running on localhost:5000
2025-11-25 20:12:19 [INFO] 🌐 Access at: http://localhost:5000
2025-11-25 20:12:19 [INFO] ✅ MongoDB Connected Successfully (Local)
2025-11-25 20:12:19 [INFO] ✅ Database initialized
2025-11-25 20:16:19 [INFO] ✅ Loaded route: /api/auth
2025-11-25 20:16:20 [INFO] ✅ Loaded route: /api/dreams
2025-11-25 20:16:20 [INFO] ✅ Loaded route: /api/chatbot
2025-11-25 20:16:20 [INFO] ✅ Loaded route: /api/dream-diary
2025-11-25 20:16:20 [INFO] ✅ Loaded route: /api/sd
2025-11-25 20:16:20 [INFO] ✅ Loaded route: /api/community
2025-11-25 20:16:20 [INFO] ✅ Loaded route: /api/feedback
2025-11-25 20:16:20 [INFO] ✅ Loaded route: /api/analytics
2025-11-25 20:16:20 [INFO] ✅ Loaded route: /api/dream-diary/lifestyle
2025-11-25 20:16:20 [INFO] ✅ Loaded route: /api/recent-activity
2025-11-25 20:16:20 [INFO] ✅ Loaded route: /api/activity
2025-11-25 20:16:20 [INFO] ✅ Loaded route: /api/generate-image
2025-11-25 20:16:20 [INFO] ✅ Backend Running on localhost:5000
2025-11-25 20:16:20 [INFO] 🌐 Access at: http://localhost:5000
2025-11-25 20:16:20 [INFO] ✅ MongoDB Connected Successfully (Local)
2025-11-25 20:16:20 [INFO] ✅ Database initialized
2025-11-25 20:20:31 [INFO] ✅ Loaded route: /api/auth
2025-11-25 20:20:31 [INFO] ✅ Loaded route: /api/dreams
2025-11-25 20:20:31 [INFO] ✅ Loaded route: /api/chatbot
2025-11-25 20:20:31 [INFO] ✅ Loaded route: /api/dream-diary
2025-11-25 20:20:31 [INFO] ✅ Loaded route: /api/sd
2025-11-25 20:20:31 [INFO] ✅ Loaded route: /api/community
2025-11-25 20:20:31 [INFO] ✅ Loaded route: /api/feedback
2025-11-25 20:20:31 [INFO] ✅ Loaded route: /api/analytics
2025-11-25 20:20:31 [INFO] ✅ Loaded route: /api/dream-diary/lifestyle
2025-11-25 20:20:31 [INFO] ✅ Loaded route: /api/recent-activity
2025-11-25 20:20:31 [INFO] ✅ Loaded route: /api/activity
2025-11-25 20:20:31 [INFO] ✅ Loaded route: /api/generate-image
2025-11-25 20:20:31 [INFO] ✅ Backend Running on localhost:5000
2025-11-25 20:20:31 [INFO] 🌐 Access at: http://localhost:5000
2025-11-25 20:20:32 [INFO] ✅ MongoDB Connected Successfully (Local)
2025-11-25 20:20:32 [INFO] ✅ Database initialized
2025-11-25 20:35:00 [INFO] ✅ Loaded route: /api/auth
2025-11-25 20:35:00 [INFO] ✅ Loaded route: /api/dreams
2025-11-25 20:35:00 [INFO] ✅ Loaded route: /api/chatbot
2025-11-25 20:35:00 [INFO] ✅ Loaded route: /api/dream-diary
2025-11-25 20:35:00 [INFO] ✅ Loaded route: /api/sd
2025-11-25 20:35:00 [INFO] ✅ Loaded route: /api/community
2025-11-25 20:35:00 [INFO] ✅ Loaded route: /api/feedback
2025-11-25 20:35:00 [INFO] ✅ Loaded route: /api/analytics
2025-11-25 20:35:00 [INFO] ✅ Loaded route: /api/dream-diary/lifestyle
2025-11-25 20:35:00 [INFO] ✅ Loaded route: /api/recent-activity
2025-11-25 20:35:00 [INFO] ✅ Loaded route: /api/activity
2025-11-25 20:35:00 [INFO] ✅ Loaded route: /api/generate-image
2025-11-25 20:35:00 [INFO] ✅ Backend Running on localhost:5000
2025-11-25 20:35:00 [INFO] 🌐 Access at: http://localhost:5000
2025-11-25 20:35:00 [INFO] ✅ MongoDB Connected Successfully (Local)
2025-11-25 20:35:00 [INFO] ✅ Database initialized
2025-11-25 20:38:49 [INFO] ✅ Loaded route: /api/auth
2025-11-25 20:38:50 [INFO] ✅ Loaded route: /api/dreams
2025-11-25 20:38:50 [INFO] ✅ Loaded route: /api/chatbot
2025-11-25 20:38:50 [INFO] ✅ Loaded route: /api/dream-diary
2025-11-25 20:38:50 [INFO] ✅ Loaded route: /api/sd
2025-11-25 20:38:50 [INFO] ✅ Loaded route: /api/community
2025-11-25 20:38:50 [INFO] ✅ Loaded route: /api/feedback
2025-11-25 20:38:50 [INFO] ✅ Loaded route: /api/analytics
2025-11-25 20:38:50 [INFO] ✅ Loaded route: /api/dream-diary/lifestyle
2025-11-25 20:38:50 [INFO] ✅ Loaded route: /api/recent-activity
2025-11-25 20:38:50 [INFO] ✅ Loaded route: /api/activity
2025-11-25 20:38:50 [INFO] ✅ Loaded route: /api/generate-image
2025-11-25 20:38:50 [INFO] ✅ Backend Running on localhost:5000
2025-11-25 20:38:50 [INFO] 🌐 Access at: http://localhost:5000
2025-11-25 20:38:50 [INFO] ✅ MongoDB Connected Successfully (Local)
2025-11-25 20:38:50 [INFO] ✅ Database initialized
2025-11-25 20:43:04 [INFO] ✅ Loaded route: /api/auth
2025-11-25 20:43:05 [INFO] ✅ Loaded route: /api/dreams
2025-11-25 20:43:05 [INFO] ✅ Loaded route: /api/chatbot
2025-11-25 20:43:05 [INFO] ✅ Loaded route: /api/dream-diary
2025-11-25 20:43:05 [INFO] ✅ Loaded route: /api/sd
2025-11-25 20:43:05 [INFO] ✅ Loaded route: /api/community
2025-11-25 20:43:05 [INFO] ✅ Loaded route: /api/feedback
2025-11-25 20:43:05 [INFO] ✅ Loaded route: /api/analytics
2025-11-25 20:43:05 [INFO] ✅ Loaded route: /api/dream-diary/lifestyle
2025-11-25 20:43:05 [INFO] ✅ Loaded route: /api/recent-activity
2025-11-25 20:43:05 [INFO] ✅ Loaded route: /api/activity
2025-11-25 20:43:05 [INFO] ✅ Loaded route: /api/generate-image
2025-11-25 20:43:05 [INFO] ✅ Backend Running on localhost:5000
2025-11-25 20:43:05 [INFO] 🌐 Access at: http://localhost:5000
2025-11-25 20:43:05 [INFO] ✅ MongoDB Connected Successfully (Local)
2025-11-25 20:43:05 [INFO] ✅ Database initialized
2025-11-25 20:52:18 [INFO] ✅ Loaded route: /api/auth
2025-11-25 20:52:18 [INFO] ✅ Loaded route: /api/dreams
2025-11-25 20:52:18 [INFO] ✅ Loaded route: /api/chatbot
2025-11-25 20:52:18 [INFO] ✅ Loaded route: /api/dream-diary
2025-11-25 20:52:18 [INFO] ✅ Loaded route: /api/sd
2025-11-25 20:52:18 [INFO] ✅ Loaded route: /api/community
2025-11-25 20:52:18 [INFO] ✅ Loaded route: /api/feedback
2025-11-25 20:52:18 [INFO] ✅ Loaded route: /api/analytics
2025-11-25 20:52:18 [INFO] ✅ Loaded route: /api/dream-diary/lifestyle
2025-11-25 20:52:18 [INFO] ✅ Loaded route: /api/recent-activity
2025-11-25 20:52:18 [INFO] ✅ Loaded route: /api/activity
2025-11-25 20:52:18 [INFO] ✅ Loaded route: /api/generate-image
2025-11-25 20:52:18 [INFO] ✅ Backend Running on localhost:5000
2025-11-25 20:52:18 [INFO] 🌐 Access at: http://localhost:5000
2025-11-25 20:52:18 [INFO] ✅ MongoDB Connected Successfully (Local)
2025-11-25 20:52:18 [INFO] ✅ Database initialized
2025-11-25 21:25:26 [INFO] ✅ Loaded route: /api/auth
2025-11-25 21:25:26 [INFO] ✅ Loaded route: /api/dreams
2025-11-25 21:25:26 [INFO] ✅ Loaded route: /api/chatbot
2025-11-25 21:25:26 [INFO] ✅ Loaded route: /api/dream-diary
2025-11-25 21:25:26 [INFO] ✅ Loaded route: /api/sd
2025-11-25 21:25:26 [INFO] ✅ Loaded route: /api/community
2025-11-25 21:25:26 [INFO] ✅ Loaded route: /api/feedback
2025-11-25 21:25:26 [INFO] ✅ Loaded route: /api/analytics
2025-11-25 21:25:26 [INFO] ✅ Loaded route: /api/dream-diary/lifestyle
2025-11-25 21:25:26 [INFO] ✅ Loaded route: /api/recent-activity
2025-11-25 21:25:26 [INFO] ✅ Loaded route: /api/activity
2025-11-25 21:25:26 [INFO] ✅ Loaded route: /api/generate-image
2025-11-25 21:25:26 [INFO] ✅ Backend Running on localhost:5000
2025-11-25 21:25:26 [INFO] 🌐 Access at: http://localhost:5000
2025-11-25 21:25:26 [INFO] ✅ MongoDB Connected Successfully (Local)
2025-11-25 21:25:26 [INFO] ✅ Database initialized
2025-11-25 21:30:22 [INFO] ✅ Loaded route: /api/auth
2025-11-25 21:30:22 [INFO] ✅ Loaded route: /api/dreams
2025-11-25 21:30:22 [INFO] ✅ Loaded route: /api/chatbot
2025-11-25 21:30:22 [INFO] ✅ Loaded route: /api/dream-diary
2025-11-25 21:30:22 [INFO] ✅ Loaded route: /api/sd
2025-11-25 21:30:22 [INFO] ✅ Loaded route: /api/community
2025-11-25 21:30:22 [INFO] ✅ Loaded route: /api/feedback
2025-11-25 21:30:22 [INFO] ✅ Loaded route: /api/analytics
2025-11-25 21:30:22 [INFO] ✅ Loaded route: /api/dream-diary/lifestyle
2025-11-25 21:30:22 [INFO] ✅ Loaded route: /api/recent-activity
2025-11-25 21:30:22 [INFO] ✅ Loaded route: /api/activity
2025-11-25 21:30:22 [INFO] ✅ Loaded route: /api/generate-image
2025-11-25 21:30:22 [INFO] ✅ Backend Running on localhost:5000
2025-11-25 21:30:22 [INFO] 🌐 Access at: http://localhost:5000
2025-11-25 21:30:22 [INFO] ✅ MongoDB Connected Successfully (Local)
2025-11-25 21:30:22 [INFO] ✅ Database initialized
2025-11-25 21:33:36 [INFO] ✅ Loaded route: /api/auth
2025-11-25 21:33:36 [INFO] ✅ Loaded route: /api/dreams
2025-11-25 21:33:36 [INFO] ✅ Loaded route: /api/chatbot
2025-11-25 21:33:36 [INFO] ✅ Loaded route: /api/dream-diary
2025-11-25 21:33:36 [INFO] ✅ Loaded route: /api/sd
2025-11-25 21:33:36 [INFO] ✅ Loaded route: /api/community
2025-11-25 21:33:36 [INFO] ✅ Loaded route: /api/feedback
2025-11-25 21:33:36 [INFO] ✅ Loaded route: /api/analytics
2025-11-25 21:33:36 [INFO] ✅ Loaded route: /api/dream-diary/lifestyle
2025-11-25 21:33:36 [INFO] ✅ Loaded route: /api/recent-activity
2025-11-25 21:33:36 [INFO] ✅ Loaded route: /api/activity
2025-11-25 21:33:36 [INFO] ✅ Loaded route: /api/generate-image
2025-11-25 21:33:36 [INFO] ✅ Backend Running on localhost:5000
2025-11-25 21:33:36 [INFO] 🌐 Access at: http://localhost:5000
2025-11-25 21:33:36 [INFO] ✅ MongoDB Connected Successfully (Local)
2025-11-25 21:33:36 [INFO] ✅ Database initialized
2025-11-25 21:44:37 [INFO] ✅ Loaded route: /api/auth
2025-11-25 21:44:37 [INFO] ✅ Loaded route: /api/dreams
2025-11-25 21:44:37 [INFO] ✅ Loaded route: /api/chatbot
2025-11-25 21:44:37 [INFO] ✅ Loaded route: /api/dream-diary
2025-11-25 21:44:37 [INFO] ✅ Loaded route: /api/sd
2025-11-25 21:44:37 [INFO] ✅ Loaded route: /api/community
2025-11-25 21:44:37 [INFO] ✅ Loaded route: /api/feedback
2025-11-25 21:44:37 [INFO] ✅ Loaded route: /api/analytics
2025-11-25 21:44:37 [INFO] ✅ Loaded route: /api/dream-diary/lifestyle
2025-11-25 21:44:37 [INFO] ✅ Loaded route: /api/recent-activity
2025-11-25 21:44:37 [INFO] ✅ Loaded route: /api/activity
2025-11-25 21:44:37 [INFO] ✅ Loaded route: /api/generate-image
2025-11-25 21:44:37 [INFO] ✅ Backend Running on localhost:5000
2025-11-25 21:44:37 [INFO] 🌐 Access at: http://localhost:5000
2025-11-25 21:44:37 [INFO] ✅ MongoDB Connected Successfully (Local)
2025-11-25 21:44:37 [INFO] ✅ Database initialized
2025-11-25 21:57:53 [INFO] ✅ Loaded route: /api/auth
2025-11-25 21:57:53 [INFO] ✅ Loaded route: /api/dreams
2025-11-25 21:57:53 [INFO] ✅ Loaded route: /api/chatbot
2025-11-25 21:57:54 [INFO] ✅ Loaded route: /api/dream-diary
2025-11-25 21:57:54 [INFO] ✅ Loaded route: /api/sd
2025-11-25 21:57:54 [INFO] ✅ Loaded route: /api/community
2025-11-25 21:57:54 [INFO] ✅ Loaded route: /api/feedback
2025-11-25 21:57:54 [INFO] ✅ Loaded route: /api/analytics
2025-11-25 21:57:54 [INFO] ✅ Loaded route: /api/dream-diary/lifestyle
2025-11-25 21:57:54 [INFO] ✅ Loaded route: /api/recent-activity
2025-11-25 21:57:54 [INFO] ✅ Loaded route: /api/activity
2025-11-25 21:57:54 [INFO] ✅ Loaded route: /api/generate-image
2025-11-25 21:57:54 [INFO] ✅ Backend Running on localhost:5000
2025-11-25 21:57:54 [INFO] 🌐 Access at: http://localhost:5000
2025-11-25 21:57:54 [INFO] ✅ MongoDB Connected Successfully (Local)
2025-11-25 21:57:54 [INFO] ✅ Database initialized
2025-11-25 21:59:54 [INFO] ✅ Loaded route: /api/auth
2025-11-25 21:59:54 [INFO] ✅ Loaded route: /api/dreams
2025-11-25 21:59:54 [INFO] ✅ Loaded route: /api/chatbot
2025-11-25 21:59:54 [INFO] ✅ Loaded route: /api/dream-diary
2025-11-25 21:59:54 [INFO] ✅ Loaded route: /api/sd
2025-11-25 21:59:54 [INFO] ✅ Loaded route: /api/community
2025-11-25 21:59:54 [INFO] ✅ Loaded route: /api/feedback
2025-11-25 21:59:54 [INFO] ✅ Loaded route: /api/analytics
2025-11-25 21:59:54 [INFO] ✅ Loaded route: /api/dream-diary/lifestyle
2025-11-25 21:59:54 [INFO] ✅ Loaded route: /api/recent-activity
2025-11-25 21:59:54 [INFO] ✅ Loaded route: /api/activity
2025-11-25 21:59:54 [INFO] ✅ Loaded route: /api/generate-image
2025-11-25 21:59:54 [INFO] ✅ Backend Running on localhost:5000
2025-11-25 21:59:54 [INFO] 🌐 Access at: http://localhost:5000
2025-11-25 21:59:54 [INFO] ✅ MongoDB Connected Successfully (Local)
2025-11-25 21:59:54 [INFO] ✅ Database initialized
2025-11-25 22:06:11 [INFO] ✅ Loaded route: /api/auth
2025-11-25 22:06:11 [INFO] ✅ Loaded route: /api/dreams
2025-11-25 22:06:11 [INFO] ✅ Loaded route: /api/chatbot
2025-11-25 22:06:12 [INFO] ✅ Loaded route: /api/dream-diary
2025-11-25 22:06:12 [INFO] ✅ Loaded route: /api/sd
2025-11-25 22:06:12 [INFO] ✅ Loaded route: /api/community
2025-11-25 22:06:12 [INFO] ✅ Loaded route: /api/feedback
2025-11-25 22:06:12 [INFO] ✅ Loaded route: /api/analytics
2025-11-25 22:06:12 [INFO] ✅ Loaded route: /api/dream-diary/lifestyle
2025-11-25 22:06:12 [INFO] ✅ Loaded route: /api/recent-activity
2025-11-25 22:06:12 [INFO] ✅ Loaded route: /api/activity
2025-11-25 22:06:12 [INFO] ✅ Loaded route: /api/generate-image
2025-11-25 22:06:12 [INFO] ✅ Backend Running on localhost:5000
2025-11-25 22:06:12 [INFO] 🌐 Access at: http://localhost:5000
2025-11-25 22:06:12 [INFO] ✅ MongoDB Connected Successfully (Local)
2025-11-25 22:06:12 [INFO] ✅ Database initialized
2025-11-25 22:12:16 [INFO] ✅ Loaded route: /api/auth
2025-11-25 22:12:16 [INFO] ✅ Loaded route: /api/dreams
2025-11-25 22:12:16 [INFO] ✅ Loaded route: /api/chatbot
2025-11-25 22:12:16 [INFO] ✅ Loaded route: /api/dream-diary
2025-11-25 22:12:16 [INFO] ✅ Loaded route: /api/sd
2025-11-25 22:12:16 [INFO] ✅ Loaded route: /api/community
2025-11-25 22:12:16 [INFO] ✅ Loaded route: /api/feedback
2025-11-25 22:12:16 [INFO] ✅ Loaded route: /api/analytics
2025-11-25 22:12:16 [INFO] ✅ Loaded route: /api/dream-diary/lifestyle
2025-11-25 22:12:16 [INFO] ✅ Loaded route: /api/recent-activity
2025-11-25 22:12:16 [INFO] ✅ Loaded route: /api/activity
2025-11-25 22:12:16 [INFO] ✅ Loaded route: /api/generate-image
2025-11-25 22:12:17 [INFO] ✅ Backend Running on localhost:5000
2025-11-25 22:12:17 [INFO] 🌐 Access at: http://localhost:5000
2025-11-25 22:12:17 [INFO] ✅ MongoDB Connected Successfully (Local)
2025-11-25 22:12:17 [INFO] ✅ Database initialized
2025-11-25 22:24:21 [INFO] ✅ Loaded route: /api/auth
2025-11-25 22:24:21 [INFO] ✅ Loaded route: /api/dreams
2025-11-25 22:24:21 [INFO] ✅ Loaded route: /api/chatbot
2025-11-25 22:24:21 [INFO] ✅ Loaded route: /api/dream-diary
2025-11-25 22:24:21 [INFO] ✅ Loaded route: /api/sd
2025-11-25 22:24:21 [INFO] ✅ Loaded route: /api/community
2025-11-25 22:24:21 [INFO] ✅ Loaded route: /api/feedback
2025-11-25 22:24:21 [INFO] ✅ Loaded route: /api/analytics
2025-11-25 22:24:21 [INFO] ✅ Loaded route: /api/dream-diary/lifestyle
2025-11-25 22:24:21 [INFO] ✅ Loaded route: /api/recent-activity
2025-11-25 22:24:21 [INFO] ✅ Loaded route: /api/activity
2025-11-25 22:24:21 [INFO] ✅ Loaded route: /api/generate-image
2025-11-25 22:24:21 [INFO] ✅ Backend Running on localhost:5000
2025-11-25 22:24:21 [INFO] 🌐 Access at: http://localhost:5000
2025-11-25 22:24:21 [INFO] ✅ MongoDB Connected Successfully (Local)
2025-11-25 22:24:21 [INFO] ✅ Database initialized
2025-11-25 22:29:01 [INFO] ✅ Loaded route: /api/auth
2025-11-25 22:29:02 [INFO] ✅ Loaded route: /api/dreams
2025-11-25 22:29:02 [INFO] ✅ Loaded route: /api/chatbot
2025-11-25 22:29:02 [INFO] ✅ Loaded route: /api/dream-diary
2025-11-25 22:29:02 [INFO] ✅ Loaded route: /api/sd
2025-11-25 22:29:02 [INFO] ✅ Loaded route: /api/community
2025-11-25 22:29:02 [INFO] ✅ Loaded route: /api/feedback
2025-11-25 22:29:02 [INFO] ✅ Loaded route: /api/analytics
2025-11-25 22:29:02 [INFO] ✅ Loaded route: /api/dream-diary/lifestyle
2025-11-25 22:29:02 [INFO] ✅ Loaded route: /api/recent-activity
2025-11-25 22:29:02 [INFO] ✅ Loaded route: /api/activity
2025-11-25 22:29:02 [INFO] ✅ Loaded route: /api/generate-image
2025-11-25 22:29:02 [INFO] ✅ Backend Running on localhost:5000
2025-11-25 22:29:02 [INFO] 🌐 Access at: http://localhost:5000
2025-11-25 22:29:02 [INFO] ✅ MongoDB Connected Successfully (Local)
2025-11-25 22:29:02 [INFO] ✅ Database initialized
2025-11-25 22:33:06 [INFO] ✅ Loaded route: /api/auth
2025-11-25 22:33:07 [INFO] ✅ Loaded route: /api/dreams
2025-11-25 22:33:07 [INFO] ✅ Loaded route: /api/chatbot
2025-11-25 22:33:07 [INFO] ✅ Loaded route: /api/dream-diary
2025-11-25 22:33:07 [INFO] ✅ Loaded route: /api/sd
2025-11-25 22:33:07 [INFO] ✅ Loaded route: /api/community
2025-11-25 22:33:07 [INFO] ✅ Loaded route: /api/feedback
2025-11-25 22:33:07 [INFO] ✅ Loaded route: /api/analytics
2025-11-25 22:33:07 [INFO] ✅ Loaded route: /api/dream-diary/lifestyle
2025-11-25 22:33:07 [INFO] ✅ Loaded route: /api/recent-activity
2025-11-25 22:33:07 [INFO] ✅ Loaded route: /api/activity
2025-11-25 22:33:07 [INFO] ✅ Loaded route: /api/generate-image
2025-11-25 22:33:07 [INFO] ✅ Backend Running on localhost:5000
2025-11-25 22:33:07 [INFO] 🌐 Access at: http://localhost:5000
2025-11-25 22:33:07 [INFO] ✅ MongoDB Connected Successfully (Local)
2025-11-25 22:33:07 [INFO] ✅ Database initialized
2025-11-25 22:50:44 [INFO] ✅ Loaded route: /api/auth
2025-11-25 22:50:45 [INFO] ✅ Loaded route: /api/dreams
2025-11-25 22:50:45 [INFO] ✅ Loaded route: /api/chatbot
2025-11-25 22:50:45 [INFO] ✅ Loaded route: /api/dream-diary
2025-11-25 22:50:45 [INFO] ✅ Loaded route: /api/sd
2025-11-25 22:50:45 [INFO] ✅ Loaded route: /api/community
2025-11-25 22:50:45 [INFO] ✅ Loaded route: /api/feedback
2025-11-25 22:50:45 [INFO] ✅ Loaded route: /api/analytics
2025-11-25 22:50:45 [INFO] ✅ Loaded route: /api/dream-diary/lifestyle
2025-11-25 22:50:45 [INFO] ✅ Loaded route: /api/recent-activity
2025-11-25 22:50:45 [INFO] ✅ Loaded route: /api/activity
2025-11-25 22:50:45 [INFO] ✅ Loaded route: /api/generate-image
2025-11-25 22:50:45 [INFO] ✅ Backend Running on localhost:5000
2025-11-25 22:50:45 [INFO] 🌐 Access at: http://localhost:5000
2025-11-25 22:50:45 [INFO] ✅ MongoDB Connected Successfully (Local)
2025-11-25 22:50:45 [INFO] ✅ Database initialized
2025-11-25 22:55:28 [INFO] ✅ Loaded route: /api/auth
2025-11-25 22:55:28 [INFO] ✅ Loaded route: /api/dreams
2025-11-25 22:55:28 [INFO] ✅ Loaded route: /api/chatbot
2025-11-25 22:55:28 [INFO] ✅ Loaded route: /api/dream-diary
2025-11-25 22:55:28 [INFO] ✅ Loaded route: /api/sd
2025-11-25 22:55:28 [INFO] ✅ Loaded route: /api/community
2025-11-25 22:55:28 [INFO] ✅ Loaded route: /api/feedback
2025-11-25 22:55:28 [INFO] ✅ Loaded route: /api/analytics
2025-11-25 22:55:28 [INFO] ✅ Loaded route: /api/dream-diary/lifestyle
2025-11-25 22:55:28 [INFO] ✅ Loaded route: /api/recent-activity
2025-11-25 22:55:28 [INFO] ✅ Loaded route: /api/activity
2025-11-25 22:55:28 [INFO] ✅ Loaded route: /api/generate-image
2025-11-25 22:55:28 [INFO] ✅ Backend Running on localhost:5000
2025-11-25 22:55:28 [INFO] 🌐 Access at: http://localhost:5000
2025-11-25 22:55:28 [INFO] ✅ MongoDB Connected Successfully (Local)
2025-11-25 22:55:28 [INFO] ✅ Database initialized
2025-11-25 22:57:56 [INFO] ✅ Loaded route: /api/auth
2025-11-25 22:57:56 [INFO] ✅ Loaded route: /api/dreams
2025-11-25 22:57:56 [INFO] ✅ Loaded route: /api/chatbot
2025-11-25 22:57:56 [INFO] ✅ Loaded route: /api/dream-diary
2025-11-25 22:57:56 [INFO] ✅ Loaded route: /api/sd
2025-11-25 22:57:56 [INFO] ✅ Loaded route: /api/community
2025-11-25 22:57:56 [INFO] ✅ Loaded route: /api/feedback
2025-11-25 22:57:56 [INFO] ✅ Loaded route: /api/analytics
2025-11-25 22:57:56 [INFO] ✅ Loaded route: /api/dream-diary/lifestyle
2025-11-25 22:57:56 [INFO] ✅ Loaded route: /api/recent-activity
2025-11-25 22:57:56 [INFO] ✅ Loaded route: /api/activity
2025-11-25 22:57:56 [INFO] ✅ Loaded route: /api/generate-image
2025-11-25 22:57:56 [INFO] ✅ Backend Running on localhost:5000
2025-11-25 22:57:56 [INFO] 🌐 Access at: http://localhost:5000
2025-11-25 22:57:56 [INFO] ✅ MongoDB Connected Successfully (Local)
2025-11-25 22:57:56 [INFO] ✅ Database initialized
2025-11-25 23:01:57 [INFO] ✅ Loaded route: /api/auth
2025-11-25 23:01:57 [INFO] ✅ Loaded route: /api/dreams
2025-11-25 23:01:57 [INFO] ✅ Loaded route: /api/chatbot
2025-11-25 23:01:58 [INFO] ✅ Loaded route: /api/dream-diary
2025-11-25 23:01:58 [INFO] ✅ Loaded route: /api/sd
2025-11-25 23:01:58 [INFO] ✅ Loaded route: /api/community
2025-11-25 23:01:58 [INFO] ✅ Loaded route: /api/feedback
2025-11-25 23:01:58 [INFO] ✅ Loaded route: /api/analytics
2025-11-25 23:01:58 [INFO] ✅ Loaded route: /api/dream-diary/lifestyle
2025-11-25 23:01:58 [INFO] ✅ Loaded route: /api/recent-activity
2025-11-25 23:01:58 [INFO] ✅ Loaded route: /api/activity
2025-11-25 23:01:58 [INFO] ✅ Loaded route: /api/generate-image
2025-11-25 23:01:58 [INFO] ✅ Backend Running on localhost:5000
2025-11-25 23:01:58 [INFO] 🌐 Access at: http://localhost:5000
2025-11-25 23:01:58 [INFO] ✅ MongoDB Connected Successfully (Local)
2025-11-25 23:01:58 [INFO] ✅ Database initialized
2025-11-25 23:06:21 [INFO] ✅ Loaded route: /api/auth
2025-11-25 23:06:21 [INFO] ✅ Loaded route: /api/dreams
2025-11-25 23:06:21 [INFO] ✅ Loaded route: /api/chatbot
2025-11-25 23:06:21 [INFO] ✅ Loaded route: /api/dream-diary
2025-11-25 23:06:21 [INFO] ✅ Loaded route: /api/sd
2025-11-25 23:06:21 [INFO] ✅ Loaded route: /api/community
2025-11-25 23:06:21 [INFO] ✅ Loaded route: /api/feedback
2025-11-25 23:06:21 [INFO] ✅ Loaded route: /api/analytics
2025-11-25 23:06:21 [INFO] ✅ Loaded route: /api/dream-diary/lifestyle
2025-11-25 23:06:21 [INFO] ✅ Loaded route: /api/recent-activity
2025-11-25 23:06:21 [INFO] ✅ Loaded route: /api/activity
2025-11-25 23:06:21 [INFO] ✅ Loaded route: /api/generate-image
2025-11-25 23:06:21 [INFO] ✅ Backend Running on localhost:5000
2025-11-25 23:06:21 [INFO] 🌐 Access at: http://localhost:5000
2025-11-25 23:06:21 [INFO] ✅ MongoDB Connected Successfully (Local)
2025-11-25 23:06:21 [INFO] ✅ Database initialized
2025-11-25 23:09:18 [INFO] ✅ Loaded route: /api/auth
2025-11-25 23:09:18 [INFO] ✅ Loaded route: /api/dreams
2025-11-25 23:09:18 [INFO] ✅ Loaded route: /api/chatbot
2025-11-25 23:09:18 [INFO] ✅ Loaded route: /api/dream-diary
2025-11-25 23:09:18 [INFO] ✅ Loaded route: /api/sd
2025-11-25 23:09:18 [INFO] ✅ Loaded route: /api/community
2025-11-25 23:09:18 [INFO] ✅ Loaded route: /api/feedback
2025-11-25 23:09:18 [INFO] ✅ Loaded route: /api/analytics
2025-11-25 23:09:18 [INFO] ✅ Loaded route: /api/dream-diary/lifestyle
2025-11-25 23:09:18 [INFO] ✅ Loaded route: /api/recent-activity
2025-11-25 23:09:18 [INFO] ✅ Loaded route: /api/activity
2025-11-25 23:09:18 [INFO] ✅ Loaded route: /api/generate-image
2025-11-25 23:09:18 [INFO] ✅ Backend Running on localhost:5000
2025-11-25 23:09:18 [INFO] 🌐 Access at: http://localhost:5000
2025-11-25 23:09:18 [INFO] ✅ MongoDB Connected Successfully (Local)
2025-11-25 23:09:18 [INFO] ✅ Database initialized
2025-11-25 23:13:22 [INFO] ✅ Loaded route: /api/auth
2025-11-25 23:13:22 [INFO] ✅ Loaded route: /api/dreams
2025-11-25 23:13:22 [INFO] ✅ Loaded route: /api/chatbot
2025-11-25 23:13:22 [INFO] ✅ Loaded route: /api/dream-diary
2025-11-25 23:13:22 [INFO] ✅ Loaded route: /api/sd
2025-11-25 23:13:22 [INFO] ✅ Loaded route: /api/community
2025-11-25 23:13:22 [INFO] ✅ Loaded route: /api/feedback
2025-11-25 23:13:22 [INFO] ✅ Loaded route: /api/analytics
2025-11-25 23:13:22 [INFO] ✅ Loaded route: /api/dream-diary/lifestyle
2025-11-25 23:13:22 [INFO] ✅ Loaded route: /api/recent-activity
2025-11-25 23:13:22 [INFO] ✅ Loaded route: /api/activity
2025-11-25 23:13:22 [INFO] ✅ Loaded route: /api/generate-image
2025-11-25 23:13:22 [INFO] ✅ Backend Running on localhost:5000
2025-11-25 23:13:22 [INFO] 🌐 Access at: http://localhost:5000
2025-11-25 23:13:22 [INFO] ✅ MongoDB Connected Successfully (Local)
2025-11-25 23:13:22 [INFO] ✅ Database initialized
2025-11-25 23:16:42 [INFO] ✅ Loaded route: /api/auth
2025-11-25 23:16:43 [INFO] ✅ Loaded route: /api/dreams
2025-11-25 23:16:43 [INFO] ✅ Loaded route: /api/chatbot
2025-11-25 23:16:43 [INFO] ✅ Loaded route: /api/dream-diary
2025-11-25 23:16:43 [INFO] ✅ Loaded route: /api/sd
2025-11-25 23:16:43 [INFO] ✅ Loaded route: /api/community
2025-11-25 23:16:43 [INFO] ✅ Loaded route: /api/feedback
2025-11-25 23:16:43 [INFO] ✅ Loaded route: /api/analytics
2025-11-25 23:16:43 [INFO] ✅ Loaded route: /api/dream-diary/lifestyle
2025-11-25 23:16:43 [INFO] ✅ Loaded route: /api/recent-activity
2025-11-25 23:16:43 [INFO] ✅ Loaded route: /api/activity
2025-11-25 23:16:43 [INFO] ✅ Loaded route: /api/generate-image
2025-11-25 23:16:43 [INFO] ✅ Backend Running on localhost:5000
2025-11-25 23:16:43 [INFO] 🌐 Access at: http://localhost:5000
2025-11-25 23:16:43 [INFO] ✅ MongoDB Connected Successfully (Local)
2025-11-25 23:16:43 [INFO] ✅ Database initialized
2025-11-25 23:20:21 [INFO] ✅ Loaded route: /api/auth
2025-11-25 23:20:21 [INFO] ✅ Loaded route: /api/dreams
2025-11-25 23:20:21 [INFO] ✅ Loaded route: /api/chatbot
2025-11-25 23:20:21 [INFO] ✅ Loaded route: /api/dream-diary
2025-11-25 23:20:21 [INFO] ✅ Loaded route: /api/sd
2025-11-25 23:20:21 [INFO] ✅ Loaded route: /api/community
2025-11-25 23:20:21 [INFO] ✅ Loaded route: /api/feedback
2025-11-25 23:20:21 [INFO] ✅ Loaded route: /api/analytics
2025-11-25 23:20:21 [INFO] ✅ Loaded route: /api/dream-diary/lifestyle
2025-11-25 23:20:21 [INFO] ✅ Loaded route: /api/recent-activity
2025-11-25 23:20:21 [INFO] ✅ Loaded route: /api/activity
2025-11-25 23:20:21 [INFO] ✅ Loaded route: /api/generate-image
2025-11-25 23:20:21 [INFO] ✅ Backend Running on localhost:5000
2025-11-25 23:20:21 [INFO] 🌐 Access at: http://localhost:5000
2025-11-25 23:20:21 [INFO] ✅ MongoDB Connected Successfully (Local)
2025-11-25 23:20:21 [INFO] ✅ Database initialized
2025-11-25 23:24:04 [INFO] ✅ Loaded route: /api/auth
2025-11-25 23:24:04 [INFO] ✅ Loaded route: /api/dreams
2025-11-25 23:24:04 [INFO] ✅ Loaded route: /api/chatbot
2025-11-25 23:24:04 [INFO] ✅ Loaded route: /api/dream-diary
2025-11-25 23:24:04 [INFO] ✅ Loaded route: /api/sd
2025-11-25 23:24:04 [INFO] ✅ Loaded route: /api/community
2025-11-25 23:24:04 [INFO] ✅ Loaded route: /api/feedback
2025-11-25 23:24:04 [INFO] ✅ Loaded route: /api/analytics
2025-11-25 23:24:04 [INFO] ✅ Loaded route: /api/dream-diary/lifestyle
2025-11-25 23:24:04 [INFO] ✅ Loaded route: /api/recent-activity
2025-11-25 23:24:04 [INFO] ✅ Loaded route: /api/activity
2025-11-25 23:24:04 [INFO] ✅ Loaded route: /api/generate-image
2025-11-25 23:24:04 [INFO] ✅ Backend Running on localhost:5000
2025-11-25 23:24:04 [INFO] 🌐 Access at: http://localhost:5000
2025-11-25 23:24:04 [INFO] ✅ MongoDB Connected Successfully (Local)
2025-11-25 23:24:04 [INFO] ✅ Database initialized
2025-11-25 23:28:41 [INFO] ✅ Loaded route: /api/auth
2025-11-25 23:28:41 [INFO] ✅ Loaded route: /api/dreams
2025-11-25 23:28:41 [INFO] ✅ Loaded route: /api/chatbot
2025-11-25 23:28:41 [INFO] ✅ Loaded route: /api/dream-diary
2025-11-25 23:28:41 [INFO] ✅ Loaded route: /api/sd
2025-11-25 23:28:41 [INFO] ✅ Loaded route: /api/community
2025-11-25 23:28:41 [INFO] ✅ Loaded route: /api/feedback
2025-11-25 23:28:41 [INFO] ✅ Loaded route: /api/analytics
2025-11-25 23:28:41 [INFO] ✅ Loaded route: /api/dream-diary/lifestyle
2025-11-25 23:28:41 [INFO] ✅ Loaded route: /api/recent-activity
2025-11-25 23:28:41 [INFO] ✅ Loaded route: /api/activity
2025-11-25 23:28:41 [INFO] ✅ Loaded route: /api/generate-image
2025-11-25 23:28:41 [INFO] ✅ Backend Running on localhost:5000
2025-11-25 23:28:41 [INFO] 🌐 Access at: http://localhost:5000
2025-11-25 23:28:41 [INFO] ✅ MongoDB Connected Successfully (Local)
2025-11-25 23:28:41 [INFO] ✅ Database initialized
2025-11-25 23:39:39 [INFO] ✅ Loaded route: /api/auth
2025-11-25 23:39:40 [INFO] ✅ Loaded route: /api/dreams
2025-11-25 23:39:40 [INFO] ✅ Loaded route: /api/chatbot
2025-11-25 23:39:40 [INFO] ✅ Loaded route: /api/dream-diary
2025-11-25 23:39:40 [INFO] ✅ Loaded route: /api/sd
2025-11-25 23:39:40 [INFO] ✅ Loaded route: /api/community
2025-11-25 23:39:40 [INFO] ✅ Loaded route: /api/feedback
2025-11-25 23:39:40 [INFO] ✅ Loaded route: /api/analytics
2025-11-25 23:39:40 [INFO] ✅ Loaded route: /api/dream-diary/lifestyle
2025-11-25 23:39:40 [INFO] ✅ Loaded route: /api/recent-activity
2025-11-25 23:39:40 [INFO] ✅ Loaded route: /api/activity
2025-11-25 23:39:40 [INFO] ✅ Loaded route: /api/generate-image
2025-11-25 23:39:40 [INFO] ✅ Backend Running on localhost:5000
2025-11-25 23:39:40 [INFO] 🌐 Access at: http://localhost:5000
2025-11-25 23:39:40 [INFO] ✅ MongoDB Connected Successfully (Local)
2025-11-25 23:39:40 [INFO] ✅ Database initialized
2025-11-25 23:43:08 [INFO] ✅ Loaded route: /api/auth
2025-11-25 23:43:08 [INFO] ✅ Loaded route: /api/dreams
2025-11-25 23:43:08 [INFO] ✅ Loaded route: /api/chatbot
2025-11-25 23:43:08 [INFO] ✅ Loaded route: /api/dream-diary
2025-11-25 23:43:08 [INFO] ✅ Loaded route: /api/sd
2025-11-25 23:43:08 [INFO] ✅ Loaded route: /api/community
2025-11-25 23:43:08 [INFO] ✅ Loaded route: /api/feedback
2025-11-25 23:43:09 [INFO] ✅ Loaded route: /api/analytics
2025-11-25 23:43:09 [INFO] ✅ Loaded route: /api/dream-diary/lifestyle
2025-11-25 23:43:09 [INFO] ✅ Loaded route: /api/recent-activity
2025-11-25 23:43:09 [INFO] ✅ Loaded route: /api/activity
2025-11-25 23:43:09 [INFO] ✅ Loaded route: /api/generate-image
2025-11-25 23:43:09 [INFO] ✅ Backend Running on localhost:5000
2025-11-25 23:43:09 [INFO] 🌐 Access at: http://localhost:5000
2025-11-25 23:43:09 [INFO] ✅ MongoDB Connected Successfully (Local)
2025-11-25 23:43:09 [INFO] ✅ Database initialized
2025-11-27 13:37:11 [INFO] ✅ Loaded route: /api/auth
2025-11-27 13:37:11 [INFO] ✅ Loaded route: /api/dreams
2025-11-27 13:37:11 [INFO] ✅ Loaded route: /api/chatbot
2025-11-27 13:37:11 [INFO] ✅ Loaded route: /api/dream-diary
2025-11-27 13:37:11 [INFO] ✅ Loaded route: /api/sd
2025-11-27 13:37:11 [INFO] ✅ Loaded route: /api/community
2025-11-27 13:37:11 [INFO] ✅ Loaded route: /api/feedback
2025-11-27 13:37:11 [INFO] ✅ Loaded route: /api/analytics
2025-11-27 13:37:11 [INFO] ✅ Loaded route: /api/dream-diary/lifestyle
2025-11-27 13:37:11 [INFO] ✅ Loaded route: /api/recent-activity
2025-11-27 13:37:11 [INFO] ✅ Loaded route: /api/activity
2025-11-27 13:37:11 [INFO] ✅ Loaded route: /api/generate-image
2025-11-27 13:37:12 [INFO] ✅ Backend Running on localhost:5000
2025-11-27 13:37:12 [INFO] 🌐 Access at: http://localhost:5000
2025-11-27 13:37:12 [INFO] ✅ MongoDB Connected Successfully (Local)
2025-11-27 13:37:12 [INFO] ✅ Database initialized
2025-11-27 13:59:57 [INFO] ✅ Loaded route: /api/auth
2025-11-27 13:59:57 [INFO] ✅ Loaded route: /api/dreams
2025-11-27 13:59:57 [INFO] ✅ Loaded route: /api/chatbot
2025-11-27 13:59:57 [INFO] ✅ Loaded route: /api/dream-diary
2025-11-27 13:59:57 [INFO] ✅ Loaded route: /api/sd
2025-11-27 13:59:57 [INFO] ✅ Loaded route: /api/community
2025-11-27 13:59:57 [INFO] ✅ Loaded route: /api/feedback
2025-11-27 13:59:57 [INFO] ✅ Loaded route: /api/analytics
2025-11-27 13:59:57 [INFO] ✅ Loaded route: /api/dream-diary/lifestyle
2025-11-27 13:59:57 [INFO] ✅ Loaded route: /api/recent-activity
2025-11-27 13:59:57 [INFO] ✅ Loaded route: /api/activity
2025-11-27 13:59:57 [INFO] ✅ Loaded route: /api/generate-image
2025-11-27 13:59:57 [INFO] ✅ Backend Running on localhost:5000
2025-11-27 13:59:57 [INFO] 🌐 Access at: http://localhost:5000
2025-11-27 13:59:57 [INFO] ✅ MongoDB Connected Successfully (Local)
2025-11-27 13:59:57 [INFO] ✅ Database initialized
2025-11-27 14:24:08 [INFO] ✅ Loaded route: /api/auth
2025-11-27 14:24:08 [INFO] ✅ Loaded route: /api/dreams
2025-11-27 14:24:08 [INFO] ✅ Loaded route: /api/chatbot
2025-11-27 14:24:08 [INFO] ✅ Loaded route: /api/dream-diary
2025-11-27 14:24:08 [INFO] ✅ Loaded route: /api/sd
2025-11-27 14:24:08 [INFO] ✅ Loaded route: /api/community
2025-11-27 14:24:08 [INFO] ✅ Loaded route: /api/feedback
2025-11-27 14:24:08 [INFO] ✅ Loaded route: /api/analytics
2025-11-27 14:24:08 [INFO] ✅ Loaded route: /api/dream-diary/lifestyle
2025-11-27 14:24:08 [INFO] ✅ Loaded route: /api/recent-activity
2025-11-27 14:24:08 [INFO] ✅ Loaded route: /api/activity
2025-11-27 14:24:08 [INFO] ✅ Loaded route: /api/generate-image
2025-11-27 14:24:08 [INFO] ✅ Backend Running on localhost:5000
2025-11-27 14:24:08 [INFO] 🌐 Access at: http://localhost:5000
2025-11-27 14:24:08 [INFO] ✅ MongoDB Connected Successfully (Local)
2025-11-27 14:24:08 [INFO] ✅ Database initialized
2025-11-27 14:45:26 [INFO] ✅ Loaded route: /api/auth
2025-11-27 14:45:26 [INFO] ✅ Loaded route: /api/dreams
2025-11-27 14:45:26 [INFO] ✅ Loaded route: /api/chatbot
2025-11-27 14:45:26 [INFO] ✅ Loaded route: /api/dream-diary
2025-11-27 14:45:26 [INFO] ✅ Loaded route: /api/sd
2025-11-27 14:45:26 [INFO] ✅ Loaded route: /api/community
2025-11-27 14:45:26 [INFO] ✅ Loaded route: /api/feedback
2025-11-27 14:45:26 [INFO] ✅ Loaded route: /api/analytics
2025-11-27 14:45:26 [INFO] ✅ Loaded route: /api/dream-diary/lifestyle
2025-11-27 14:45:26 [INFO] ✅ Loaded route: /api/recent-activity
2025-11-27 14:45:26 [INFO] ✅ Loaded route: /api/activity
2025-11-27 14:45:26 [INFO] ✅ Loaded route: /api/generate-image
2025-11-27 14:45:26 [INFO] ✅ Backend Running on localhost:5000
2025-11-27 14:45:26 [INFO] 🌐 Access at: http://localhost:5000
2025-11-27 14:45:26 [INFO] ✅ MongoDB Connected Successfully (Local)
2025-11-27 14:45:26 [INFO] ✅ Database initialized
2025-11-27 15:11:17 [INFO] ✅ Loaded route: /api/auth
2025-11-27 15:11:17 [INFO] ✅ Loaded route: /api/dreams
2025-11-27 15:11:17 [INFO] ✅ Loaded route: /api/chatbot
2025-11-27 15:11:17 [INFO] ✅ Loaded route: /api/dream-diary
2025-11-27 15:11:17 [INFO] ✅ Loaded route: /api/sd
2025-11-27 15:11:17 [INFO] ✅ Loaded route: /api/community
2025-11-27 15:11:17 [INFO] ✅ Loaded route: /api/feedback
2025-11-27 15:11:17 [INFO] ✅ Loaded route: /api/analytics
2025-11-27 15:11:18 [INFO] ✅ Loaded route: /api/dream-diary/lifestyle
2025-11-27 15:11:18 [INFO] ✅ Loaded route: /api/recent-activity
2025-11-27 15:11:18 [INFO] ✅ Loaded route: /api/activity
2025-11-27 15:11:18 [INFO] ✅ Loaded route: /api/generate-image
2025-11-27 15:11:18 [INFO] ✅ Backend Running on localhost:5000
2025-11-27 15:11:18 [INFO] 🌐 Access at: http://localhost:5000
2025-11-27 15:11:18 [INFO] ✅ MongoDB Connected Successfully (Local)
2025-11-27 15:11:18 [INFO] ✅ Database initialized
2025-11-27 20:26:12 [INFO] ✅ Loaded route: /api/auth
2025-11-27 20:26:12 [INFO] ✅ Loaded route: /api/dreams
2025-11-27 20:26:12 [INFO] ✅ Loaded route: /api/chatbot
2025-11-27 20:26:12 [INFO] ✅ Loaded route: /api/dream-diary
2025-11-27 20:26:12 [INFO] ✅ Loaded route: /api/sd
2025-11-27 20:26:12 [INFO] ✅ Loaded route: /api/community
2025-11-27 20:26:12 [INFO] ✅ Loaded route: /api/feedback
2025-11-27 20:26:12 [INFO] ✅ Loaded route: /api/analytics
2025-11-27 20:26:12 [INFO] ✅ Loaded route: /api/dream-diary/lifestyle
2025-11-27 20:26:12 [INFO] ✅ Loaded route: /api/recent-activity
2025-11-27 20:26:12 [INFO] ✅ Loaded route: /api/activity
2025-11-27 20:26:12 [INFO] ✅ Loaded route: /api/generate-image
2025-11-27 20:26:12 [INFO] ✅ Backend Running on localhost:5000
2025-11-27 20:26:12 [INFO] 🌐 Access at: http://localhost:5000
2025-11-27 20:26:12 [INFO] ✅ MongoDB Connected Successfully (Local)
2025-11-27 20:26:12 [INFO] ✅ Database initialized
2025-11-27 20:38:51 [INFO] ✅ Loaded route: /api/auth
2025-11-27 20:38:51 [INFO] ✅ Loaded route: /api/dreams
2025-11-27 20:38:51 [INFO] ✅ Loaded route: /api/chatbot
2025-11-27 20:38:51 [INFO] ✅ Loaded route: /api/dream-diary
2025-11-27 20:38:51 [INFO] ✅ Loaded route: /api/sd
2025-11-27 20:38:51 [INFO] ✅ Loaded route: /api/community
2025-11-27 20:38:51 [INFO] ✅ Loaded route: /api/feedback
2025-11-27 20:38:51 [INFO] ✅ Loaded route: /api/analytics
2025-11-27 20:38:51 [INFO] ✅ Loaded route: /api/dream-diary/lifestyle
2025-11-27 20:38:51 [INFO] ✅ Loaded route: /api/recent-activity
2025-11-27 20:38:51 [INFO] ✅ Loaded route: /api/activity
2025-11-27 20:38:51 [INFO] ✅ Loaded route: /api/generate-image
2025-11-27 20:38:51 [INFO] ✅ Backend Running on localhost:5000
2025-11-27 20:38:51 [INFO] 🌐 Access at: http://localhost:5000
2025-11-27 20:38:51 [INFO] ✅ MongoDB Connected Successfully (Local)
2025-11-27 20:38:51 [INFO] ✅ Database initialized
2025-11-27 21:14:06 [INFO] ✅ Loaded route: /api/auth
2025-11-27 21:14:06 [INFO] ✅ Loaded route: /api/dreams
2025-11-27 21:14:06 [INFO] ✅ Loaded route: /api/chatbot
2025-11-27 21:14:06 [INFO] ✅ Loaded route: /api/dream-diary
2025-11-27 21:14:06 [INFO] ✅ Loaded route: /api/sd
2025-11-27 21:14:06 [INFO] ✅ Loaded route: /api/community
2025-11-27 21:14:06 [INFO] ✅ Loaded route: /api/feedback
2025-11-27 21:14:06 [INFO] ✅ Loaded route: /api/analytics
2025-11-27 21:14:06 [INFO] ✅ Loaded route: /api/dream-diary/lifestyle
2025-11-27 21:14:06 [INFO] ✅ Loaded route: /api/recent-activity
2025-11-27 21:14:06 [INFO] ✅ Loaded route: /api/activity
2025-11-27 21:14:06 [INFO] ✅ Loaded route: /api/generate-image
2025-11-27 21:14:06 [INFO] ✅ Backend Running on localhost:5000
2025-11-27 21:14:06 [INFO] 🌐 Access at: http://localhost:5000
2025-11-27 21:14:06 [INFO] ✅ MongoDB Connected Successfully (Local)
2025-11-27 21:14:06 [INFO] ✅ Database initialized
2025-11-27 23:36:38 [INFO] ✅ Loaded route: /api/auth
2025-11-27 23:36:38 [INFO] ✅ Loaded route: /api/dreams
2025-11-27 23:36:38 [INFO] ✅ Loaded route: /api/chatbot
2025-11-27 23:36:38 [INFO] ✅ Loaded route: /api/dream-diary
2025-11-27 23:36:38 [INFO] ✅ Loaded route: /api/sd
2025-11-27 23:36:38 [INFO] ✅ Loaded route: /api/community
2025-11-27 23:36:38 [INFO] ✅ Loaded route: /api/feedback
2025-11-27 23:36:38 [INFO] ✅ Loaded route: /api/analytics
2025-11-27 23:36:38 [INFO] ✅ Loaded route: /api/dream-diary/lifestyle
2025-11-27 23:36:38 [INFO] ✅ Loaded route: /api/recent-activity
2025-11-27 23:36:38 [INFO] ✅ Loaded route: /api/activity
2025-11-27 23:36:38 [INFO] ✅ Loaded route: /api/generate-image
2025-11-27 23:36:38 [INFO] ✅ Backend Running on localhost:5000
2025-11-27 23:36:38 [INFO] 🌐 Access at: http://localhost:5000
2025-11-27 23:36:38 [INFO] ✅ MongoDB Connected Successfully (Local)
2025-11-27 23:36:38 [INFO] ✅ Database initialized
2025-11-28 09:19:42 [INFO] ✅ Loaded route: /api/auth
2025-11-28 09:19:42 [INFO] ✅ Loaded route: /api/dreams
2025-11-28 09:19:42 [INFO] ✅ Loaded route: /api/chatbot
2025-11-28 09:19:42 [INFO] ✅ Loaded route: /api/dream-diary
2025-11-28 09:19:42 [INFO] ✅ Loaded route: /api/sd
2025-11-28 09:19:42 [INFO] ✅ Loaded route: /api/community
2025-11-28 09:19:42 [INFO] ✅ Loaded route: /api/feedback
2025-11-28 09:19:42 [INFO] ✅ Loaded route: /api/analytics
2025-11-28 09:19:42 [INFO] ✅ Loaded route: /api/dream-diary/lifestyle
2025-11-28 09:19:42 [INFO] ✅ Loaded route: /api/recent-activity
2025-11-28 09:19:42 [INFO] ✅ Loaded route: /api/activity
2025-11-28 09:19:42 [INFO] ✅ Loaded route: /api/generate-image
2025-11-28 09:19:43 [INFO] ✅ Backend Running on localhost:5000
2025-11-28 09:19:43 [INFO] 🌐 Access at: http://localhost:5000
2025-11-28 09:19:43 [INFO] ✅ MongoDB Connected Successfully (Local)
2025-11-28 09:19:43 [INFO] ✅ Database initialized
2025-11-28 09:21:04 [INFO] ✅ Loaded route: /api/auth
2025-11-28 09:21:22 [INFO] ✅ Loaded route: /api/auth
2025-11-28 09:21:22 [INFO] ✅ Loaded route: /api/dreams
2025-11-28 09:21:22 [INFO] ✅ Loaded route: /api/chatbot
2025-11-28 09:21:22 [INFO] ✅ Loaded route: /api/dream-diary
2025-11-28 09:21:23 [INFO] ✅ Loaded route: /api/sd
2025-11-28 09:21:23 [INFO] ✅ Loaded route: /api/community
2025-11-28 09:21:23 [INFO] ✅ Loaded route: /api/feedback
2025-11-28 09:21:23 [INFO] ✅ Loaded route: /api/analytics
2025-11-28 09:21:23 [INFO] ✅ Loaded route: /api/dream-diary/lifestyle
2025-11-28 09:21:23 [INFO] ✅ Loaded route: /api/recent-activity
2025-11-28 09:21:23 [INFO] ✅ Loaded route: /api/activity
2025-11-28 09:21:23 [INFO] ✅ Loaded route: /api/generate-image
2025-11-28 09:21:23 [INFO] ✅ Backend Running on localhost:5000
2025-11-28 09:21:23 [INFO] 🌐 Access at: http://localhost:5000
2025-11-28 09:21:23 [INFO] ✅ MongoDB Connected Successfully (Local)
2025-11-28 09:21:23 [INFO] ✅ Database initialized
2025-11-28 09:41:54 [INFO] ✅ Loaded route: /api/auth
2025-11-28 09:41:54 [INFO] ✅ Loaded route: /api/dreams
2025-11-28 09:41:54 [INFO] ✅ Loaded route: /api/chatbot
2025-11-28 09:41:54 [INFO] ✅ Loaded route: /api/dream-diary
2025-11-28 09:41:54 [INFO] ✅ Loaded route: /api/sd
2025-11-28 09:41:54 [INFO] ✅ Loaded route: /api/community
2025-11-28 09:41:54 [INFO] ✅ Loaded route: /api/feedback
2025-11-28 09:41:54 [INFO] ✅ Loaded route: /api/analytics
2025-11-28 09:41:54 [INFO] ✅ Loaded route: /api/dream-diary/lifestyle
2025-11-28 09:41:54 [INFO] ✅ Loaded route: /api/recent-activity
2025-11-28 09:41:54 [INFO] ✅ Loaded route: /api/activity
2025-11-28 09:41:54 [INFO] ✅ Loaded route: /api/generate-image
2025-11-28 09:41:54 [INFO] ✅ Backend Running on localhost:5000
2025-11-28 09:41:54 [INFO] 🌐 Access at: http://localhost:5000
2025-11-28 09:41:54 [INFO] ✅ MongoDB Connected Successfully (Local)
2025-11-28 09:41:54 [INFO] ✅ Database initialized
2025-11-28 09:48:25 [INFO] ✅ Loaded route: /api/auth
2025-11-28 09:48:25 [INFO] ✅ Loaded route: /api/dreams
2025-11-28 09:48:25 [INFO] ✅ Loaded route: /api/chatbot
2025-11-28 09:48:25 [INFO] ✅ Loaded route: /api/dream-diary
2025-11-28 09:48:25 [INFO] ✅ Loaded route: /api/sd
2025-11-28 09:48:25 [INFO] ✅ Loaded route: /api/community
2025-11-28 09:48:25 [INFO] ✅ Loaded route: /api/feedback
2025-11-28 09:48:25 [INFO] ✅ Loaded route: /api/analytics
2025-11-28 09:48:25 [INFO] ✅ Loaded route: /api/dream-diary/lifestyle
2025-11-28 09:48:25 [INFO] ✅ Loaded route: /api/recent-activity
2025-11-28 09:48:25 [INFO] ✅ Loaded route: /api/activity
2025-11-28 09:48:25 [INFO] ✅ Loaded route: /api/generate-image
2025-11-28 09:48:25 [INFO] ✅ Backend Running on localhost:5000
2025-11-28 09:48:25 [INFO] 🌐 Access at: http://localhost:5000
2025-11-28 09:48:25 [INFO] ✅ MongoDB Connected Successfully (Local)
2025-11-28 09:48:25 [INFO] ✅ Database initialized
2025-11-28 09:51:07 [INFO] [Image Generation] Request received - Prompt: "I visit beach"
2025-11-28 09:51:40 [INFO] [Image Generation] Image generated in 32422ms: /uploads/sd-generated/b28a8749-d602-4bd4-aa5b-4df6c5981cbf.png
2025-11-28 10:13:40 [INFO] ✅ Loaded route: /api/auth
2025-11-28 10:13:40 [INFO] ✅ Loaded route: /api/dreams
2025-11-28 10:13:40 [INFO] ✅ Loaded route: /api/chatbot
2025-11-28 10:13:40 [INFO] ✅ Loaded route: /api/dream-diary
2025-11-28 10:13:40 [INFO] ✅ Loaded route: /api/sd
2025-11-28 10:13:40 [INFO] ✅ Loaded route: /api/community
2025-11-28 10:13:40 [INFO] ✅ Loaded route: /api/feedback
2025-11-28 10:13:40 [INFO] ✅ Loaded route: /api/analytics
2025-11-28 10:13:40 [INFO] ✅ Loaded route: /api/dream-diary/lifestyle
2025-11-28 10:13:40 [INFO] ✅ Loaded route: /api/recent-activity
2025-11-28 10:13:40 [INFO] ✅ Loaded route: /api/activity
2025-11-28 10:13:40 [INFO] ✅ Loaded route: /api/generate-image
2025-11-28 10:13:40 [INFO] ✅ Backend Running on localhost:5000
2025-11-28 10:13:40 [INFO] 🌐 Access at: http://localhost:5000
2025-11-28 10:13:40 [INFO] ✅ MongoDB Connected Successfully (Local)
2025-11-28 10:13:40 [INFO] ✅ Database initialized
2025-11-28 11:58:22 [INFO] ✅ Loaded route: /api/auth
2025-11-28 11:58:22 [INFO] ✅ Loaded route: /api/dreams
2025-11-28 11:58:23 [INFO] ✅ Loaded route: /api/chatbot
2025-11-28 11:58:23 [INFO] ✅ Loaded route: /api/dream-diary
2025-11-28 11:58:23 [INFO] ✅ Loaded route: /api/sd
2025-11-28 11:58:23 [INFO] ✅ Loaded route: /api/community
2025-11-28 11:58:23 [INFO] ✅ Loaded route: /api/feedback
2025-11-28 11:58:23 [INFO] ✅ Loaded route: /api/analytics
2025-11-28 11:58:23 [INFO] ✅ Loaded route: /api/dream-diary/lifestyle
2025-11-28 11:58:23 [INFO] ✅ Loaded route: /api/recent-activity
2025-11-28 11:58:23 [INFO] ✅ Loaded route: /api/activity
2025-11-28 11:58:23 [INFO] ✅ Loaded route: /api/generate-image
2025-11-28 11:58:23 [INFO] ✅ Backend Running on localhost:5000
2025-11-28 11:58:23 [INFO] 🌐 Access at: http://localhost:5000
2025-11-28 11:58:23 [INFO] ✅ MongoDB Connected Successfully (Local)
2025-11-28 11:58:23 [INFO] ✅ Database initialized
2025-11-28 12:51:07 [INFO] ✅ Loaded route: /api/auth
2025-11-28 12:51:07 [ERROR] ❌ Error loading route /api/dreams:
2025-11-28 12:51:07 [ERROR] ❌ Error loading route /api/chatbot:
2025-11-28 12:51:07 [ERROR] ❌ Failed to load /api/dream-diary route:
2025-11-28 12:51:07 [INFO] ✅ Loaded route: /api/sd
2025-11-28 12:51:07 [INFO] ✅ Loaded route: /api/community
2025-11-28 12:51:07 [INFO] ✅ Loaded route: /api/feedback
2025-11-28 12:51:07 [ERROR] ❌ Error loading route /api/analytics:
2025-11-28 12:51:07 [INFO] ✅ Loaded route: /api/dream-diary/lifestyle
2025-11-28 12:51:07 [INFO] ✅ Loaded route: /api/recent-activity
2025-11-28 12:51:07 [INFO] ✅ Loaded route: /api/activity
2025-11-28 12:51:07 [INFO] ✅ Loaded route: /api/generate-image
2025-11-28 12:51:08 [INFO] ✅ Backend Running on localhost:5000
2025-11-28 12:51:08 [INFO] 🌐 Access at: http://localhost:5000
2025-11-28 12:51:08 [INFO] ✅ MongoDB Connected Successfully (Local)
2025-11-28 12:51:08 [INFO] ✅ Database initialized
2025-11-28 13:11:16 [INFO] ✅ Loaded route: /api/auth
2025-11-28 13:11:16 [ERROR] ❌ Error loading route /api/dreams:
2025-11-28 13:11:16 [ERROR] ❌ Error loading route /api/chatbot:
2025-11-28 13:11:16 [ERROR] ❌ Failed to load /api/dream-diary route:
2025-11-28 13:11:16 [INFO] ✅ Loaded route: /api/sd
2025-11-28 13:11:16 [INFO] ✅ Loaded route: /api/community
2025-11-28 13:11:16 [INFO] ✅ Loaded route: /api/feedback
2025-11-28 13:11:16 [ERROR] ❌ Error loading route /api/analytics:
2025-11-28 13:11:16 [INFO] ✅ Loaded route: /api/dream-diary/lifestyle
2025-11-28 13:11:16 [INFO] ✅ Loaded route: /api/recent-activity
2025-11-28 13:11:16 [INFO] ✅ Loaded route: /api/activity
2025-11-28 13:11:16 [INFO] ✅ Loaded route: /api/generate-image
2025-11-28 13:11:16 [INFO] ✅ Backend Running on localhost:5000
2025-11-28 13:11:16 [INFO] 🌐 Access at: http://localhost:5000
2025-11-28 13:11:16 [INFO] ✅ MongoDB Connected Successfully (Local)
2025-11-28 13:11:16 [INFO] ✅ Database initialized
2025-11-28 13:52:38 [INFO] ✅ Loaded route: /api/auth
2025-11-28 13:52:38 [ERROR] ❌ Error loading route /api/dreams:
2025-11-28 13:52:38 [ERROR] ❌ Error loading route /api/chatbot:
2025-11-28 13:52:38 [ERROR] ❌ Failed to load /api/dream-diary route:
2025-11-28 13:52:38 [INFO] ✅ Loaded route: /api/sd
2025-11-28 13:52:38 [INFO] ✅ Loaded route: /api/community
2025-11-28 13:52:38 [INFO] ✅ Loaded route: /api/feedback
2025-11-28 13:52:38 [ERROR] ❌ Error loading route /api/analytics:
2025-11-28 13:52:38 [INFO] ✅ Loaded route: /api/dream-diary/lifestyle
2025-11-28 13:52:38 [INFO] ✅ Loaded route: /api/recent-activity
2025-11-28 13:52:38 [INFO] ✅ Loaded route: /api/activity
2025-11-28 13:52:38 [INFO] ✅ Loaded route: /api/generate-image
2025-11-28 13:52:38 [INFO] ✅ Backend Running on localhost:5000
2025-11-28 13:52:38 [INFO] 🌐 Access at: http://localhost:5000
2025-11-28 13:52:38 [INFO] ✅ MongoDB Connected Successfully (Local)
2025-11-28 13:52:38 [INFO] ✅ Database initialized
2025-11-28 14:11:56 [INFO] ✅ Loaded route: /api/auth
2025-11-28 14:11:56 [ERROR] ❌ Error loading route /api/dreams:
2025-11-28 14:11:56 [ERROR] ❌ Error loading route /api/chatbot:
2025-11-28 14:11:56 [ERROR] ❌ Failed to load /api/dream-diary route:
2025-11-28 14:11:56 [INFO] ✅ Loaded route: /api/sd
2025-11-28 14:11:56 [INFO] ✅ Loaded route: /api/community
2025-11-28 14:11:56 [INFO] ✅ Loaded route: /api/feedback
2025-11-28 14:11:56 [ERROR] ❌ Error loading route /api/analytics:
2025-11-28 14:11:56 [INFO] ✅ Loaded route: /api/dream-diary/lifestyle
2025-11-28 14:11:56 [INFO] ✅ Loaded route: /api/recent-activity
2025-11-28 14:11:56 [INFO] ✅ Loaded route: /api/activity
2025-11-28 14:11:56 [INFO] ✅ Loaded route: /api/generate-image
2025-11-28 14:11:56 [INFO] ✅ Backend Running on localhost:5000
2025-11-28 14:11:56 [INFO] 🌐 Access at: http://localhost:5000
2025-11-28 14:11:56 [INFO] ✅ MongoDB Connected Successfully (Local)
2025-11-28 14:11:56 [INFO] ✅ Database initialized
2025-11-28 14:22:58 [INFO] ✅ Loaded route: /api/auth
2025-11-28 14:22:59 [INFO] ✅ Loaded route: /api/dreams
2025-11-28 14:22:59 [INFO] ✅ Loaded route: /api/chatbot
2025-11-28 14:22:59 [INFO] ✅ Loaded route: /api/dream-diary
2025-11-28 14:22:59 [INFO] ✅ Loaded route: /api/sd
2025-11-28 14:22:59 [INFO] ✅ Loaded route: /api/community
2025-11-28 14:22:59 [INFO] ✅ Loaded route: /api/feedback
2025-11-28 14:22:59 [INFO] ✅ Loaded route: /api/analytics
2025-11-28 14:22:59 [INFO] ✅ Loaded route: /api/dream-diary/lifestyle
2025-11-28 14:22:59 [INFO] ✅ Loaded route: /api/recent-activity
2025-11-28 14:22:59 [INFO] ✅ Loaded route: /api/activity
2025-11-28 14:22:59 [INFO] ✅ Loaded route: /api/generate-image
2025-11-28 14:22:59 [INFO] ✅ Backend Running on localhost:5000
2025-11-28 14:22:59 [INFO] 🌐 Access at: http://localhost:5000
2025-11-28 14:22:59 [INFO] ✅ MongoDB Connected Successfully (Local)
2025-11-28 14:22:59 [INFO] ✅ Database initialized
2025-11-28 14:38:00 [INFO] ✅ Loaded route: /api/auth
2025-11-28 14:38:01 [INFO] ✅ Loaded route: /api/dreams
2025-11-28 14:38:01 [INFO] ✅ Loaded route: /api/chatbot
2025-11-28 14:38:01 [INFO] ✅ Loaded route: /api/dream-diary
2025-11-28 14:38:01 [INFO] ✅ Loaded route: /api/sd
2025-11-28 14:38:01 [INFO] ✅ Loaded route: /api/community
2025-11-28 14:38:01 [INFO] ✅ Loaded route: /api/feedback
2025-11-28 14:38:01 [INFO] ✅ Loaded route: /api/analytics
2025-11-28 14:38:01 [INFO] ✅ Loaded route: /api/dream-diary/lifestyle
2025-11-28 14:38:01 [INFO] ✅ Loaded route: /api/recent-activity
2025-11-28 14:38:01 [INFO] ✅ Loaded route: /api/activity
2025-11-28 14:38:01 [INFO] ✅ Loaded route: /api/generate-image
2025-11-28 14:38:01 [INFO] ✅ Backend Running on localhost:5000
2025-11-28 14:38:01 [INFO] 🌐 Access at: http://localhost:5000
2025-11-28 14:38:01 [INFO] ✅ MongoDB Connected Successfully (Local)
2025-11-28 14:38:01 [INFO] ✅ Database initialized
2025-11-28 15:41:13 [INFO] ✅ Loaded route: /api/auth
2025-11-28 15:41:13 [INFO] ✅ Loaded route: /api/dreams
2025-11-28 15:41:13 [INFO] ✅ Loaded route: /api/chatbot
2025-11-28 15:41:13 [INFO] ✅ Loaded route: /api/dream-diary
2025-11-28 15:41:13 [INFO] ✅ Loaded route: /api/sd
2025-11-28 15:41:13 [INFO] ✅ Loaded route: /api/community
2025-11-28 15:41:13 [INFO] ✅ Loaded route: /api/feedback
2025-11-28 15:41:13 [INFO] ✅ Loaded route: /api/analytics
2025-11-28 15:41:13 [INFO] ✅ Loaded route: /api/dream-diary/lifestyle
2025-11-28 15:41:13 [INFO] ✅ Loaded route: /api/recent-activity
2025-11-28 15:41:13 [INFO] ✅ Loaded route: /api/activity
2025-11-28 15:41:13 [INFO] ✅ Loaded route: /api/generate-image
2025-11-28 15:41:14 [INFO] ✅ Backend Running on localhost:5001
2025-11-28 15:41:14 [INFO] 🌐 Access at: http://localhost:5001
2025-11-28 15:41:14 [INFO] ✅ MongoDB Connected Successfully (Local)
2025-11-28 15:41:14 [INFO] ✅ Database initialized
2025-11-28 16:01:07 [INFO] ✅ Loaded route: /api/auth
2025-11-28 16:01:08 [INFO] ✅ Loaded route: /api/dreams
2025-11-28 16:01:08 [INFO] ✅ Loaded route: /api/chatbot
2025-11-28 16:01:08 [INFO] ✅ Loaded route: /api/dream-diary
2025-11-28 16:01:08 [INFO] ✅ Loaded route: /api/sd
2025-11-28 16:01:08 [INFO] ✅ Loaded route: /api/community
2025-11-28 16:01:08 [INFO] ✅ Loaded route: /api/feedback
2025-11-28 16:01:08 [INFO] ✅ Loaded route: /api/analytics
2025-11-28 16:01:08 [INFO] ✅ Loaded route: /api/dream-diary/lifestyle
2025-11-28 16:01:08 [INFO] ✅ Loaded route: /api/recent-activity
2025-11-28 16:01:08 [INFO] ✅ Loaded route: /api/activity
2025-11-28 16:01:08 [INFO] ✅ Loaded route: /api/generate-image
2025-11-28 16:01:08 [INFO] ✅ Backend Running on localhost:5001
2025-11-28 16:01:08 [INFO] 🌐 Access at: http://localhost:5001
2025-11-28 16:01:08 [INFO] ✅ MongoDB Connected Successfully (Local)
2025-11-28 16:01:08 [INFO] ✅ Database initialized
2025-11-28 18:23:20 [INFO] ✅ Loaded route: /api/auth
2025-11-28 18:23:20 [INFO] ✅ Loaded route: /api/dreams
2025-11-28 18:23:20 [INFO] ✅ Loaded route: /api/chatbot
2025-11-28 18:23:20 [INFO] ✅ Loaded route: /api/dream-diary
2025-11-28 18:23:20 [INFO] ✅ Loaded route: /api/sd
2025-11-28 18:23:20 [INFO] ✅ Loaded route: /api/community
2025-11-28 18:23:20 [INFO] ✅ Loaded route: /api/feedback
2025-11-28 18:23:20 [INFO] ✅ Loaded route: /api/analytics
2025-11-28 18:23:20 [INFO] ✅ Loaded route: /api/dream-diary/lifestyle
2025-11-28 18:23:20 [INFO] ✅ Loaded route: /api/recent-activity
2025-11-28 18:23:20 [INFO] ✅ Loaded route: /api/activity
2025-11-28 18:23:20 [INFO] ✅ Loaded route: /api/generate-image
2025-11-28 18:23:20 [INFO] ✅ Backend Running on localhost:5000
2025-11-28 18:23:20 [INFO] 🌐 Access at: http://localhost:5000
2025-11-28 18:23:20 [INFO] ✅ MongoDB Connected Successfully (Local)
2025-11-28 18:23:20 [INFO] ✅ Database initialized
2025-11-28 18:37:47 [INFO] ✅ Loaded route: /api/auth
2025-11-28 18:37:47 [INFO] ✅ Loaded route: /api/dreams
2025-11-28 18:37:47 [INFO] ✅ Loaded route: /api/chatbot
2025-11-28 18:37:47 [INFO] ✅ Loaded route: /api/dream-diary
2025-11-28 18:37:47 [INFO] ✅ Loaded route: /api/sd
2025-11-28 18:37:47 [INFO] ✅ Loaded route: /api/community
2025-11-28 18:37:47 [INFO] ✅ Loaded route: /api/feedback
2025-11-28 18:37:47 [INFO] ✅ Loaded route: /api/analytics
2025-11-28 18:37:47 [INFO] ✅ Loaded route: /api/dream-diary/lifestyle
2025-11-28 18:37:47 [INFO] ✅ Loaded route: /api/recent-activity
2025-11-28 18:37:47 [INFO] ✅ Loaded route: /api/activity
2025-11-28 18:37:47 [INFO] ✅ Loaded route: /api/generate-image
2025-11-28 18:37:47 [INFO] ✅ Backend Running on localhost:5000
2025-11-28 18:37:47 [INFO] 🌐 Access at: http://localhost:5000
2025-11-28 18:37:47 [INFO] ✅ MongoDB Connected Successfully (Local)
2025-11-28 18:37:47 [INFO] ✅ Database initialized
2025-11-29 15:09:37 [INFO] ✅ Loaded route: /api/auth
2025-11-29 15:09:38 [INFO] ✅ Loaded route: /api/dreams
2025-11-29 15:09:38 [INFO] ✅ Loaded route: /api/chatbot
2025-11-29 15:09:38 [INFO] ✅ Loaded route: /api/dream-diary
2025-11-29 15:09:38 [INFO] ✅ Loaded route: /api/sd
2025-11-29 15:09:38 [INFO] ✅ Loaded route: /api/community
2025-11-29 15:09:38 [INFO] ✅ Loaded route: /api/feedback
2025-11-29 15:09:38 [INFO] ✅ Loaded route: /api/analytics
2025-11-29 15:09:38 [INFO] ✅ Loaded route: /api/dream-diary/lifestyle
2025-11-29 15:09:38 [INFO] ✅ Loaded route: /api/recent-activity
2025-11-29 15:09:38 [INFO] ✅ Loaded route: /api/activity
2025-11-29 15:09:38 [INFO] ✅ Loaded route: /api/generate-image
2025-11-29 15:09:38 [INFO] ✅ Backend Running on localhost:5000
2025-11-29 15:09:38 [INFO] 🌐 Access at: http://localhost:5000
2025-11-29 15:09:38 [INFO] ✅ MongoDB Connected Successfully (Local)
2025-11-29 15:09:38 [INFO] ✅ Database initialized
2025-11-29 16:13:14 [INFO] ✅ Loaded route: /api/auth
2025-11-29 16:13:14 [INFO] ✅ Loaded route: /api/dreams
2025-11-29 16:13:14 [INFO] ✅ Loaded route: /api/chatbot
2025-11-29 16:13:14 [INFO] ✅ Loaded route: /api/dream-diary
2025-11-29 16:13:15 [INFO] ✅ Loaded route: /api/sd
2025-11-29 16:13:15 [INFO] ✅ Loaded route: /api/community
2025-11-29 16:13:15 [INFO] ✅ Loaded route: /api/feedback
2025-11-29 16:13:15 [INFO] ✅ Loaded route: /api/analytics
2025-11-29 16:13:15 [INFO] ✅ Loaded route: /api/dream-diary/lifestyle
2025-11-29 16:13:15 [INFO] ✅ Loaded route: /api/recent-activity
2025-11-29 16:13:15 [INFO] ✅ Loaded route: /api/activity
2025-11-29 16:13:15 [INFO] ✅ Loaded route: /api/generate-image
2025-11-29 16:13:15 [INFO] ✅ Backend Running on localhost:5000
2025-11-29 16:13:15 [INFO] 🌐 Access at: http://localhost:5000
2025-11-29 16:13:15 [INFO] ✅ MongoDB Connected Successfully (Local)
2025-11-29 16:13:15 [INFO] ✅ Database initialized
2025-11-29 16:20:51 [INFO] ✅ Loaded route: /api/auth
2025-11-29 16:20:51 [INFO] ✅ Loaded route: /api/dreams
2025-11-29 16:20:51 [INFO] ✅ Loaded route: /api/chatbot
2025-11-29 16:20:51 [INFO] ✅ Loaded route: /api/dream-diary
2025-11-29 16:20:51 [INFO] ✅ Loaded route: /api/sd
2025-11-29 16:20:51 [INFO] ✅ Loaded route: /api/community
2025-11-29 16:20:51 [INFO] ✅ Loaded route: /api/feedback
2025-11-29 16:20:51 [INFO] ✅ Loaded route: /api/analytics
2025-11-29 16:20:51 [INFO] ✅ Loaded route: /api/dream-diary/lifestyle
2025-11-29 16:20:51 [INFO] ✅ Loaded route: /api/recent-activity
2025-11-29 16:20:51 [INFO] ✅ Loaded route: /api/activity
2025-11-29 16:20:51 [INFO] ✅ Loaded route: /api/generate-image
2025-11-29 16:20:51 [INFO] ✅ Backend Running on localhost:5000
2025-11-29 16:20:51 [INFO] 🌐 Access at: http://localhost:5000
2025-11-29 16:20:51 [INFO] ✅ MongoDB Connected Successfully (Local)
2025-11-29 16:20:51 [INFO] ✅ Database initialized
2025-11-29 16:28:47 [INFO] ✅ Loaded route: /api/auth
2025-11-29 16:28:47 [INFO] ✅ Loaded route: /api/dreams
2025-11-29 16:28:47 [INFO] ✅ Loaded route: /api/chatbot
2025-11-29 16:28:47 [INFO] ✅ Loaded route: /api/dream-diary
2025-11-29 16:28:48 [INFO] ✅ Loaded route: /api/sd
2025-11-29 16:28:48 [INFO] ✅ Loaded route: /api/community
2025-11-29 16:28:48 [INFO] ✅ Loaded route: /api/feedback
2025-11-29 16:28:48 [INFO] ✅ Loaded route: /api/analytics
2025-11-29 16:28:48 [INFO] ✅ Loaded route: /api/dream-diary/lifestyle
2025-11-29 16:28:48 [INFO] ✅ Loaded route: /api/recent-activity
2025-11-29 16:28:48 [INFO] ✅ Loaded route: /api/activity
2025-11-29 16:28:48 [INFO] ✅ Loaded route: /api/generate-image
2025-11-29 16:28:48 [INFO] ✅ Backend Running on localhost:5000
2025-11-29 16:28:48 [INFO] 🌐 Access at: http://localhost:5000
2025-11-29 16:28:48 [INFO] ✅ MongoDB Connected Successfully (Local)
2025-11-29 16:28:48 [INFO] ✅ Database initialized
2025-11-29 16:54:14 [INFO] ✅ Loaded route: /api/auth
2025-11-29 16:54:14 [INFO] ✅ Loaded route: /api/dreams
2025-11-29 16:54:14 [INFO] ✅ Loaded route: /api/chatbot
2025-11-29 16:54:14 [INFO] ✅ Loaded route: /api/dream-diary
2025-11-29 16:54:14 [INFO] ✅ Loaded route: /api/sd
2025-11-29 16:54:14 [INFO] ✅ Loaded route: /api/community
2025-11-29 16:54:14 [INFO] ✅ Loaded route: /api/feedback
2025-11-29 16:54:14 [INFO] ✅ Loaded route: /api/analytics
2025-11-29 16:54:14 [INFO] ✅ Loaded route: /api/dream-diary/lifestyle
2025-11-29 16:54:14 [INFO] ✅ Loaded route: /api/recent-activity
2025-11-29 16:54:14 [INFO] ✅ Loaded route: /api/activity
2025-11-29 16:54:14 [INFO] ✅ Loaded route: /api/generate-image
2025-11-29 16:54:14 [INFO] ✅ Backend Running on localhost:5000
2025-11-29 16:54:14 [INFO] 🌐 Access at: http://localhost:5000
2025-11-29 16:54:14 [INFO] ✅ MongoDB Connected Successfully (Local)
2025-11-29 16:54:14 [INFO] ✅ Database initialized
2025-11-30 21:47:30 [INFO] ✅ Loaded route: /api/auth
2025-11-30 21:47:31 [INFO] ✅ Loaded route: /api/dreams
2025-11-30 21:47:31 [INFO] ✅ Loaded route: /api/chatbot
2025-11-30 21:47:31 [INFO] ✅ Loaded route: /api/dream-diary
2025-11-30 21:47:31 [INFO] ✅ Loaded route: /api/sd
2025-11-30 21:47:31 [INFO] ✅ Loaded route: /api/community
2025-11-30 21:47:31 [INFO] ✅ Loaded route: /api/feedback
2025-11-30 21:47:31 [INFO] ✅ Loaded route: /api/analytics
2025-11-30 21:47:31 [INFO] ✅ Loaded route: /api/dream-diary/lifestyle
2025-11-30 21:47:31 [INFO] ✅ Loaded route: /api/recent-activity
2025-11-30 21:47:31 [INFO] ✅ Loaded route: /api/activity
2025-11-30 21:47:31 [INFO] ✅ Loaded route: /api/generate-image
2025-11-30 21:47:31 [INFO] ✅ Backend Running on localhost:5000
2025-11-30 21:47:31 [INFO] 🌐 Access at: http://localhost:5000
2025-11-30 21:47:31 [INFO] ✅ MongoDB Connected Successfully (Local)
2025-11-30 21:47:31 [INFO] ✅ Database initialized
2025-11-30 22:25:50 [INFO] ✅ Loaded route: /api/auth
2025-11-30 22:25:50 [INFO] ✅ Loaded route: /api/dreams
2025-11-30 22:25:50 [INFO] ✅ Loaded route: /api/chatbot
2025-11-30 22:25:50 [INFO] ✅ Loaded route: /api/dream-diary
2025-11-30 22:25:50 [INFO] ✅ Loaded route: /api/sd
2025-11-30 22:25:50 [INFO] ✅ Loaded route: /api/community
2025-11-30 22:25:50 [INFO] ✅ Loaded route: /api/feedback
2025-11-30 22:25:50 [INFO] ✅ Loaded route: /api/analytics
2025-11-30 22:25:50 [INFO] ✅ Loaded route: /api/dream-diary/lifestyle
2025-11-30 22:25:50 [INFO] ✅ Loaded route: /api/recent-activity
2025-11-30 22:25:50 [INFO] ✅ Loaded route: /api/activity
2025-11-30 22:25:50 [INFO] ✅ Loaded route: /api/generate-image
2025-11-30 22:25:50 [INFO] ✅ Backend Running on localhost:5000
2025-11-30 22:25:50 [INFO] 🌐 Access at: http://localhost:5000
2025-11-30 22:25:50 [INFO] ✅ MongoDB Connected Successfully (Local)
2025-11-30 22:25:50 [INFO] ✅ Database initialized
2025-11-30 22:43:04 [INFO] ✅ Loaded route: /api/auth
2025-11-30 22:43:04 [INFO] ✅ Loaded route: /api/dreams
2025-11-30 22:43:04 [INFO] ✅ Loaded route: /api/chatbot
2025-11-30 22:43:04 [ERROR] ❌ Failed to load /api/dream-diary route:
2025-11-30 22:43:04 [INFO] ✅ Loaded route: /api/sd
2025-11-30 22:43:04 [INFO] ✅ Loaded route: /api/community
2025-11-30 22:43:04 [INFO] ✅ Loaded route: /api/feedback
2025-11-30 22:43:04 [INFO] ✅ Loaded route: /api/analytics
2025-11-30 22:43:04 [INFO] ✅ Loaded route: /api/dream-diary/lifestyle
2025-11-30 22:43:04 [INFO] ✅ Loaded route: /api/recent-activity
2025-11-30 22:43:04 [INFO] ✅ Loaded route: /api/activity
2025-11-30 22:43:04 [INFO] ✅ Loaded route: /api/generate-image
2025-11-30 22:43:04 [INFO] ✅ Backend Running on localhost:5000
2025-11-30 22:43:04 [INFO] 🌐 Access at: http://localhost:5000
2025-11-30 22:43:04 [INFO] ✅ MongoDB Connected Successfully (Local)
2025-11-30 22:43:04 [INFO] ✅ Database initialized
2025-11-30 22:47:06 [INFO] ✅ Loaded route: /api/auth
2025-11-30 22:47:07 [INFO] ✅ Loaded route: /api/dreams
2025-11-30 22:47:07 [INFO] ✅ Loaded route: /api/chatbot
2025-11-30 22:47:07 [ERROR] ❌ Failed to load /api/dream-diary route:
2025-11-30 22:47:07 [INFO] ✅ Loaded route: /api/sd
2025-11-30 22:47:07 [INFO] ✅ Loaded route: /api/community
2025-11-30 22:47:07 [INFO] ✅ Loaded route: /api/feedback
2025-11-30 22:47:07 [INFO] ✅ Loaded route: /api/analytics
2025-11-30 22:47:07 [INFO] ✅ Loaded route: /api/dream-diary/lifestyle
2025-11-30 22:47:07 [INFO] ✅ Loaded route: /api/recent-activity
2025-11-30 22:47:07 [INFO] ✅ Loaded route: /api/activity
2025-11-30 22:47:07 [INFO] ✅ Loaded route: /api/generate-image
2025-11-30 22:47:07 [INFO] ✅ Backend Running on localhost:5000
2025-11-30 22:47:07 [INFO] 🌐 Access at: http://localhost:5000
2025-11-30 22:47:07 [INFO] ✅ MongoDB Connected Successfully (Local)
2025-11-30 22:47:07 [INFO] ✅ Database initialized
2025-11-30 22:54:16 [INFO] ✅ Loaded route: /api/auth
2025-11-30 22:54:16 [INFO] ✅ Loaded route: /api/dreams
2025-11-30 22:54:16 [INFO] ✅ Loaded route: /api/chatbot
2025-11-30 22:54:16 [INFO] ✅ Loaded route: /api/dream-diary
2025-11-30 22:54:16 [INFO] ✅ Loaded route: /api/sd
2025-11-30 22:54:16 [INFO] ✅ Loaded route: /api/community
2025-11-30 22:54:16 [INFO] ✅ Loaded route: /api/feedback
2025-11-30 22:54:16 [INFO] ✅ Loaded route: /api/analytics
2025-11-30 22:54:16 [INFO] ✅ Loaded route: /api/dream-diary/lifestyle
2025-11-30 22:54:16 [INFO] ✅ Loaded route: /api/recent-activity
2025-11-30 22:54:16 [INFO] ✅ Loaded route: /api/activity
2025-11-30 22:54:16 [INFO] ✅ Loaded route: /api/generate-image
2025-11-30 22:54:17 [INFO] ✅ Backend Running on localhost:5000
2025-11-30 22:54:17 [INFO] 🌐 Access at: http://localhost:5000
2025-11-30 22:54:17 [INFO] ✅ MongoDB Connected Successfully (Local)
2025-11-30 22:54:17 [INFO] ✅ Database initialized
2025-11-30 22:59:07 [INFO] ✅ Loaded route: /api/auth
2025-11-30 22:59:08 [INFO] ✅ Loaded route: /api/dreams
2025-11-30 22:59:08 [INFO] ✅ Loaded route: /api/chatbot
2025-11-30 22:59:08 [INFO] ✅ Loaded route: /api/dream-diary
2025-11-30 22:59:08 [INFO] ✅ Loaded route: /api/sd
2025-11-30 22:59:08 [INFO] ✅ Loaded route: /api/community
2025-11-30 22:59:08 [INFO] ✅ Loaded route: /api/feedback
2025-11-30 22:59:08 [INFO] ✅ Loaded route: /api/analytics
2025-11-30 22:59:08 [INFO] ✅ Loaded route: /api/dream-diary/lifestyle
2025-11-30 22:59:08 [INFO] ✅ Loaded route: /api/recent-activity
2025-11-30 22:59:08 [INFO] ✅ Loaded route: /api/activity
2025-11-30 22:59:08 [INFO] ✅ Loaded route: /api/generate-image
2025-11-30 22:59:08 [INFO] ✅ Backend Running on localhost:5000
2025-11-30 22:59:08 [INFO] 🌐 Access at: http://localhost:5000
2025-11-30 22:59:08 [INFO] ✅ MongoDB Connected Successfully (Local)
2025-11-30 22:59:08 [INFO] ✅ Database initialized
2025-11-30 23:26:10 [INFO] ✅ Loaded route: /api/auth
2025-11-30 23:26:10 [INFO] ✅ Loaded route: /api/dreams
2025-11-30 23:26:10 [INFO] ✅ Loaded route: /api/chatbot
2025-11-30 23:26:10 [INFO] ✅ Loaded route: /api/dream-diary
2025-11-30 23:26:10 [INFO] ✅ Loaded route: /api/sd
2025-11-30 23:26:10 [INFO] ✅ Loaded route: /api/community
2025-11-30 23:26:10 [INFO] ✅ Loaded route: /api/feedback
2025-11-30 23:26:10 [INFO] ✅ Loaded route: /api/analytics
2025-11-30 23:26:10 [INFO] ✅ Loaded route: /api/dream-diary/lifestyle
2025-11-30 23:26:10 [INFO] ✅ Loaded route: /api/recent-activity
2025-11-30 23:26:10 [INFO] ✅ Loaded route: /api/activity
2025-11-30 23:26:10 [INFO] ✅ Loaded route: /api/generate-image
2025-11-30 23:26:10 [INFO] ✅ Backend Running on localhost:5000
2025-11-30 23:26:10 [INFO] 🌐 Access at: http://localhost:5000
2025-11-30 23:26:10 [INFO] ✅ MongoDB Connected Successfully (Local)
2025-11-30 23:26:10 [INFO] ✅ Database initialized
2025-11-30 23:45:02 [INFO] ✅ Loaded route: /api/auth
2025-11-30 23:45:02 [INFO] ✅ Loaded route: /api/dreams
2025-11-30 23:45:02 [INFO] ✅ Loaded route: /api/chatbot
2025-11-30 23:45:02 [INFO] ✅ Loaded route: /api/dream-diary
2025-11-30 23:45:02 [INFO] ✅ Loaded route: /api/sd
2025-11-30 23:45:02 [INFO] ✅ Loaded route: /api/community
2025-11-30 23:45:02 [INFO] ✅ Loaded route: /api/feedback
2025-11-30 23:45:02 [INFO] ✅ Loaded route: /api/analytics
2025-11-30 23:45:02 [INFO] ✅ Loaded route: /api/dream-diary/lifestyle
2025-11-30 23:45:02 [INFO] ✅ Loaded route: /api/recent-activity
2025-11-30 23:45:02 [INFO] ✅ Loaded route: /api/activity
2025-11-30 23:45:02 [INFO] ✅ Loaded route: /api/generate-image
2025-11-30 23:45:02 [INFO] ✅ Backend Running on localhost:5000
2025-11-30 23:45:02 [INFO] 🌐 Access at: http://localhost:5000
2025-11-30 23:45:02 [INFO] ✅ MongoDB Connected Successfully (Local)
2025-11-30 23:45:02 [INFO] ✅ Database initialized
2025-12-01 00:03:51 [INFO] ✅ Loaded route: /api/auth
2025-12-01 00:03:52 [INFO] ✅ Loaded route: /api/dreams
2025-12-01 00:03:52 [INFO] ✅ Loaded route: /api/chatbot
2025-12-01 00:03:52 [INFO] ✅ Loaded route: /api/dream-diary
2025-12-01 00:03:52 [INFO] ✅ Loaded route: /api/sd
2025-12-01 00:03:52 [INFO] ✅ Loaded route: /api/community
2025-12-01 00:03:52 [INFO] ✅ Loaded route: /api/feedback
2025-12-01 00:03:52 [INFO] ✅ Loaded route: /api/analytics
2025-12-01 00:03:52 [INFO] ✅ Loaded route: /api/dream-diary/lifestyle
2025-12-01 00:03:52 [INFO] ✅ Loaded route: /api/recent-activity
2025-12-01 00:03:52 [INFO] ✅ Loaded route: /api/activity
2025-12-01 00:03:52 [INFO] ✅ Loaded route: /api/generate-image
2025-12-01 00:03:52 [INFO] ✅ Backend Running on localhost:5000
2025-12-01 00:03:52 [INFO] 🌐 Access at: http://localhost:5000
2025-12-01 00:03:52 [INFO] ✅ MongoDB Connected Successfully (Local)
2025-12-01 00:03:52 [INFO] ✅ Database initialized
2025-12-01 00:06:23 [INFO] ✅ Loaded route: /api/auth
2025-12-01 00:06:23 [INFO] ✅ Loaded route: /api/dreams
2025-12-01 00:06:23 [INFO] ✅ Loaded route: /api/chatbot
2025-12-01 00:06:23 [INFO] ✅ Loaded route: /api/dream-diary
2025-12-01 00:06:23 [INFO] ✅ Loaded route: /api/sd
2025-12-01 00:06:23 [INFO] ✅ Loaded route: /api/community
2025-12-01 00:06:23 [INFO] ✅ Loaded route: /api/feedback
2025-12-01 00:06:23 [INFO] ✅ Loaded route: /api/analytics
2025-12-01 00:06:23 [INFO] ✅ Loaded route: /api/dream-diary/lifestyle
2025-12-01 00:06:23 [INFO] ✅ Loaded route: /api/recent-activity
2025-12-01 00:06:23 [INFO] ✅ Loaded route: /api/activity
2025-12-01 00:06:23 [INFO] ✅ Loaded route: /api/generate-image
2025-12-01 00:06:23 [INFO] ✅ Backend Running on localhost:5000
2025-12-01 00:06:23 [INFO] 🌐 Access at: http://localhost:5000
2025-12-01 00:06:23 [INFO] ✅ MongoDB Connected Successfully (Local)
2025-12-01 00:06:23 [INFO] ✅ Database initialized
2025-12-01 00:16:02 [INFO] [Image Generation] Request received - Prompt: "iam ruuning beacuse a tiger is chasing me and iam terrified."
2025-12-01 00:16:33 [INFO] [Image Generation] Image generated in 30425ms: /uploads/sd-generated/9be7093e-d1b5-4da0-952f-3e23e547cff4.png
2025-12-01 00:21:04 [INFO] ✅ Loaded route: /api/auth
2025-12-01 00:21:05 [INFO] ✅ Loaded route: /api/dreams
2025-12-01 00:21:05 [INFO] ✅ Loaded route: /api/chatbot
2025-12-01 00:21:05 [INFO] ✅ Loaded route: /api/dream-diary
2025-12-01 00:21:05 [INFO] ✅ Loaded route: /api/sd
2025-12-01 00:21:05 [INFO] ✅ Loaded route: /api/community
2025-12-01 00:21:05 [INFO] ✅ Loaded route: /api/feedback
2025-12-01 00:21:05 [INFO] ✅ Loaded route: /api/analytics
2025-12-01 00:21:05 [INFO] ✅ Loaded route: /api/dream-diary/lifestyle
2025-12-01 00:21:05 [INFO] ✅ Loaded route: /api/recent-activity
2025-12-01 00:21:05 [INFO] ✅ Loaded route: /api/activity
2025-12-01 00:21:05 [INFO] ✅ Loaded route: /api/generate-image
2025-12-01 00:21:05 [INFO] ✅ Backend Running on localhost:5000
2025-12-01 00:21:05 [INFO] 🌐 Access at: http://localhost:5000
2025-12-01 00:21:05 [INFO] ✅ MongoDB Connected Successfully (Local)
2025-12-01 00:21:05 [INFO] ✅ Database initialized
2025-12-01 00:22:43 [INFO] ✅ Loaded route: /api/auth
2025-12-01 00:22:44 [INFO] ✅ Loaded route: /api/dreams
2025-12-01 00:22:44 [INFO] ✅ Loaded route: /api/chatbot
2025-12-01 00:22:44 [INFO] ✅ Loaded route: /api/dream-diary
2025-12-01 00:22:44 [INFO] ✅ Loaded route: /api/sd
2025-12-01 00:22:44 [INFO] ✅ Loaded route: /api/community
2025-12-01 00:22:44 [INFO] ✅ Loaded route: /api/feedback
2025-12-01 00:22:44 [INFO] ✅ Loaded route: /api/analytics
2025-12-01 00:22:44 [INFO] ✅ Loaded route: /api/dream-diary/lifestyle
2025-12-01 00:22:44 [INFO] ✅ Loaded route: /api/recent-activity
2025-12-01 00:22:44 [INFO] ✅ Loaded route: /api/activity
2025-12-01 00:22:44 [INFO] ✅ Loaded route: /api/generate-image
2025-12-01 00:22:44 [INFO] ✅ Backend Running on localhost:5000
2025-12-01 00:22:44 [INFO] 🌐 Access at: http://localhost:5000
2025-12-01 00:22:44 [INFO] ✅ MongoDB Connected Successfully (Local)
2025-12-01 00:22:44 [INFO] ✅ Database initialized
2025-12-01 00:25:33 [INFO] ✅ Loaded route: /api/auth
2025-12-01 00:25:33 [INFO] ✅ Loaded route: /api/dreams
2025-12-01 00:25:33 [INFO] ✅ Loaded route: /api/chatbot
2025-12-01 00:25:33 [INFO] ✅ Loaded route: /api/dream-diary
2025-12-01 00:25:33 [INFO] ✅ Loaded route: /api/sd
2025-12-01 00:25:33 [INFO] ✅ Loaded route: /api/community
2025-12-01 00:25:33 [INFO] ✅ Loaded route: /api/feedback
2025-12-01 00:25:33 [INFO] ✅ Loaded route: /api/analytics
2025-12-01 00:25:33 [INFO] ✅ Loaded route: /api/dream-diary/lifestyle
2025-12-01 00:25:33 [INFO] ✅ Loaded route: /api/recent-activity
2025-12-01 00:25:33 [INFO] ✅ Loaded route: /api/activity
2025-12-01 00:25:33 [INFO] ✅ Loaded route: /api/generate-image
2025-12-01 00:25:34 [INFO] ✅ Backend Running on localhost:5000
2025-12-01 00:25:34 [INFO] 🌐 Access at: http://localhost:5000
2025-12-01 00:25:34 [INFO] ✅ MongoDB Connected Successfully (Local)
2025-12-01 00:25:34 [INFO] ✅ Database initialized
2025-12-01 09:34:22 [INFO] ✅ Loaded route: /api/auth
2025-12-01 09:34:23 [INFO] ✅ Loaded route: /api/dreams
2025-12-01 09:34:23 [INFO] ✅ Loaded route: /api/chatbot
2025-12-01 09:34:23 [INFO] ✅ Loaded route: /api/dream-diary
2025-12-01 09:34:23 [INFO] ✅ Loaded route: /api/sd
2025-12-01 09:34:23 [INFO] ✅ Loaded route: /api/community
2025-12-01 09:34:23 [INFO] ✅ Loaded route: /api/feedback
2025-12-01 09:34:23 [INFO] ✅ Loaded route: /api/analytics
2025-12-01 09:34:23 [INFO] ✅ Loaded route: /api/dream-diary/lifestyle
2025-12-01 09:34:23 [INFO] ✅ Loaded route: /api/recent-activity
2025-12-01 09:34:23 [INFO] ✅ Loaded route: /api/activity
2025-12-01 09:34:23 [INFO] ✅ Loaded route: /api/generate-image
2025-12-01 09:34:23 [INFO] ✅ Backend Running on localhost:5000
2025-12-01 09:34:23 [INFO] 🌐 Access at: http://localhost:5000
2025-12-01 09:34:23 [INFO] ✅ MongoDB Connected Successfully (Local)
2025-12-01 09:34:23 [INFO] ✅ Database initialized
2025-12-01 09:55:59 [INFO] ✅ Loaded route: /api/auth
2025-12-01 09:56:00 [INFO] ✅ Loaded route: /api/dreams
2025-12-01 09:56:00 [INFO] ✅ Loaded route: /api/chatbot
2025-12-01 09:56:00 [INFO] ✅ Loaded route: /api/dream-diary
2025-12-01 09:56:00 [INFO] ✅ Loaded route: /api/sd
2025-12-01 09:56:00 [INFO] ✅ Loaded route: /api/community
2025-12-01 09:56:00 [INFO] ✅ Loaded route: /api/feedback
2025-12-01 09:56:00 [INFO] ✅ Loaded route: /api/analytics
2025-12-01 09:56:00 [INFO] ✅ Loaded route: /api/dream-diary/lifestyle
2025-12-01 09:56:00 [INFO] ✅ Loaded route: /api/recent-activity
2025-12-01 09:56:00 [INFO] ✅ Loaded route: /api/activity
2025-12-01 09:56:00 [INFO] ✅ Loaded route: /api/generate-image
2025-12-01 09:56:00 [INFO] ✅ MongoDB Connected Successfully (Local)
2025-12-01 09:56:00 [INFO] ✅ Database initialized
2025-12-01 09:56:00 [INFO] ✅ Backend Running on localhost:5000
2025-12-01 09:56:00 [INFO] 🌐 Access at: http://localhost:5000
2025-12-01 10:31:11 [INFO] ✅ Loaded route: /api/auth
2025-12-01 10:31:11 [INFO] ✅ Loaded route: /api/dreams
2025-12-01 10:31:11 [INFO] ✅ Loaded route: /api/chatbot
2025-12-01 10:31:11 [INFO] ✅ Loaded route: /api/dream-diary
2025-12-01 10:31:11 [INFO] ✅ Loaded route: /api/sd
2025-12-01 10:31:11 [INFO] ✅ Loaded route: /api/community
2025-12-01 10:31:11 [INFO] ✅ Loaded route: /api/feedback
2025-12-01 10:31:11 [INFO] ✅ Loaded route: /api/analytics
2025-12-01 10:31:11 [INFO] ✅ Loaded route: /api/dream-diary/lifestyle
2025-12-01 10:31:11 [INFO] ✅ Loaded route: /api/recent-activity
2025-12-01 10:31:11 [INFO] ✅ Loaded route: /api/activity
2025-12-01 10:31:11 [INFO] ✅ Loaded route: /api/generate-image
2025-12-01 10:31:12 [INFO] ✅ Backend Running on localhost:5000
2025-12-01 10:31:12 [INFO] 🌐 Access at: http://localhost:5000
2025-12-01 10:31:12 [INFO] ✅ MongoDB Connected Successfully (Local)
2025-12-01 10:31:12 [INFO] ✅ Database initialized
2025-12-01 10:36:21 [INFO] ✅ Loaded route: /api/auth
2025-12-01 10:36:21 [INFO] ✅ Loaded route: /api/dreams
2025-12-01 10:36:21 [INFO] ✅ Loaded route: /api/chatbot
2025-12-01 10:36:21 [INFO] ✅ Loaded route: /api/dream-diary
2025-12-01 10:36:21 [INFO] ✅ Loaded route: /api/sd
2025-12-01 10:36:21 [INFO] ✅ Loaded route: /api/community
2025-12-01 10:36:21 [INFO] ✅ Loaded route: /api/feedback
2025-12-01 10:36:21 [INFO] ✅ Loaded route: /api/analytics
2025-12-01 10:36:21 [INFO] ✅ Loaded route: /api/dream-diary/lifestyle
2025-12-01 10:36:21 [INFO] ✅ Loaded route: /api/recent-activity
2025-12-01 10:36:21 [INFO] ✅ Loaded route: /api/activity
2025-12-01 10:36:21 [INFO] ✅ Loaded route: /api/generate-image
2025-12-01 10:36:22 [INFO] ✅ Backend Running on localhost:5000
2025-12-01 10:36:22 [INFO] 🌐 Access at: http://localhost:5000
2025-12-01 10:36:22 [INFO] ✅ MongoDB Connected Successfully (Local)
2025-12-01 10:36:22 [INFO] ✅ Database initialized
2025-12-01 10:56:36 [INFO] ✅ Loaded route: /api/auth
2025-12-01 10:56:36 [INFO] ✅ Loaded route: /api/dreams
2025-12-01 10:56:36 [INFO] ✅ Loaded route: /api/chatbot
2025-12-01 10:56:36 [INFO] ✅ Loaded route: /api/dream-diary
2025-12-01 10:56:36 [INFO] ✅ Loaded route: /api/sd
2025-12-01 10:56:36 [INFO] ✅ Loaded route: /api/community
2025-12-01 10:56:36 [INFO] ✅ Loaded route: /api/feedback
2025-12-01 10:56:36 [INFO] ✅ Loaded route: /api/analytics
2025-12-01 10:56:36 [INFO] ✅ Loaded route: /api/dream-diary/lifestyle
2025-12-01 10:56:36 [INFO] ✅ Loaded route: /api/recent-activity
2025-12-01 10:56:36 [INFO] ✅ Loaded route: /api/activity
2025-12-01 10:56:36 [INFO] ✅ Loaded route: /api/generate-image
2025-12-01 10:56:36 [INFO] ✅ Backend Running on localhost:5000
2025-12-01 10:56:36 [INFO] 🌐 Access at: http://localhost:5000
2025-12-01 10:56:36 [INFO] ✅ MongoDB Connected Successfully (Local)
2025-12-01 10:56:36 [INFO] ✅ Database initialized
2025-12-01 11:07:50 [INFO] ✅ Loaded route: /api/auth
2025-12-01 11:07:50 [INFO] ✅ Loaded route: /api/dreams
2025-12-01 11:07:50 [INFO] ✅ Loaded route: /api/chatbot
2025-12-01 11:07:50 [INFO] ✅ Loaded route: /api/dream-diary
2025-12-01 11:07:50 [INFO] ✅ Loaded route: /api/sd
2025-12-01 11:07:50 [INFO] ✅ Loaded route: /api/community
2025-12-01 11:07:50 [INFO] ✅ Loaded route: /api/feedback
2025-12-01 11:07:50 [INFO] ✅ Loaded route: /api/analytics
2025-12-01 11:07:50 [INFO] ✅ Loaded route: /api/dream-diary/lifestyle
2025-12-01 11:07:50 [INFO] ✅ Loaded route: /api/recent-activity
2025-12-01 11:07:50 [INFO] ✅ Loaded route: /api/activity
2025-12-01 11:07:50 [INFO] ✅ Loaded route: /api/generate-image
2025-12-01 11:07:50 [INFO] ✅ Backend Running on localhost:5000
2025-12-01 11:07:50 [INFO] 🌐 Access at: http://localhost:5000
2025-12-01 11:07:50 [INFO] ✅ MongoDB Connected Successfully (Local)
2025-12-01 11:07:50 [INFO] ✅ Database initialized
2025-12-01 11:11:16 [INFO] ✅ Loaded route: /api/auth
2025-12-01 11:11:16 [INFO] ✅ Loaded route: /api/dreams
2025-12-01 11:11:16 [INFO] ✅ Loaded route: /api/chatbot
2025-12-01 11:11:16 [INFO] ✅ Loaded route: /api/dream-diary
2025-12-01 11:11:16 [INFO] ✅ Loaded route: /api/sd
2025-12-01 11:11:16 [INFO] ✅ Loaded route: /api/community
2025-12-01 11:11:16 [INFO] ✅ Loaded route: /api/feedback
2025-12-01 11:11:16 [INFO] ✅ Loaded route: /api/analytics
2025-12-01 11:11:16 [INFO] ✅ Loaded route: /api/dream-diary/lifestyle
2025-12-01 11:11:16 [INFO] ✅ Loaded route: /api/recent-activity
2025-12-01 11:11:16 [INFO] ✅ Loaded route: /api/activity
2025-12-01 11:11:16 [INFO] ✅ Loaded route: /api/generate-image
2025-12-01 11:11:16 [INFO] ✅ Backend Running on localhost:5000
2025-12-01 11:11:16 [INFO] 🌐 Access at: http://localhost:5000
2025-12-01 11:11:16 [INFO] ✅ MongoDB Connected Successfully (Local)
2025-12-01 11:11:16 [INFO] ✅ Database initialized
2025-12-01 11:23:58 [INFO] ✅ Loaded route: /api/auth
2025-12-01 11:23:58 [INFO] ✅ Loaded route: /api/dreams
2025-12-01 11:23:58 [INFO] ✅ Loaded route: /api/chatbot
2025-12-01 11:23:58 [INFO] ✅ Loaded route: /api/dream-diary
2025-12-01 11:23:58 [INFO] ✅ Loaded route: /api/sd
2025-12-01 11:23:58 [INFO] ✅ Loaded route: /api/community
2025-12-01 11:23:58 [INFO] ✅ Loaded route: /api/feedback
2025-12-01 11:23:58 [INFO] ✅ Loaded route: /api/analytics
2025-12-01 11:23:58 [INFO] ✅ Loaded route: /api/dream-diary/lifestyle
2025-12-01 11:23:58 [INFO] ✅ Loaded route: /api/recent-activity
2025-12-01 11:23:58 [INFO] ✅ Loaded route: /api/activity
2025-12-01 11:23:58 [INFO] ✅ Loaded route: /api/generate-image
2025-12-01 11:23:58 [INFO] ✅ Backend Running on localhost:5000
2025-12-01 11:23:58 [INFO] 🌐 Access at: http://localhost:5000
2025-12-01 11:23:58 [INFO] ✅ MongoDB Connected Successfully (Local)
2025-12-01 11:23:58 [INFO] ✅ Database initialized
2025-12-01 11:34:14 [INFO] ✅ Loaded route: /api/auth
2025-12-01 11:34:15 [INFO] ✅ Loaded route: /api/dreams
2025-12-01 11:34:15 [INFO] ✅ Loaded route: /api/chatbot
2025-12-01 11:34:15 [INFO] ✅ Loaded route: /api/dream-diary
2025-12-01 11:34:15 [INFO] ✅ Loaded route: /api/sd
2025-12-01 11:34:15 [INFO] ✅ Loaded route: /api/community
2025-12-01 11:34:15 [INFO] ✅ Loaded route: /api/feedback
2025-12-01 11:34:15 [INFO] ✅ Loaded route: /api/analytics
2025-12-01 11:34:15 [INFO] ✅ Loaded route: /api/dream-diary/lifestyle
2025-12-01 11:34:15 [INFO] ✅ Loaded route: /api/recent-activity
2025-12-01 11:34:15 [INFO] ✅ Loaded route: /api/activity
2025-12-01 11:34:15 [INFO] ✅ Loaded route: /api/generate-image
2025-12-01 11:34:15 [INFO] ✅ Backend Running on localhost:5000
2025-12-01 11:34:15 [INFO] 🌐 Access at: http://localhost:5000
2025-12-01 11:34:15 [INFO] ✅ MongoDB Connected Successfully (Local)
2025-12-01 11:34:15 [INFO] ✅ Database initialized
2025-12-01 11:46:40 [INFO] ✅ Loaded route: /api/auth
2025-12-01 11:46:40 [INFO] ✅ Loaded route: /api/dreams
2025-12-01 11:46:40 [INFO] ✅ Loaded route: /api/chatbot
2025-12-01 11:46:40 [INFO] ✅ Loaded route: /api/dream-diary
2025-12-01 11:46:40 [INFO] ✅ Loaded route: /api/sd
2025-12-01 11:46:40 [INFO] ✅ Loaded route: /api/community
2025-12-01 11:46:40 [INFO] ✅ Loaded route: /api/feedback
2025-12-01 11:46:40 [INFO] ✅ Loaded route: /api/analytics
2025-12-01 11:46:40 [INFO] ✅ Loaded route: /api/dream-diary/lifestyle
2025-12-01 11:46:40 [INFO] ✅ Loaded route: /api/recent-activity
2025-12-01 11:46:40 [INFO] ✅ Loaded route: /api/activity
2025-12-01 11:46:40 [INFO] ✅ Loaded route: /api/generate-image
2025-12-01 11:46:40 [INFO] ✅ Backend Running on localhost:5000
2025-12-01 11:46:40 [INFO] 🌐 Access at: http://localhost:5000
2025-12-01 11:46:40 [INFO] ✅ MongoDB Connected Successfully (Local)
2025-12-01 11:46:40 [INFO] ✅ Database initialized
2025-12-01 12:00:40 [INFO] ✅ Loaded route: /api/auth
2025-12-01 12:00:40 [INFO] ✅ Loaded route: /api/dreams
2025-12-01 12:00:40 [INFO] ✅ Loaded route: /api/chatbot
2025-12-01 12:00:40 [INFO] ✅ Loaded route: /api/dream-diary
2025-12-01 12:00:41 [INFO] ✅ Loaded route: /api/sd
2025-12-01 12:00:41 [INFO] ✅ Loaded route: /api/community
2025-12-01 12:00:41 [INFO] ✅ Loaded route: /api/feedback
2025-12-01 12:00:41 [INFO] ✅ Loaded route: /api/analytics
2025-12-01 12:00:41 [INFO] ✅ Loaded route: /api/dream-diary/lifestyle
2025-12-01 12:00:41 [INFO] ✅ Loaded route: /api/recent-activity
2025-12-01 12:00:41 [INFO] ✅ Loaded route: /api/activity
2025-12-01 12:00:41 [INFO] ✅ Loaded route: /api/generate-image
2025-12-01 12:00:41 [INFO] ✅ Backend Running on localhost:5000
2025-12-01 12:00:41 [INFO] 🌐 Access at: http://localhost:5000
2025-12-01 12:00:41 [INFO] ✅ MongoDB Connected Successfully (Local)
2025-12-01 12:00:41 [INFO] ✅ Database initialized
2025-12-01 12:05:49 [INFO] ✅ Loaded route: /api/auth
2025-12-01 12:05:50 [INFO] ✅ Loaded route: /api/dreams
2025-12-01 12:05:50 [INFO] ✅ Loaded route: /api/chatbot
2025-12-01 12:05:50 [INFO] ✅ Loaded route: /api/dream-diary
2025-12-01 12:05:50 [INFO] ✅ Loaded route: /api/sd
2025-12-01 12:05:50 [INFO] ✅ Loaded route: /api/community
2025-12-01 12:05:50 [INFO] ✅ Loaded route: /api/feedback
2025-12-01 12:05:50 [INFO] ✅ Loaded route: /api/analytics
2025-12-01 12:05:50 [INFO] ✅ Loaded route: /api/dream-diary/lifestyle
2025-12-01 12:05:50 [INFO] ✅ Loaded route: /api/recent-activity
2025-12-01 12:05:50 [INFO] ✅ Loaded route: /api/activity
2025-12-01 12:05:50 [INFO] ✅ Loaded route: /api/generate-image
2025-12-01 12:05:50 [INFO] ✅ Backend Running on localhost:5000
2025-12-01 12:05:50 [INFO] 🌐 Access at: http://localhost:5000
2025-12-01 12:05:50 [INFO] ✅ MongoDB Connected Successfully (Local)
2025-12-01 12:05:50 [INFO] ✅ Database initialized
2025-12-01 12:25:08 [INFO] ✅ Loaded route: /api/auth
2025-12-01 12:25:08 [INFO] ✅ Loaded route: /api/dreams
2025-12-01 12:25:08 [INFO] ✅ Loaded route: /api/chatbot
2025-12-01 12:25:08 [INFO] ✅ Loaded route: /api/dream-diary
2025-12-01 12:25:08 [INFO] ✅ Loaded route: /api/sd
2025-12-01 12:25:08 [INFO] ✅ Loaded route: /api/community
2025-12-01 12:25:08 [INFO] ✅ Loaded route: /api/feedback
2025-12-01 12:25:08 [INFO] ✅ Loaded route: /api/analytics
2025-12-01 12:25:08 [INFO] ✅ Loaded route: /api/dream-diary/lifestyle
2025-12-01 12:25:08 [INFO] ✅ Loaded route: /api/recent-activity
2025-12-01 12:25:08 [INFO] ✅ Loaded route: /api/activity
2025-12-01 12:25:08 [INFO] ✅ Loaded route: /api/generate-image
2025-12-01 12:25:08 [INFO] ✅ Backend Running on localhost:5000
2025-12-01 12:25:08 [INFO] 🌐 Access at: http://localhost:5000
2025-12-01 12:25:08 [INFO] ✅ MongoDB Connected Successfully (Local)
2025-12-01 12:25:08 [INFO] ✅ Database initialized
2025-12-01 12:28:23 [INFO] [Image Generation] Request received - Prompt: "iam in the space"
2025-12-01 12:28:53 [INFO] [Image Generation] Image generated in 29893ms: /uploads/sd-generated/64ad55c3-4202-4929-b171-5df798d5ed23.png
2025-12-01 12:31:55 [INFO] [Image Generation] Request received - Prompt: "i am in a vacation with my girlfrien"
2025-12-01 12:32:28 [INFO] [Image Generation] Image generated in 33005ms: /uploads/sd-generated/11e6f513-fcef-483f-b7b4-fe20d091ebd0.png
2025-12-01 12:36:44 [INFO] ✅ Loaded route: /api/auth
2025-12-01 12:36:44 [INFO] ✅ Loaded route: /api/dreams
2025-12-01 12:36:44 [INFO] ✅ Loaded route: /api/chatbot
2025-12-01 12:36:44 [INFO] ✅ Loaded route: /api/dream-diary
2025-12-01 12:36:45 [INFO] ✅ Loaded route: /api/sd
2025-12-01 12:36:45 [INFO] ✅ Loaded route: /api/community
2025-12-01 12:36:45 [INFO] ✅ Loaded route: /api/feedback
2025-12-01 12:36:45 [INFO] ✅ Loaded route: /api/analytics
2025-12-01 12:36:45 [INFO] ✅ Loaded route: /api/dream-diary/lifestyle
2025-12-01 12:36:45 [INFO] ✅ Loaded route: /api/recent-activity
2025-12-01 12:36:45 [INFO] ✅ Loaded route: /api/activity
2025-12-01 12:36:45 [INFO] ✅ Loaded route: /api/generate-image
2025-12-01 12:36:45 [INFO] ✅ Backend Running on localhost:5000
2025-12-01 12:36:45 [INFO] 🌐 Access at: http://localhost:5000
2025-12-01 12:36:45 [INFO] ✅ MongoDB Connected Successfully (Local)
2025-12-01 12:36:45 [INFO] ✅ Database initialized
2025-12-01 12:40:13 [INFO] ✅ Loaded route: /api/auth
2025-12-01 12:40:13 [INFO] ✅ Loaded route: /api/dreams
2025-12-01 12:40:13 [INFO] ✅ Loaded route: /api/chatbot
2025-12-01 12:40:13 [INFO] ✅ Loaded route: /api/dream-diary
2025-12-01 12:40:13 [INFO] ✅ Loaded route: /api/sd
2025-12-01 12:40:13 [INFO] ✅ Loaded route: /api/community
2025-12-01 12:40:13 [INFO] ✅ Loaded route: /api/feedback
2025-12-01 12:40:13 [INFO] ✅ Loaded route: /api/analytics
2025-12-01 12:40:13 [INFO] ✅ Loaded route: /api/dream-diary/lifestyle
2025-12-01 12:40:13 [INFO] ✅ Loaded route: /api/recent-activity
2025-12-01 12:40:13 [INFO] ✅ Loaded route: /api/activity
2025-12-01 12:40:13 [INFO] ✅ Loaded route: /api/generate-image
2025-12-01 12:40:13 [INFO] ✅ Backend Running on localhost:5000
2025-12-01 12:40:13 [INFO] 🌐 Access at: http://localhost:5000
2025-12-01 12:40:13 [INFO] ✅ MongoDB Connected Successfully (Local)
2025-12-01 12:40:13 [INFO] ✅ Database initialized
2025-12-01 12:44:30 [INFO] ✅ Loaded route: /api/auth
2025-12-01 12:44:30 [INFO] ✅ Loaded route: /api/dreams
2025-12-01 12:44:30 [INFO] ✅ Loaded route: /api/chatbot
2025-12-01 12:44:30 [INFO] ✅ Loaded route: /api/dream-diary
2025-12-01 12:44:30 [INFO] ✅ Loaded route: /api/sd
2025-12-01 12:44:30 [INFO] ✅ Loaded route: /api/community
2025-12-01 12:44:30 [INFO] ✅ Loaded route: /api/feedback
2025-12-01 12:44:30 [INFO] ✅ Loaded route: /api/analytics
2025-12-01 12:44:30 [INFO] ✅ Loaded route: /api/dream-diary/lifestyle
2025-12-01 12:44:30 [INFO] ✅ Loaded route: /api/recent-activity
2025-12-01 12:44:30 [INFO] ✅ Loaded route: /api/activity
2025-12-01 12:44:30 [INFO] ✅ Loaded route: /api/generate-image
2025-12-01 12:44:30 [INFO] ✅ MongoDB Connected Successfully (Local)
2025-12-01 12:44:30 [INFO] ✅ Database initialized
2025-12-01 12:44:30 [INFO] ✅ Backend Running on localhost:5000
2025-12-01 12:44:30 [INFO] 🌐 Access at: http://localhost:5000
2025-12-01 12:48:19 [INFO] ✅ Loaded route: /api/auth
2025-12-01 12:48:19 [INFO] ✅ Loaded route: /api/dreams
2025-12-01 12:48:19 [INFO] ✅ Loaded route: /api/chatbot
2025-12-01 12:48:19 [INFO] ✅ Loaded route: /api/dream-diary
2025-12-01 12:48:19 [INFO] ✅ Loaded route: /api/sd
2025-12-01 12:48:19 [INFO] ✅ Loaded route: /api/community
2025-12-01 12:48:19 [INFO] ✅ Loaded route: /api/feedback
2025-12-01 12:48:19 [INFO] ✅ Loaded route: /api/analytics
2025-12-01 12:48:19 [INFO] ✅ Loaded route: /api/dream-diary/lifestyle
2025-12-01 12:48:19 [INFO] ✅ Loaded route: /api/recent-activity
2025-12-01 12:48:19 [INFO] ✅ Loaded route: /api/activity
2025-12-01 12:48:19 [INFO] ✅ Loaded route: /api/generate-image
2025-12-01 12:48:19 [INFO] ✅ Backend Running on localhost:5000
2025-12-01 12:48:19 [INFO] 🌐 Access at: http://localhost:5000
2025-12-01 12:48:19 [INFO] ✅ MongoDB Connected Successfully (Local)
2025-12-01 12:48:19 [INFO] ✅ Database initialized
2025-12-01 12:52:07 [INFO] ✅ Loaded route: /api/auth
2025-12-01 12:52:07 [INFO] ✅ Loaded route: /api/dreams
2025-12-01 12:52:07 [INFO] ✅ Loaded route: /api/chatbot
2025-12-01 12:52:07 [INFO] ✅ Loaded route: /api/dream-diary
2025-12-01 12:52:07 [INFO] ✅ Loaded route: /api/sd
2025-12-01 12:52:07 [INFO] ✅ Loaded route: /api/community
2025-12-01 12:52:07 [INFO] ✅ Loaded route: /api/feedback
2025-12-01 12:52:07 [INFO] ✅ Loaded route: /api/analytics
2025-12-01 12:52:07 [INFO] ✅ Loaded route: /api/dream-diary/lifestyle
2025-12-01 12:52:07 [INFO] ✅ Loaded route: /api/recent-activity
2025-12-01 12:52:07 [INFO] ✅ Loaded route: /api/activity
2025-12-01 12:52:07 [INFO] ✅ Loaded route: /api/generate-image
2025-12-01 12:52:07 [INFO] ✅ Backend Running on localhost:5000
2025-12-01 12:52:07 [INFO] 🌐 Access at: http://localhost:5000
2025-12-01 12:52:07 [INFO] ✅ MongoDB Connected Successfully (Local)
2025-12-01 12:52:07 [INFO] ✅ Database initialized
2025-12-01 13:03:29 [INFO] ✅ Loaded route: /api/auth
2025-12-01 13:03:29 [INFO] ✅ Loaded route: /api/dreams
2025-12-01 13:03:29 [INFO] ✅ Loaded route: /api/chatbot
2025-12-01 13:03:29 [INFO] ✅ Loaded route: /api/dream-diary
2025-12-01 13:03:29 [INFO] ✅ Loaded route: /api/sd
2025-12-01 13:03:29 [INFO] ✅ Loaded route: /api/community
2025-12-01 13:03:29 [INFO] ✅ Loaded route: /api/feedback
2025-12-01 13:03:29 [INFO] ✅ Loaded route: /api/analytics
2025-12-01 13:03:29 [INFO] ✅ Loaded route: /api/dream-diary/lifestyle
2025-12-01 13:03:29 [INFO] ✅ Loaded route: /api/recent-activity
2025-12-01 13:03:29 [INFO] ✅ Loaded route: /api/activity
2025-12-01 13:03:29 [INFO] ✅ Loaded route: /api/generate-image
2025-12-01 13:03:29 [INFO] ✅ Backend Running on localhost:5000
2025-12-01 13:03:29 [INFO] 🌐 Access at: http://localhost:5000
2025-12-01 13:03:29 [INFO] ✅ MongoDB Connected Successfully (Local)
2025-12-01 13:03:29 [INFO] ✅ Database initialized
2025-12-01 13:05:04 [INFO] [Image Generation] Request received - Prompt: "i saw aliens"
2025-12-01 13:05:38 [INFO] [Image Generation] Image generated in 34231ms: /uploads/sd-generated/839680de-7b86-4731-8e07-008596fb8f6d.png
2025-12-01 13:06:43 [INFO] ✅ Loaded route: /api/auth
2025-12-01 13:06:43 [INFO] ✅ Loaded route: /api/dreams
2025-12-01 13:06:43 [INFO] ✅ Loaded route: /api/chatbot
2025-12-01 13:06:43 [INFO] ✅ Loaded route: /api/dream-diary
2025-12-01 13:06:43 [INFO] ✅ Loaded route: /api/sd
2025-12-01 13:06:43 [INFO] ✅ Loaded route: /api/community
2025-12-01 13:06:43 [INFO] ✅ Loaded route: /api/feedback
2025-12-01 13:06:43 [INFO] ✅ Loaded route: /api/analytics
2025-12-01 13:06:43 [INFO] ✅ Loaded route: /api/dream-diary/lifestyle
2025-12-01 13:06:43 [INFO] ✅ Loaded route: /api/recent-activity
2025-12-01 13:06:43 [INFO] ✅ Loaded route: /api/activity
2025-12-01 13:06:43 [INFO] ✅ Loaded route: /api/generate-image
2025-12-01 13:06:43 [INFO] ✅ Backend Running on localhost:5000
2025-12-01 13:06:43 [INFO] 🌐 Access at: http://localhost:5000
2025-12-01 13:06:44 [INFO] ✅ MongoDB Connected Successfully (Local)
2025-12-01 13:06:44 [INFO] ✅ Database initialized
2025-12-01 13:07:54 [INFO] [Image Generation] Request received - Prompt: "iam enjoying in the ship"
2025-12-01 13:08:27 [INFO] [Image Generation] Image generated in 33755ms: /uploads/sd-generated/738ba5f5-899f-4a86-aa6b-ead9367be772.png
2025-12-01 22:28:32 [INFO] ✅ Loaded route: /api/auth
2025-12-01 22:28:32 [INFO] ✅ Loaded route: /api/dreams
2025-12-01 22:28:32 [INFO] ✅ Loaded route: /api/chatbot
2025-12-01 22:28:33 [INFO] ✅ Loaded route: /api/dream-diary
2025-12-01 22:28:33 [INFO] ✅ Loaded route: /api/sd
2025-12-01 22:28:33 [INFO] ✅ Loaded route: /api/community
2025-12-01 22:28:33 [INFO] ✅ Loaded route: /api/feedback
2025-12-01 22:28:33 [INFO] ✅ Loaded route: /api/analytics
2025-12-01 22:28:33 [INFO] ✅ Loaded route: /api/dream-diary/lifestyle
2025-12-01 22:28:33 [INFO] ✅ Loaded route: /api/recent-activity
2025-12-01 22:28:33 [INFO] ✅ Loaded route: /api/activity
2025-12-01 22:28:33 [INFO] ✅ Loaded route: /api/generate-image
2025-12-01 22:28:33 [INFO] ✅ Backend Running on localhost:5000
2025-12-01 22:28:33 [INFO] 🌐 Access at: http://localhost:5000
2025-12-01 22:28:33 [INFO] ✅ MongoDB Connected Successfully (Local)
2025-12-01 22:28:33 [INFO] ✅ Database initialized
2025-12-01 22:32:59 [INFO] ✅ Loaded route: /api/auth
2025-12-01 22:32:59 [INFO] ✅ Loaded route: /api/dreams
2025-12-01 22:32:59 [INFO] ✅ Loaded route: /api/chatbot
2025-12-01 22:32:59 [INFO] ✅ Loaded route: /api/dream-diary
2025-12-01 22:32:59 [INFO] ✅ Loaded route: /api/sd
2025-12-01 22:32:59 [INFO] ✅ Loaded route: /api/community
2025-12-01 22:32:59 [INFO] ✅ Loaded route: /api/feedback
2025-12-01 22:32:59 [INFO] ✅ Loaded route: /api/analytics
2025-12-01 22:32:59 [INFO] ✅ Loaded route: /api/dream-diary/lifestyle
2025-12-01 22:32:59 [INFO] ✅ Loaded route: /api/recent-activity
2025-12-01 22:32:59 [INFO] ✅ Loaded route: /api/activity
2025-12-01 22:32:59 [INFO] ✅ Loaded route: /api/generate-image
2025-12-01 22:32:59 [INFO] ✅ Backend Running on localhost:5000
2025-12-01 22:32:59 [INFO] 🌐 Access at: http://localhost:5000
2025-12-01 22:32:59 [INFO] ✅ MongoDB Connected Successfully (Local)
2025-12-01 22:32:59 [INFO] ✅ Database initialized
2025-12-01 22:39:52 [INFO] ✅ Loaded route: /api/auth
2025-12-01 22:39:52 [INFO] ✅ Loaded route: /api/dreams
2025-12-01 22:39:52 [INFO] ✅ Loaded route: /api/chatbot
2025-12-01 22:39:52 [INFO] ✅ Loaded route: /api/dream-diary
2025-12-01 22:39:52 [INFO] ✅ Loaded route: /api/sd
2025-12-01 22:39:52 [INFO] ✅ Loaded route: /api/community
2025-12-01 22:39:52 [INFO] ✅ Loaded route: /api/feedback
2025-12-01 22:39:52 [INFO] ✅ Loaded route: /api/analytics
2025-12-01 22:39:52 [INFO] ✅ Loaded route: /api/dream-diary/lifestyle
2025-12-01 22:39:52 [INFO] ✅ Loaded route: /api/recent-activity
2025-12-01 22:39:52 [INFO] ✅ Loaded route: /api/activity
2025-12-01 22:39:52 [INFO] ✅ Loaded route: /api/generate-image
2025-12-01 22:39:52 [INFO] ✅ Backend Running on localhost:5000
2025-12-01 22:39:52 [INFO] 🌐 Access at: http://localhost:5000
2025-12-01 22:39:52 [INFO] ✅ MongoDB Connected Successfully (Local)
2025-12-01 22:39:52 [INFO] ✅ Database initialized
2025-12-01 22:51:25 [INFO] ✅ Loaded route: /api/auth
2025-12-01 22:51:25 [INFO] ✅ Loaded route: /api/dreams
2025-12-01 22:51:25 [INFO] ✅ Loaded route: /api/chatbot
2025-12-01 22:51:25 [INFO] ✅ Loaded route: /api/dream-diary
2025-12-01 22:51:25 [INFO] ✅ Loaded route: /api/sd
2025-12-01 22:51:25 [INFO] ✅ Loaded route: /api/community
2025-12-01 22:51:25 [INFO] ✅ Loaded route: /api/feedback
2025-12-01 22:51:25 [INFO] ✅ Loaded route: /api/analytics
2025-12-01 22:51:25 [INFO] ✅ Loaded route: /api/dream-diary/lifestyle
2025-12-01 22:51:25 [INFO] ✅ Loaded route: /api/recent-activity
2025-12-01 22:51:25 [INFO] ✅ Loaded route: /api/activity
2025-12-01 22:51:25 [INFO] ✅ Loaded route: /api/generate-image
2025-12-01 22:51:25 [INFO] ✅ Backend Running on localhost:5000
2025-12-01 22:51:25 [INFO] 🌐 Access at: http://localhost:5000
2025-12-01 22:51:25 [INFO] ✅ MongoDB Connected Successfully (Local)
2025-12-01 22:51:25 [INFO] ✅ Database initialized
2025-12-01 22:56:29 [INFO] ✅ Loaded route: /api/auth
2025-12-01 22:56:29 [INFO] ✅ Loaded route: /api/dreams
2025-12-01 22:56:29 [INFO] ✅ Loaded route: /api/chatbot
2025-12-01 22:56:29 [INFO] ✅ Loaded route: /api/dream-diary
2025-12-01 22:56:29 [INFO] ✅ Loaded route: /api/sd
2025-12-01 22:56:29 [INFO] ✅ Loaded route: /api/community
2025-12-01 22:56:29 [INFO] ✅ Loaded route: /api/feedback
2025-12-01 22:56:29 [INFO] ✅ Loaded route: /api/analytics
2025-12-01 22:56:29 [INFO] ✅ Loaded route: /api/dream-diary/lifestyle
2025-12-01 22:56:29 [INFO] ✅ Loaded route: /api/recent-activity
2025-12-01 22:56:29 [INFO] ✅ Loaded route: /api/activity
2025-12-01 22:56:29 [INFO] ✅ Loaded route: /api/generate-image
2025-12-01 22:56:29 [INFO] ✅ Backend Running on localhost:5000
2025-12-01 22:56:29 [INFO] 🌐 Access at: http://localhost:5000
2025-12-01 22:56:29 [INFO] ✅ MongoDB Connected Successfully (Local)
2025-12-01 22:56:29 [INFO] ✅ Database initialized
2025-12-01 23:11:48 [INFO] ✅ Loaded route: /api/auth
2025-12-01 23:11:48 [INFO] ✅ Loaded route: /api/dreams
2025-12-01 23:11:48 [INFO] ✅ Loaded route: /api/chatbot
2025-12-01 23:11:48 [INFO] ✅ Loaded route: /api/dream-diary
2025-12-01 23:11:48 [INFO] ✅ Loaded route: /api/sd
2025-12-01 23:11:48 [INFO] ✅ Loaded route: /api/community
2025-12-01 23:11:48 [INFO] ✅ Loaded route: /api/feedback
2025-12-01 23:11:48 [INFO] ✅ Loaded route: /api/analytics
2025-12-01 23:11:48 [INFO] ✅ Loaded route: /api/dream-diary/lifestyle
2025-12-01 23:11:48 [INFO] ✅ Loaded route: /api/recent-activity
2025-12-01 23:11:48 [INFO] ✅ Loaded route: /api/activity
2025-12-01 23:11:48 [INFO] ✅ Loaded route: /api/generate-image
2025-12-01 23:11:48 [INFO] ✅ Backend Running on localhost:5000
2025-12-01 23:11:48 [INFO] 🌐 Access at: http://localhost:5000
2025-12-01 23:11:48 [INFO] ✅ MongoDB Connected Successfully (Local)
2025-12-01 23:11:48 [INFO] ✅ Database initialized
2025-12-01 23:23:01 [INFO] ✅ Loaded route: /api/auth
2025-12-01 23:23:01 [INFO] ✅ Loaded route: /api/dreams
2025-12-01 23:23:01 [INFO] ✅ Loaded route: /api/chatbot
2025-12-01 23:23:01 [INFO] ✅ Loaded route: /api/dream-diary
2025-12-01 23:23:01 [INFO] ✅ Loaded route: /api/sd
2025-12-01 23:23:01 [INFO] ✅ Loaded route: /api/community
2025-12-01 23:23:01 [INFO] ✅ Loaded route: /api/feedback
2025-12-01 23:23:01 [INFO] ✅ Loaded route: /api/analytics
2025-12-01 23:23:02 [INFO] ✅ Loaded route: /api/dream-diary/lifestyle
2025-12-01 23:23:02 [INFO] ✅ Loaded route: /api/recent-activity
2025-12-01 23:23:02 [INFO] ✅ Loaded route: /api/activity
2025-12-01 23:23:02 [INFO] ✅ Loaded route: /api/generate-image
2025-12-01 23:23:02 [INFO] ✅ Backend Running on localhost:5000
2025-12-01 23:23:02 [INFO] 🌐 Access at: http://localhost:5000
2025-12-01 23:23:02 [INFO] ✅ MongoDB Connected Successfully (Local)
2025-12-01 23:23:02 [INFO] ✅ Database initialized
2025-12-01 23:42:17 [INFO] ✅ Loaded route: /api/auth
2025-12-01 23:42:17 [INFO] ✅ Loaded route: /api/dreams
2025-12-01 23:42:17 [INFO] ✅ Loaded route: /api/chatbot
2025-12-01 23:42:17 [INFO] ✅ Loaded route: /api/dream-diary
2025-12-01 23:42:17 [INFO] ✅ Loaded route: /api/sd
2025-12-01 23:42:17 [INFO] ✅ Loaded route: /api/community
2025-12-01 23:42:17 [INFO] ✅ Loaded route: /api/feedback
2025-12-01 23:42:17 [INFO] ✅ Loaded route: /api/analytics
2025-12-01 23:42:17 [INFO] ✅ Loaded route: /api/dream-diary/lifestyle
2025-12-01 23:42:17 [INFO] ✅ Loaded route: /api/recent-activity
2025-12-01 23:42:17 [INFO] ✅ Loaded route: /api/activity
2025-12-01 23:42:17 [INFO] ✅ Loaded route: /api/generate-image
2025-12-01 23:42:18 [INFO] ✅ Backend Running on localhost:5000
2025-12-01 23:42:18 [INFO] 🌐 Access at: http://localhost:5000
2025-12-01 23:42:18 [INFO] ✅ MongoDB Connected Successfully (Local)
2025-12-01 23:42:18 [INFO] ✅ Database initialized
2025-12-01 23:48:44 [INFO] ✅ Loaded route: /api/auth
2025-12-01 23:48:44 [INFO] ✅ Loaded route: /api/dreams
2025-12-01 23:48:44 [INFO] ✅ Loaded route: /api/chatbot
2025-12-01 23:48:44 [INFO] ✅ Loaded route: /api/dream-diary
2025-12-01 23:48:44 [INFO] ✅ Loaded route: /api/sd
2025-12-01 23:48:44 [INFO] ✅ Loaded route: /api/community
2025-12-01 23:48:44 [INFO] ✅ Loaded route: /api/feedback
2025-12-01 23:48:44 [INFO] ✅ Loaded route: /api/analytics
2025-12-01 23:48:44 [INFO] ✅ Loaded route: /api/dream-diary/lifestyle
2025-12-01 23:48:44 [INFO] ✅ Loaded route: /api/recent-activity
2025-12-01 23:48:44 [INFO] ✅ Loaded route: /api/activity
2025-12-01 23:48:44 [INFO] ✅ Loaded route: /api/generate-image
2025-12-01 23:48:45 [INFO] ✅ Backend Running on localhost:5000
2025-12-01 23:48:45 [INFO] 🌐 Access at: http://localhost:5000
2025-12-01 23:48:45 [INFO] ✅ MongoDB Connected Successfully (Local)
2025-12-01 23:48:45 [INFO] ✅ Database initialized
2025-12-02 00:05:27 [INFO] ✅ Loaded route: /api/auth
2025-12-02 00:05:27 [INFO] ✅ Loaded route: /api/dreams
2025-12-02 00:05:27 [INFO] ✅ Loaded route: /api/chatbot
2025-12-02 00:05:27 [INFO] ✅ Loaded route: /api/dream-diary
2025-12-02 00:05:27 [INFO] ✅ Loaded route: /api/sd
2025-12-02 00:05:27 [INFO] ✅ Loaded route: /api/community
2025-12-02 00:05:27 [INFO] ✅ Loaded route: /api/feedback
2025-12-02 00:05:27 [INFO] ✅ Loaded route: /api/analytics
2025-12-02 00:05:27 [INFO] ✅ Loaded route: /api/dream-diary/lifestyle
2025-12-02 00:05:27 [INFO] ✅ Loaded route: /api/recent-activity
2025-12-02 00:05:27 [INFO] ✅ Loaded route: /api/activity
2025-12-02 00:05:27 [INFO] ✅ Loaded route: /api/generate-image
2025-12-02 00:05:27 [INFO] ✅ Backend Running on localhost:5000
2025-12-02 00:05:27 [INFO] 🌐 Access at: http://localhost:5000
2025-12-02 00:05:27 [INFO] ✅ MongoDB Connected Successfully (Local)
2025-12-02 00:05:27 [INFO] ✅ Database initialized
2025-12-02 00:19:01 [INFO] ✅ Loaded route: /api/auth
2025-12-02 00:19:01 [INFO] ✅ Loaded route: /api/dreams
2025-12-02 00:19:01 [INFO] ✅ Loaded route: /api/chatbot
2025-12-02 00:19:02 [INFO] ✅ Loaded route: /api/dream-diary
2025-12-02 00:19:02 [INFO] ✅ Loaded route: /api/sd
2025-12-02 00:19:02 [INFO] ✅ Loaded route: /api/community
2025-12-02 00:19:02 [INFO] ✅ Loaded route: /api/feedback
2025-12-02 00:19:02 [INFO] ✅ Loaded route: /api/analytics
2025-12-02 00:19:02 [INFO] ✅ Loaded route: /api/dream-diary/lifestyle
2025-12-02 00:19:02 [INFO] ✅ Loaded route: /api/recent-activity
2025-12-02 00:19:02 [INFO] ✅ Loaded route: /api/activity
2025-12-02 00:19:02 [INFO] ✅ Loaded route: /api/generate-image
2025-12-02 00:19:02 [INFO] ✅ Backend Running on localhost:5000
2025-12-02 00:19:02 [INFO] 🌐 Access at: http://localhost:5000
2025-12-02 00:19:02 [INFO] ✅ MongoDB Connected Successfully (Local)
2025-12-02 00:19:02 [INFO] ✅ Database initialized
2025-12-02 00:30:14 [INFO] ✅ Loaded route: /api/auth
2025-12-02 00:30:14 [INFO] ✅ Loaded route: /api/dreams
2025-12-02 00:30:14 [INFO] ✅ Loaded route: /api/chatbot
2025-12-02 00:30:14 [INFO] ✅ Loaded route: /api/dream-diary
2025-12-02 00:30:14 [INFO] ✅ Loaded route: /api/sd
2025-12-02 00:30:14 [INFO] ✅ Loaded route: /api/community
2025-12-02 00:30:14 [INFO] ✅ Loaded route: /api/feedback
2025-12-02 00:30:14 [INFO] ✅ Loaded route: /api/analytics
2025-12-02 00:30:14 [INFO] ✅ Loaded route: /api/dream-diary/lifestyle
2025-12-02 00:30:14 [INFO] ✅ Loaded route: /api/recent-activity
2025-12-02 00:30:14 [INFO] ✅ Loaded route: /api/activity
2025-12-02 00:30:14 [INFO] ✅ Loaded route: /api/generate-image
2025-12-02 00:30:14 [INFO] ✅ Backend Running on localhost:5000
2025-12-02 00:30:14 [INFO] 🌐 Access at: http://localhost:5000
2025-12-02 00:30:14 [INFO] ✅ MongoDB Connected Successfully (Local)
2025-12-02 00:30:14 [INFO] ✅ Database initialized
2025-12-02 00:38:50 [INFO] ✅ Loaded route: /api/auth
2025-12-02 00:38:50 [WARN] ⚠️  Route not found: /api/dreams (./routes/dreams.js)
2025-12-02 00:38:50 [INFO] ✅ Loaded route: /api/chatbot
2025-12-02 00:38:50 [INFO] ✅ Loaded route: /api/dream-diary
2025-12-02 00:38:50 [INFO] ✅ Loaded route: /api/sd
2025-12-02 00:38:50 [INFO] ✅ Loaded route: /api/community
2025-12-02 00:38:50 [INFO] ✅ Loaded route: /api/feedback
2025-12-02 00:38:50 [INFO] ✅ Loaded route: /api/analytics
2025-12-02 00:38:50 [INFO] ✅ Loaded route: /api/dream-diary/lifestyle
2025-12-02 00:38:50 [INFO] ✅ Loaded route: /api/recent-activity
2025-12-02 00:38:50 [INFO] ✅ Loaded route: /api/activity
2025-12-02 00:38:50 [INFO] ✅ Loaded route: /api/generate-image
2025-12-02 00:38:50 [INFO] ✅ Backend Running on localhost:5000
2025-12-02 00:38:50 [INFO] 🌐 Access at: http://localhost:5000
2025-12-02 00:38:50 [INFO] ✅ MongoDB Connected Successfully (Local)
2025-12-02 00:38:50 [INFO] ✅ Database initialized
2025-12-02 00:46:23 [INFO] ✅ Loaded route: /api/auth
2025-12-02 00:46:23 [WARN] ⚠️  Route not found: /api/dreams (./routes/dreams.js)
2025-12-02 00:46:23 [INFO] ✅ Loaded route: /api/chatbot
2025-12-02 00:46:23 [INFO] ✅ Loaded route: /api/dream-diary
2025-12-02 00:46:23 [INFO] ✅ Loaded route: /api/sd
2025-12-02 00:46:23 [INFO] ✅ Loaded route: /api/community
2025-12-02 00:46:23 [INFO] ✅ Loaded route: /api/feedback
2025-12-02 00:46:23 [INFO] ✅ Loaded route: /api/analytics
2025-12-02 00:46:23 [INFO] ✅ Loaded route: /api/dream-diary/lifestyle
2025-12-02 00:46:23 [INFO] ✅ Loaded route: /api/recent-activity
2025-12-02 00:46:23 [INFO] ✅ Loaded route: /api/activity
2025-12-02 00:46:23 [INFO] ✅ Loaded route: /api/generate-image
2025-12-02 00:46:23 [INFO] ✅ Backend Running on localhost:5000
2025-12-02 00:46:23 [INFO] 🌐 Access at: http://localhost:5000
2025-12-02 00:46:23 [INFO] ✅ MongoDB Connected Successfully (Local)
2025-12-02 00:46:23 [INFO] ✅ Database initialized
2025-12-02 01:12:02 [INFO] ✅ Loaded route: /api/auth
2025-12-02 01:12:02 [WARN] ⚠️  Route not found: /api/dreams (./routes/dreams.js)
2025-12-02 01:12:02 [INFO] ✅ Loaded route: /api/chatbot
2025-12-02 01:12:02 [INFO] ✅ Loaded route: /api/dream-diary
2025-12-02 01:12:02 [INFO] ✅ Loaded route: /api/sd
2025-12-02 01:12:02 [INFO] ✅ Loaded route: /api/community
2025-12-02 01:12:02 [INFO] ✅ Loaded route: /api/feedback
2025-12-02 01:12:02 [INFO] ✅ Loaded route: /api/analytics
2025-12-02 01:12:02 [INFO] ✅ Loaded route: /api/dream-diary/lifestyle
2025-12-02 01:12:02 [INFO] ✅ Loaded route: /api/recent-activity
2025-12-02 01:12:02 [INFO] ✅ Loaded route: /api/activity
2025-12-02 01:12:02 [INFO] ✅ Loaded route: /api/generate-image
2025-12-02 01:12:02 [INFO] ✅ Backend Running on localhost:5000
2025-12-02 01:12:02 [INFO] 🌐 Access at: http://localhost:5000
2025-12-02 01:12:02 [INFO] ✅ MongoDB Connected Successfully (Local)
2025-12-02 01:12:02 [INFO] ✅ Database initialized
2025-12-02 01:29:39 [INFO] ✅ Loaded route: /api/auth
2025-12-02 01:29:39 [WARN] ⚠️  Route not found: /api/dreams (./routes/dreams.js)
2025-12-02 01:29:39 [INFO] ✅ Loaded route: /api/chatbot
2025-12-02 01:29:39 [INFO] ✅ Loaded route: /api/dream-diary
2025-12-02 01:29:39 [INFO] ✅ Loaded route: /api/sd
2025-12-02 01:29:39 [INFO] ✅ Loaded route: /api/community
2025-12-02 01:29:39 [INFO] ✅ Loaded route: /api/feedback
2025-12-02 01:29:39 [INFO] ✅ Loaded route: /api/analytics
2025-12-02 01:29:39 [INFO] ✅ Loaded route: /api/dream-diary/lifestyle
2025-12-02 01:29:39 [INFO] ✅ Loaded route: /api/recent-activity
2025-12-02 01:29:39 [INFO] ✅ Loaded route: /api/activity
2025-12-02 01:29:39 [INFO] ✅ Loaded route: /api/generate-image
2025-12-02 01:29:39 [INFO] ✅ Backend Running on localhost:5000
2025-12-02 01:29:39 [INFO] 🌐 Access at: http://localhost:5000
2025-12-02 01:29:39 [INFO] ✅ MongoDB Connected Successfully (Local)
2025-12-02 01:29:39 [INFO] ✅ Database initialized
2025-12-02 01:31:57 [INFO] ✅ Loaded route: /api/auth
2025-12-02 01:31:57 [WARN] ⚠️  Route not found: /api/dreams (./routes/dreams.js)
2025-12-02 01:31:57 [INFO] ✅ Loaded route: /api/chatbot
2025-12-02 01:31:57 [INFO] ✅ Loaded route: /api/dream-diary
2025-12-02 01:31:57 [INFO] ✅ Loaded route: /api/sd
2025-12-02 01:31:57 [INFO] ✅ Loaded route: /api/community
2025-12-02 01:31:57 [INFO] ✅ Loaded route: /api/feedback
2025-12-02 01:31:57 [INFO] ✅ Loaded route: /api/analytics
2025-12-02 01:31:57 [INFO] ✅ Loaded route: /api/dream-diary/lifestyle
2025-12-02 01:31:57 [INFO] ✅ Loaded route: /api/recent-activity
2025-12-02 01:31:57 [INFO] ✅ Loaded route: /api/activity
2025-12-02 01:31:57 [INFO] ✅ Loaded route: /api/generate-image
2025-12-02 01:31:57 [INFO] ✅ Backend Running on localhost:5000
2025-12-02 01:31:57 [INFO] 🌐 Access at: http://localhost:5000
2025-12-02 01:31:58 [INFO] ✅ MongoDB Connected Successfully (Local)
2025-12-02 01:31:58 [INFO] ✅ Database initialized
2025-12-02 01:44:31 [INFO] ✅ Loaded route: /api/auth
2025-12-02 01:44:31 [WARN] ⚠️  Route not found: /api/dreams (./routes/dreams.js)
2025-12-02 01:44:31 [INFO] ✅ Loaded route: /api/chatbot
2025-12-02 01:44:31 [INFO] ✅ Loaded route: /api/dream-diary
2025-12-02 01:44:31 [INFO] ✅ Loaded route: /api/sd
2025-12-02 01:44:31 [INFO] ✅ Loaded route: /api/community
2025-12-02 01:44:31 [INFO] ✅ Loaded route: /api/feedback
2025-12-02 01:44:31 [INFO] ✅ Loaded route: /api/analytics
2025-12-02 01:44:31 [INFO] ✅ Loaded route: /api/dream-diary/lifestyle
2025-12-02 01:44:31 [INFO] ✅ Loaded route: /api/recent-activity
2025-12-02 01:44:31 [INFO] ✅ Loaded route: /api/activity
2025-12-02 01:44:31 [INFO] ✅ Loaded route: /api/generate-image
2025-12-02 01:44:32 [INFO] ✅ Backend Running on localhost:5000
2025-12-02 01:44:32 [INFO] 🌐 Access at: http://localhost:5000
2025-12-02 01:44:32 [INFO] ✅ MongoDB Connected Successfully (Local)
2025-12-02 01:44:32 [INFO] ✅ Database initialized
2025-12-02 01:48:32 [INFO] ✅ Loaded route: /api/auth
2025-12-02 01:48:32 [WARN] ⚠️  Route not found: /api/dreams (./routes/dreams.js)
2025-12-02 01:48:32 [INFO] ✅ Loaded route: /api/chatbot
2025-12-02 01:48:32 [INFO] ✅ Loaded route: /api/dream-diary
2025-12-02 01:48:32 [INFO] ✅ Loaded route: /api/sd
2025-12-02 01:48:32 [INFO] ✅ Loaded route: /api/community
2025-12-02 01:48:32 [INFO] ✅ Loaded route: /api/feedback
2025-12-02 01:48:32 [INFO] ✅ Loaded route: /api/analytics
2025-12-02 01:48:32 [INFO] ✅ Loaded route: /api/dream-diary/lifestyle
2025-12-02 01:48:32 [INFO] ✅ Loaded route: /api/recent-activity
2025-12-02 01:48:32 [INFO] ✅ Loaded route: /api/activity
2025-12-02 01:48:32 [INFO] ✅ Loaded route: /api/generate-image
2025-12-02 01:48:33 [INFO] ✅ Backend Running on localhost:5000
2025-12-02 01:48:33 [INFO] 🌐 Access at: http://localhost:5000
2025-12-02 01:48:33 [INFO] ✅ MongoDB Connected Successfully (Local)
2025-12-02 01:48:33 [INFO] ✅ Database initialized
2025-12-02 01:49:13 [INFO] ✅ Loaded route: /api/auth
2025-12-02 01:49:13 [WARN] ⚠️  Route not found: /api/dreams (./routes/dreams.js)
2025-12-02 01:49:13 [INFO] ✅ Loaded route: /api/chatbot
2025-12-02 01:49:13 [INFO] ✅ Loaded route: /api/dream-diary
2025-12-02 01:49:13 [INFO] ✅ Loaded route: /api/sd
2025-12-02 01:49:13 [INFO] ✅ Loaded route: /api/community
2025-12-02 01:49:13 [INFO] ✅ Loaded route: /api/feedback
2025-12-02 01:49:13 [INFO] ✅ Loaded route: /api/analytics
2025-12-02 01:49:13 [INFO] ✅ Loaded route: /api/dream-diary/lifestyle
2025-12-02 01:49:13 [INFO] ✅ Loaded route: /api/recent-activity
2025-12-02 01:49:13 [INFO] ✅ Loaded route: /api/activity
2025-12-02 01:49:13 [INFO] ✅ Loaded route: /api/generate-image
2025-12-02 01:49:13 [INFO] ✅ Backend Running on localhost:5000
2025-12-02 01:49:13 [INFO] 🌐 Access at: http://localhost:5000
2025-12-02 01:49:13 [INFO] ✅ MongoDB Connected Successfully (Local)
2025-12-02 01:49:13 [INFO] ✅ Database initialized
2025-12-02 01:54:18 [INFO] ✅ Loaded route: /api/auth
2025-12-02 01:54:18 [WARN] ⚠️  Route not found: /api/dreams (./routes/dreams.js)
2025-12-02 01:54:19 [INFO] ✅ Loaded route: /api/chatbot
2025-12-02 01:54:19 [INFO] ✅ Loaded route: /api/dream-diary
2025-12-02 01:54:19 [INFO] ✅ Loaded route: /api/sd
2025-12-02 01:54:19 [INFO] ✅ Loaded route: /api/community
2025-12-02 01:54:19 [INFO] ✅ Loaded route: /api/feedback
2025-12-02 01:54:19 [INFO] ✅ Loaded route: /api/analytics
2025-12-02 01:54:19 [INFO] ✅ Loaded route: /api/dream-diary/lifestyle
2025-12-02 01:54:19 [INFO] ✅ Loaded route: /api/recent-activity
2025-12-02 01:54:19 [INFO] ✅ Loaded route: /api/activity
2025-12-02 01:54:19 [INFO] ✅ Loaded route: /api/generate-image
2025-12-02 01:54:19 [INFO] ✅ Backend Running on localhost:5000
2025-12-02 01:54:19 [INFO] 🌐 Access at: http://localhost:5000
2025-12-02 01:54:19 [INFO] ✅ MongoDB Connected Successfully (Local)
2025-12-02 01:54:19 [INFO] ✅ Database initialized
2025-12-02 01:55:00 [INFO] [Image Generation] Request received - Prompt: "iam in space in a rocket"
2025-12-02 01:55:25 [INFO] [Image Generation] Image generated in 25373ms: /uploads/sd-generated/7fa7d2a7-2991-4589-aed6-3709d3c8af03.png
2025-12-02 02:03:24 [INFO] ✅ Loaded route: /api/auth
2025-12-02 02:03:24 [WARN] ⚠️  Route not found: /api/dreams (./routes/dreams.js)
2025-12-02 02:03:24 [INFO] ✅ Loaded route: /api/chatbot
2025-12-02 02:03:24 [INFO] ✅ Loaded route: /api/dream-diary
2025-12-02 02:03:24 [INFO] ✅ Loaded route: /api/sd
2025-12-02 02:03:24 [INFO] ✅ Loaded route: /api/community
2025-12-02 02:03:24 [INFO] ✅ Loaded route: /api/feedback
2025-12-02 02:03:24 [INFO] ✅ Loaded route: /api/analytics
2025-12-02 02:03:24 [INFO] ✅ Loaded route: /api/dream-diary/lifestyle
2025-12-02 02:03:24 [INFO] ✅ Loaded route: /api/recent-activity
2025-12-02 02:03:24 [INFO] ✅ Loaded route: /api/activity
2025-12-02 02:03:24 [INFO] ✅ Loaded route: /api/generate-image
2025-12-02 02:03:24 [INFO] ✅ Backend Running on localhost:5000
2025-12-02 02:03:24 [INFO] 🌐 Access at: http://localhost:5000
2025-12-02 02:03:24 [INFO] ✅ MongoDB Connected Successfully (Local)
2025-12-02 02:03:24 [INFO] ✅ Database initialized
2025-12-02 02:06:07 [INFO] ✅ Loaded route: /api/auth
2025-12-02 02:06:07 [WARN] ⚠️  Route not found: /api/dreams (./routes/dreams.js)
2025-12-02 02:06:07 [INFO] ✅ Loaded route: /api/chatbot
2025-12-02 02:06:07 [INFO] ✅ Loaded route: /api/dream-diary
2025-12-02 02:06:07 [INFO] ✅ Loaded route: /api/sd
2025-12-02 02:06:07 [INFO] ✅ Loaded route: /api/community
2025-12-02 02:06:07 [INFO] ✅ Loaded route: /api/feedback
2025-12-02 02:06:07 [INFO] ✅ Loaded route: /api/analytics
2025-12-02 02:06:07 [INFO] ✅ Loaded route: /api/dream-diary/lifestyle
2025-12-02 02:06:07 [INFO] ✅ Loaded route: /api/recent-activity
2025-12-02 02:06:07 [INFO] ✅ Loaded route: /api/activity
2025-12-02 02:06:07 [INFO] ✅ Loaded route: /api/generate-image
2025-12-02 02:06:08 [INFO] ✅ Backend Running on localhost:5000
2025-12-02 02:06:08 [INFO] 🌐 Access at: http://localhost:5000
2025-12-02 02:06:08 [INFO] ✅ MongoDB Connected Successfully (Local)
2025-12-02 02:06:08 [INFO] ✅ Database initialized
2025-12-02 02:06:19 [INFO] ✅ Loaded route: /api/auth
2025-12-02 02:06:19 [WARN] ⚠️  Route not found: /api/dreams (./routes/dreams.js)
2025-12-02 02:06:19 [INFO] ✅ Loaded route: /api/chatbot
2025-12-02 02:06:19 [INFO] ✅ Loaded route: /api/dream-diary
2025-12-02 02:06:19 [INFO] ✅ Loaded route: /api/sd
2025-12-02 02:06:19 [INFO] ✅ Loaded route: /api/community
2025-12-02 02:06:19 [INFO] ✅ Loaded route: /api/feedback
2025-12-02 02:06:19 [INFO] ✅ Loaded route: /api/analytics
2025-12-02 02:06:19 [INFO] ✅ Loaded route: /api/dream-diary/lifestyle
2025-12-02 02:06:19 [INFO] ✅ Loaded route: /api/recent-activity
2025-12-02 02:06:19 [INFO] ✅ Loaded route: /api/activity
2025-12-02 02:06:19 [INFO] ✅ Loaded route: /api/generate-image
2025-12-02 02:06:19 [INFO] ✅ Backend Running on localhost:5000
2025-12-02 02:06:19 [INFO] 🌐 Access at: http://localhost:5000
2025-12-02 02:06:19 [INFO] ✅ MongoDB Connected Successfully (Local)
2025-12-02 02:06:19 [INFO] ✅ Database initialized
2025-12-02 02:07:48 [INFO] ✅ Loaded route: /api/auth
2025-12-02 02:07:48 [WARN] ⚠️  Route not found: /api/dreams (./routes/dreams.js)
2025-12-02 02:07:48 [INFO] ✅ Loaded route: /api/chatbot
2025-12-02 02:07:48 [INFO] ✅ Loaded route: /api/dream-diary
2025-12-02 02:07:48 [INFO] ✅ Loaded route: /api/sd
2025-12-02 02:07:48 [INFO] ✅ Loaded route: /api/community
2025-12-02 02:07:48 [INFO] ✅ Loaded route: /api/feedback
2025-12-02 02:07:48 [INFO] ✅ Loaded route: /api/analytics
2025-12-02 02:07:48 [INFO] ✅ Loaded route: /api/dream-diary/lifestyle
2025-12-02 02:07:48 [INFO] ✅ Loaded route: /api/recent-activity
2025-12-02 02:07:48 [INFO] ✅ Loaded route: /api/activity
2025-12-02 02:07:48 [INFO] ✅ Loaded route: /api/generate-image
2025-12-02 02:07:48 [INFO] ✅ Backend Running on localhost:5000
2025-12-02 02:07:48 [INFO] 🌐 Access at: http://localhost:5000
2025-12-02 02:07:48 [INFO] ✅ MongoDB Connected Successfully (Local)
2025-12-02 02:07:48 [INFO] ✅ Database initialized
2025-12-02 02:08:17 [INFO] ✅ Loaded route: /api/auth
2025-12-02 02:08:17 [WARN] ⚠️  Route not found: /api/dreams (./routes/dreams.js)
2025-12-02 02:08:17 [INFO] ✅ Loaded route: /api/chatbot
2025-12-02 02:08:17 [INFO] ✅ Loaded route: /api/dream-diary
2025-12-02 02:08:17 [INFO] ✅ Loaded route: /api/sd
2025-12-02 02:08:17 [INFO] ✅ Loaded route: /api/community
2025-12-02 02:08:17 [INFO] ✅ Loaded route: /api/feedback
2025-12-02 02:08:17 [INFO] ✅ Loaded route: /api/analytics
2025-12-02 02:08:17 [INFO] ✅ Loaded route: /api/dream-diary/lifestyle
2025-12-02 02:08:17 [INFO] ✅ Loaded route: /api/recent-activity
2025-12-02 02:08:17 [INFO] ✅ Loaded route: /api/activity
2025-12-02 02:08:17 [INFO] ✅ Loaded route: /api/generate-image
2025-12-02 02:08:17 [INFO] ✅ Backend Running on localhost:5000
2025-12-02 02:08:17 [INFO] 🌐 Access at: http://localhost:5000
2025-12-02 02:08:17 [INFO] ✅ MongoDB Connected Successfully (Local)
2025-12-02 02:08:17 [INFO] ✅ Database initialized
2025-12-02 02:08:55 [INFO] ✅ Loaded route: /api/auth
2025-12-02 02:08:55 [WARN] ⚠️  Route not found: /api/dreams (./routes/dreams.js)
2025-12-02 02:08:55 [INFO] ✅ Loaded route: /api/chatbot
2025-12-02 02:08:55 [INFO] ✅ Loaded route: /api/dream-diary
2025-12-02 02:08:55 [INFO] ✅ Loaded route: /api/sd
2025-12-02 02:08:55 [INFO] ✅ Loaded route: /api/community
2025-12-02 02:08:55 [INFO] ✅ Loaded route: /api/feedback
2025-12-02 02:08:55 [INFO] ✅ Loaded route: /api/analytics
2025-12-02 02:08:55 [INFO] ✅ Loaded route: /api/dream-diary/lifestyle
2025-12-02 02:08:55 [INFO] ✅ Loaded route: /api/recent-activity
2025-12-02 02:08:55 [INFO] ✅ Loaded route: /api/activity
2025-12-02 02:08:55 [INFO] ✅ Loaded route: /api/generate-image
2025-12-02 02:08:55 [INFO] ✅ Backend Running on localhost:5000
2025-12-02 02:08:55 [INFO] 🌐 Access at: http://localhost:5000
2025-12-02 02:08:55 [INFO] ✅ MongoDB Connected Successfully (Local)
2025-12-02 02:08:55 [INFO] ✅ Database initialized
2025-12-02 02:11:43 [INFO] ✅ Loaded route: /api/auth
2025-12-02 02:11:43 [WARN] ⚠️  Route not found: /api/dreams (./routes/dreams.js)
2025-12-02 02:11:43 [INFO] ✅ Loaded route: /api/chatbot
2025-12-02 02:11:43 [INFO] ✅ Loaded route: /api/dream-diary
2025-12-02 02:11:43 [INFO] ✅ Loaded route: /api/sd
2025-12-02 02:11:43 [INFO] ✅ Loaded route: /api/community
2025-12-02 02:11:43 [INFO] ✅ Loaded route: /api/feedback
2025-12-02 02:11:43 [INFO] ✅ Loaded route: /api/analytics
2025-12-02 02:11:43 [INFO] ✅ Loaded route: /api/dream-diary/lifestyle
2025-12-02 02:11:43 [INFO] ✅ Loaded route: /api/recent-activity
2025-12-02 02:11:43 [INFO] ✅ Loaded route: /api/activity
2025-12-02 02:11:43 [INFO] ✅ Loaded route: /api/generate-image
2025-12-02 02:11:43 [INFO] ✅ Backend Running on localhost:5000
2025-12-02 02:11:43 [INFO] 🌐 Access at: http://localhost:5000
2025-12-02 02:11:43 [INFO] ✅ MongoDB Connected Successfully (Local)
2025-12-02 02:11:43 [INFO] ✅ Database initialized
2025-12-02 02:15:16 [INFO] ✅ Loaded route: /api/auth
2025-12-02 02:15:16 [WARN] ⚠️  Route not found: /api/dreams (./routes/dreams.js)
2025-12-02 02:15:16 [INFO] ✅ Loaded route: /api/chatbot
2025-12-02 02:15:16 [INFO] ✅ Loaded route: /api/dream-diary
2025-12-02 02:15:16 [INFO] ✅ Loaded route: /api/sd
2025-12-02 02:15:16 [INFO] ✅ Loaded route: /api/community
2025-12-02 02:15:16 [INFO] ✅ Loaded route: /api/feedback
2025-12-02 02:15:16 [INFO] ✅ Loaded route: /api/analytics
2025-12-02 02:15:16 [INFO] ✅ Loaded route: /api/dream-diary/lifestyle
2025-12-02 02:15:16 [INFO] ✅ Loaded route: /api/recent-activity
2025-12-02 02:15:16 [INFO] ✅ Loaded route: /api/activity
2025-12-02 02:15:16 [INFO] ✅ Loaded route: /api/generate-image
2025-12-02 02:15:17 [INFO] ✅ Backend Running on localhost:5000
2025-12-02 02:15:17 [INFO] 🌐 Access at: http://localhost:5000
2025-12-02 02:15:17 [INFO] ✅ MongoDB Connected Successfully (Local)
2025-12-02 02:15:17 [INFO] ✅ Database initialized
2025-12-02 02:16:38 [INFO] ✅ Loaded route: /api/auth
2025-12-02 02:16:39 [WARN] ⚠️  Route not found: /api/dreams (./routes/dreams.js)
2025-12-02 02:16:39 [INFO] ✅ Loaded route: /api/chatbot
2025-12-02 02:16:39 [INFO] ✅ Loaded route: /api/dream-diary
2025-12-02 02:16:39 [INFO] ✅ Loaded route: /api/sd
2025-12-02 02:16:39 [INFO] ✅ Loaded route: /api/community
2025-12-02 02:16:39 [INFO] ✅ Loaded route: /api/feedback
2025-12-02 02:16:39 [INFO] ✅ Loaded route: /api/analytics
2025-12-02 02:16:39 [INFO] ✅ Loaded route: /api/dream-diary/lifestyle
2025-12-02 02:16:39 [INFO] ✅ Loaded route: /api/recent-activity
2025-12-02 02:16:39 [INFO] ✅ Loaded route: /api/activity
2025-12-02 02:16:39 [INFO] ✅ Loaded route: /api/generate-image
2025-12-02 02:16:39 [INFO] ✅ Backend Running on localhost:5000
2025-12-02 02:16:39 [INFO] 🌐 Access at: http://localhost:5000
2025-12-02 02:16:39 [INFO] ✅ MongoDB Connected Successfully (Local)
2025-12-02 02:16:39 [INFO] ✅ Database initialized
2025-12-02 02:18:01 [INFO] ✅ Loaded route: /api/auth
2025-12-02 02:18:01 [WARN] ⚠️  Route not found: /api/dreams (./routes/dreams.js)
2025-12-02 02:18:01 [INFO] ✅ Loaded route: /api/chatbot
2025-12-02 02:18:01 [INFO] ✅ Loaded route: /api/dream-diary
2025-12-02 02:18:01 [INFO] ✅ Loaded route: /api/sd
2025-12-02 02:18:01 [INFO] ✅ Loaded route: /api/community
2025-12-02 02:18:01 [INFO] ✅ Loaded route: /api/feedback
2025-12-02 02:18:01 [INFO] ✅ Loaded route: /api/analytics
2025-12-02 02:18:01 [INFO] ✅ Loaded route: /api/dream-diary/lifestyle
2025-12-02 02:18:01 [INFO] ✅ Loaded route: /api/recent-activity
2025-12-02 02:18:01 [INFO] ✅ Loaded route: /api/activity
2025-12-02 02:18:01 [INFO] ✅ Loaded route: /api/generate-image
2025-12-02 02:18:01 [INFO] ✅ Backend Running on localhost:5000
2025-12-02 02:18:01 [INFO] 🌐 Access at: http://localhost:5000
2025-12-02 02:18:01 [INFO] ✅ MongoDB Connected Successfully (Local)
2025-12-02 02:18:01 [INFO] ✅ Database initialized
2025-12-02 02:20:58 [INFO] ✅ Loaded route: /api/auth
2025-12-02 02:20:58 [WARN] ⚠️  Route not found: /api/dreams (./routes/dreams.js)
2025-12-02 02:20:58 [INFO] ✅ Loaded route: /api/chatbot
2025-12-02 02:20:58 [INFO] ✅ Loaded route: /api/dream-diary
2025-12-02 02:20:58 [INFO] ✅ Loaded route: /api/sd
2025-12-02 02:20:58 [INFO] ✅ Loaded route: /api/community
2025-12-02 02:20:58 [INFO] ✅ Loaded route: /api/feedback
2025-12-02 02:20:58 [INFO] ✅ Loaded route: /api/analytics
2025-12-02 02:20:58 [INFO] ✅ Loaded route: /api/dream-diary/lifestyle
2025-12-02 02:20:58 [INFO] ✅ Loaded route: /api/recent-activity
2025-12-02 02:20:58 [INFO] ✅ Loaded route: /api/activity
2025-12-02 02:20:58 [INFO] ✅ Loaded route: /api/generate-image
2025-12-02 02:20:58 [INFO] ✅ Backend Running on localhost:5000
2025-12-02 02:20:58 [INFO] 🌐 Access at: http://localhost:5000
2025-12-02 02:20:58 [INFO] ✅ MongoDB Connected Successfully (Local)
2025-12-02 02:20:58 [INFO] ✅ Database initialized
2025-12-02 02:26:59 [INFO] ✅ Loaded route: /api/auth
2025-12-02 02:26:59 [WARN] ⚠️  Route not found: /api/dreams (./routes/dreams.js)
2025-12-02 02:26:59 [INFO] ✅ Loaded route: /api/chatbot
2025-12-02 02:26:59 [INFO] ✅ Loaded route: /api/dream-diary
2025-12-02 02:26:59 [INFO] ✅ Loaded route: /api/sd
2025-12-02 02:26:59 [INFO] ✅ Loaded route: /api/community
2025-12-02 02:26:59 [INFO] ✅ Loaded route: /api/feedback
2025-12-02 02:26:59 [INFO] ✅ Loaded route: /api/analytics
2025-12-02 02:26:59 [INFO] ✅ Loaded route: /api/dream-diary/lifestyle
2025-12-02 02:26:59 [INFO] ✅ Loaded route: /api/recent-activity
2025-12-02 02:26:59 [INFO] ✅ Loaded route: /api/activity
2025-12-02 02:26:59 [INFO] ✅ Loaded route: /api/generate-image
2025-12-02 02:26:59 [INFO] ✅ Backend Running on localhost:5000
2025-12-02 02:26:59 [INFO] 🌐 Access at: http://localhost:5000
2025-12-02 02:26:59 [INFO] ✅ MongoDB Connected Successfully (Local)
2025-12-02 02:26:59 [INFO] ✅ Database initialized
2025-12-02 02:33:29 [INFO] ✅ Loaded route: /api/auth
2025-12-02 02:33:29 [WARN] ⚠️  Route not found: /api/dreams (./routes/dreams.js)
2025-12-02 02:33:29 [INFO] ✅ Loaded route: /api/chatbot
2025-12-02 02:33:29 [INFO] ✅ Loaded route: /api/dream-diary
2025-12-02 02:33:29 [INFO] ✅ Loaded route: /api/sd
2025-12-02 02:33:29 [INFO] ✅ Loaded route: /api/community
2025-12-02 02:33:29 [INFO] ✅ Loaded route: /api/feedback
2025-12-02 02:33:29 [INFO] ✅ Loaded route: /api/analytics
2025-12-02 02:33:29 [INFO] ✅ Loaded route: /api/dream-diary/lifestyle
2025-12-02 02:33:29 [INFO] ✅ Loaded route: /api/recent-activity
2025-12-02 02:33:29 [INFO] ✅ Loaded route: /api/activity
2025-12-02 02:33:29 [INFO] ✅ Loaded route: /api/generate-image
2025-12-02 02:33:29 [INFO] ✅ Backend Running on localhost:5000
2025-12-02 02:33:29 [INFO] 🌐 Access at: http://localhost:5000
2025-12-02 02:33:29 [INFO] ✅ MongoDB Connected Successfully (Local)
2025-12-02 02:33:29 [INFO] ✅ Database initialized
2025-12-02 02:34:14 [INFO] [Image Generation] Request received - Prompt: "iam eating food"
2025-12-02 02:34:39 [INFO] [Image Generation] Image generated in 24255ms: /uploads/sd-generated/04328d1f-2570-402a-bf2c-093b93c607a2.png
2025-12-02 07:29:39 [INFO] ✅ Loaded route: /api/auth
2025-12-02 07:29:39 [WARN] ⚠️  Route not found: /api/dreams (./routes/dreams.js)
2025-12-02 07:29:39 [INFO] ✅ Loaded route: /api/chatbot
2025-12-02 07:29:39 [INFO] ✅ Loaded route: /api/dream-diary
2025-12-02 07:29:39 [INFO] ✅ Loaded route: /api/sd
2025-12-02 07:29:39 [INFO] ✅ Loaded route: /api/community
2025-12-02 07:29:39 [INFO] ✅ Loaded route: /api/feedback
2025-12-02 07:29:39 [INFO] ✅ Loaded route: /api/analytics
2025-12-02 07:29:39 [INFO] ✅ Loaded route: /api/dream-diary/lifestyle
2025-12-02 07:29:39 [INFO] ✅ Loaded route: /api/recent-activity
2025-12-02 07:29:39 [INFO] ✅ Loaded route: /api/activity
2025-12-02 07:29:39 [INFO] ✅ Loaded route: /api/generate-image
2025-12-02 07:29:39 [INFO] ✅ Backend Running on localhost:5000
2025-12-02 07:29:39 [INFO] 🌐 Access at: http://localhost:5000
2025-12-02 07:29:39 [INFO] ✅ MongoDB Connected Successfully (Local)
2025-12-02 07:29:39 [INFO] ✅ Database initialized
2025-12-02 07:31:00 [INFO] ✅ Loaded route: /api/auth
2025-12-02 07:31:00 [WARN] ⚠️  Route not found: /api/dreams (./routes/dreams.js)
2025-12-02 07:31:00 [INFO] ✅ Loaded route: /api/chatbot
2025-12-02 07:31:00 [INFO] ✅ Loaded route: /api/dream-diary
2025-12-02 07:31:00 [INFO] ✅ Loaded route: /api/sd
2025-12-02 07:31:00 [INFO] ✅ Loaded route: /api/community
2025-12-02 07:31:00 [INFO] ✅ Loaded route: /api/feedback
2025-12-02 07:31:00 [INFO] ✅ Loaded route: /api/analytics
2025-12-02 07:31:00 [INFO] ✅ Loaded route: /api/dream-diary/lifestyle
2025-12-02 07:31:00 [INFO] ✅ Loaded route: /api/recent-activity
2025-12-02 07:31:00 [INFO] ✅ Loaded route: /api/activity
2025-12-02 07:31:00 [INFO] ✅ Loaded route: /api/generate-image
2025-12-02 07:31:00 [INFO] ✅ Backend Running on localhost:5000
2025-12-02 07:31:00 [INFO] 🌐 Access at: http://localhost:5000
2025-12-02 07:31:00 [INFO] ✅ MongoDB Connected Successfully (Local)
2025-12-02 07:31:00 [INFO] ✅ Database initialized
2025-12-02 07:34:47 [INFO] ✅ Loaded route: /api/auth
2025-12-02 07:34:47 [WARN] ⚠️  Route not found: /api/dreams (./routes/dreams.js)
2025-12-02 07:34:47 [INFO] ✅ Loaded route: /api/chatbot
2025-12-02 07:34:47 [INFO] ✅ Loaded route: /api/dream-diary
2025-12-02 07:34:47 [INFO] ✅ Loaded route: /api/sd
2025-12-02 07:34:47 [INFO] ✅ Loaded route: /api/community
2025-12-02 07:34:47 [INFO] ✅ Loaded route: /api/feedback
2025-12-02 07:34:47 [INFO] ✅ Loaded route: /api/analytics
2025-12-02 07:34:47 [INFO] ✅ Loaded route: /api/dream-diary/lifestyle
2025-12-02 07:34:47 [INFO] ✅ Loaded route: /api/recent-activity
2025-12-02 07:34:47 [INFO] ✅ Loaded route: /api/activity
2025-12-02 07:34:47 [INFO] ✅ Loaded route: /api/generate-image
2025-12-02 07:34:47 [INFO] ✅ Backend Running on localhost:5000
2025-12-02 07:34:47 [INFO] 🌐 Access at: http://localhost:5000
2025-12-02 07:34:47 [INFO] ✅ MongoDB Connected Successfully (Local)
2025-12-02 07:34:47 [INFO] ✅ Database initialized
2025-12-02 07:36:16 [INFO] ✅ Loaded route: /api/auth
2025-12-02 07:36:16 [WARN] ⚠️  Route not found: /api/dreams (./routes/dreams.js)
2025-12-02 07:36:16 [INFO] ✅ Loaded route: /api/chatbot
2025-12-02 07:36:17 [INFO] ✅ Loaded route: /api/dream-diary
2025-12-02 07:36:17 [INFO] ✅ Loaded route: /api/sd
2025-12-02 07:36:17 [INFO] ✅ Loaded route: /api/community
2025-12-02 07:36:17 [INFO] ✅ Loaded route: /api/feedback
2025-12-02 07:36:17 [INFO] ✅ Loaded route: /api/analytics
2025-12-02 07:36:17 [INFO] ✅ Loaded route: /api/dream-diary/lifestyle
2025-12-02 07:36:17 [INFO] ✅ Loaded route: /api/recent-activity
2025-12-02 07:36:17 [INFO] ✅ Loaded route: /api/activity
2025-12-02 07:36:17 [INFO] ✅ Loaded route: /api/generate-image
2025-12-02 07:36:17 [INFO] ✅ Backend Running on localhost:5000
2025-12-02 07:36:17 [INFO] 🌐 Access at: http://localhost:5000
2025-12-02 07:36:17 [INFO] ✅ MongoDB Connected Successfully (Local)
2025-12-02 07:36:17 [INFO] ✅ Database initialized
2025-12-02 07:41:26 [INFO] ✅ Loaded route: /api/auth
2025-12-02 07:41:26 [WARN] ⚠️  Route not found: /api/dreams (./routes/dreams.js)
2025-12-02 07:41:26 [INFO] ✅ Loaded route: /api/chatbot
2025-12-02 07:41:26 [INFO] ✅ Loaded route: /api/dream-diary
2025-12-02 07:41:26 [INFO] ✅ Loaded route: /api/sd
2025-12-02 07:41:26 [INFO] ✅ Loaded route: /api/community
2025-12-02 07:41:27 [INFO] ✅ Loaded route: /api/feedback
2025-12-02 07:41:27 [INFO] ✅ Loaded route: /api/analytics
2025-12-02 07:41:27 [INFO] ✅ Loaded route: /api/dream-diary/lifestyle
2025-12-02 07:41:27 [INFO] ✅ Loaded route: /api/recent-activity
2025-12-02 07:41:27 [INFO] ✅ Loaded route: /api/activity
2025-12-02 07:41:27 [INFO] ✅ Loaded route: /api/generate-image
2025-12-02 07:41:27 [INFO] ✅ Backend Running on localhost:5000
2025-12-02 07:41:27 [INFO] 🌐 Access at: http://localhost:5000
2025-12-02 07:41:27 [INFO] ✅ MongoDB Connected Successfully (Local)
2025-12-02 07:41:27 [INFO] ✅ Database initialized
2025-12-02 07:42:52 [INFO] ✅ Loaded route: /api/auth
2025-12-02 07:42:52 [WARN] ⚠️  Route not found: /api/dreams (./routes/dreams.js)
2025-12-02 07:42:52 [INFO] ✅ Loaded route: /api/chatbot
2025-12-02 07:42:52 [INFO] ✅ Loaded route: /api/dream-diary
2025-12-02 07:42:53 [INFO] ✅ Loaded route: /api/sd
2025-12-02 07:42:53 [INFO] ✅ Loaded route: /api/community
2025-12-02 07:42:53 [INFO] ✅ Loaded route: /api/feedback
2025-12-02 07:42:53 [INFO] ✅ Loaded route: /api/analytics
2025-12-02 07:42:53 [INFO] ✅ Loaded route: /api/dream-diary/lifestyle
2025-12-02 07:42:53 [INFO] ✅ Loaded route: /api/recent-activity
2025-12-02 07:42:53 [INFO] ✅ Loaded route: /api/activity
2025-12-02 07:42:53 [INFO] ✅ Loaded route: /api/generate-image
2025-12-02 07:42:53 [INFO] ✅ Backend Running on localhost:5000
2025-12-02 07:42:53 [INFO] 🌐 Access at: http://localhost:5000
2025-12-02 07:42:53 [INFO] ✅ MongoDB Connected Successfully (Local)
2025-12-02 07:42:53 [INFO] ✅ Database initialized
2025-12-02 07:43:30 [INFO] ✅ Loaded route: /api/auth
2025-12-02 07:43:30 [WARN] ⚠️  Route not found: /api/dreams (./routes/dreams.js)
2025-12-02 07:43:30 [INFO] ✅ Loaded route: /api/chatbot
2025-12-02 07:43:30 [INFO] ✅ Loaded route: /api/dream-diary
2025-12-02 07:43:30 [INFO] ✅ Loaded route: /api/sd
2025-12-02 07:43:30 [INFO] ✅ Loaded route: /api/community
2025-12-02 07:43:30 [INFO] ✅ Loaded route: /api/feedback
2025-12-02 07:43:30 [INFO] ✅ Loaded route: /api/analytics
2025-12-02 07:43:30 [INFO] ✅ Loaded route: /api/dream-diary/lifestyle
2025-12-02 07:43:30 [INFO] ✅ Loaded route: /api/recent-activity
2025-12-02 07:43:30 [INFO] ✅ Loaded route: /api/activity
2025-12-02 07:43:30 [INFO] ✅ Loaded route: /api/generate-image
2025-12-02 07:43:30 [INFO] ✅ Backend Running on localhost:5000
2025-12-02 07:43:30 [INFO] 🌐 Access at: http://localhost:5000
2025-12-02 07:43:30 [INFO] ✅ MongoDB Connected Successfully (Local)
2025-12-02 07:43:30 [INFO] ✅ Database initialized
2025-12-02 07:45:57 [INFO] ✅ Loaded route: /api/auth
2025-12-02 07:45:57 [WARN] ⚠️  Route not found: /api/dreams (./routes/dreams.js)
2025-12-02 07:45:57 [INFO] ✅ Loaded route: /api/chatbot
2025-12-02 07:45:57 [INFO] ✅ Loaded route: /api/dream-diary
2025-12-02 07:45:57 [INFO] ✅ Loaded route: /api/sd
2025-12-02 07:45:57 [INFO] ✅ Loaded route: /api/community
2025-12-02 07:45:57 [INFO] ✅ Loaded route: /api/feedback
2025-12-02 07:45:57 [INFO] ✅ Loaded route: /api/analytics
2025-12-02 07:45:57 [INFO] ✅ Loaded route: /api/dream-diary/lifestyle
2025-12-02 07:45:57 [INFO] ✅ Loaded route: /api/recent-activity
2025-12-02 07:45:57 [INFO] ✅ Loaded route: /api/activity
2025-12-02 07:45:57 [INFO] ✅ Loaded route: /api/generate-image
2025-12-02 07:45:57 [INFO] ✅ Backend Running on localhost:5000
2025-12-02 07:45:57 [INFO] 🌐 Access at: http://localhost:5000
2025-12-02 07:45:57 [INFO] ✅ MongoDB Connected Successfully (Local)
2025-12-02 07:45:57 [INFO] ✅ Database initialized
2025-12-02 07:59:28 [INFO] ✅ Loaded route: /api/auth
2025-12-02 07:59:28 [WARN] ⚠️  Route not found: /api/dreams (./routes/dreams.js)
2025-12-02 07:59:29 [INFO] ✅ Loaded route: /api/chatbot
2025-12-02 07:59:29 [INFO] ✅ Loaded route: /api/dream-diary
2025-12-02 07:59:29 [INFO] ✅ Loaded route: /api/sd
2025-12-02 07:59:29 [INFO] ✅ Loaded route: /api/community
2025-12-02 07:59:29 [INFO] ✅ Loaded route: /api/feedback
2025-12-02 07:59:29 [INFO] ✅ Loaded route: /api/analytics
2025-12-02 07:59:29 [INFO] ✅ Loaded route: /api/dream-diary/lifestyle
2025-12-02 07:59:29 [INFO] ✅ Loaded route: /api/recent-activity
2025-12-02 07:59:29 [INFO] ✅ Loaded route: /api/activity
2025-12-02 07:59:29 [INFO] ✅ Loaded route: /api/generate-image
2025-12-02 07:59:29 [INFO] ✅ Backend Running on localhost:5000
2025-12-02 07:59:29 [INFO] 🌐 Access at: http://localhost:5000
2025-12-02 07:59:29 [INFO] ✅ MongoDB Connected Successfully (Local)
2025-12-02 07:59:29 [INFO] ✅ Database initialized
2025-12-02 08:00:22 [INFO] ✅ Loaded route: /api/auth
2025-12-02 08:00:22 [WARN] ⚠️  Route not found: /api/dreams (./routes/dreams.js)
2025-12-02 08:00:22 [INFO] ✅ Loaded route: /api/chatbot
2025-12-02 08:00:22 [INFO] ✅ Loaded route: /api/dream-diary
2025-12-02 08:00:22 [INFO] ✅ Loaded route: /api/sd
2025-12-02 08:00:22 [INFO] ✅ Loaded route: /api/community
2025-12-02 08:00:22 [INFO] ✅ Loaded route: /api/feedback
2025-12-02 08:00:22 [INFO] ✅ Loaded route: /api/analytics
2025-12-02 08:00:22 [INFO] ✅ Loaded route: /api/dream-diary/lifestyle
2025-12-02 08:00:22 [INFO] ✅ Loaded route: /api/recent-activity
2025-12-02 08:00:22 [INFO] ✅ Loaded route: /api/activity
2025-12-02 08:00:22 [INFO] ✅ Loaded route: /api/generate-image
2025-12-02 08:00:22 [INFO] ✅ Backend Running on localhost:5000
2025-12-02 08:00:22 [INFO] 🌐 Access at: http://localhost:5000
2025-12-02 08:00:22 [INFO] ✅ MongoDB Connected Successfully (Local)
2025-12-02 08:00:22 [INFO] ✅ Database initialized
2025-12-02 08:00:30 [INFO] ✅ Loaded route: /api/auth
2025-12-02 08:00:30 [WARN] ⚠️  Route not found: /api/dreams (./routes/dreams.js)
2025-12-02 08:00:30 [INFO] ✅ Loaded route: /api/chatbot
2025-12-02 08:00:30 [INFO] ✅ Loaded route: /api/dream-diary
2025-12-02 08:00:30 [INFO] ✅ Loaded route: /api/sd
2025-12-02 08:00:30 [INFO] ✅ Loaded route: /api/community
2025-12-02 08:00:30 [INFO] ✅ Loaded route: /api/feedback
2025-12-02 08:00:30 [INFO] ✅ Loaded route: /api/analytics
2025-12-02 08:00:30 [INFO] ✅ Loaded route: /api/dream-diary/lifestyle
2025-12-02 08:00:30 [INFO] ✅ Loaded route: /api/recent-activity
2025-12-02 08:00:30 [INFO] ✅ Loaded route: /api/activity
2025-12-02 08:00:30 [INFO] ✅ Loaded route: /api/generate-image
2025-12-02 08:00:31 [INFO] ✅ Backend Running on localhost:5000
2025-12-02 08:00:31 [INFO] 🌐 Access at: http://localhost:5000
2025-12-02 08:00:31 [INFO] ✅ MongoDB Connected Successfully (Local)
2025-12-02 08:00:31 [INFO] ✅ Database initialized
2025-12-02 08:01:02 [INFO] ✅ Loaded route: /api/auth
2025-12-02 08:01:02 [WARN] ⚠️  Route not found: /api/dreams (./routes/dreams.js)
2025-12-02 08:01:02 [INFO] ✅ Loaded route: /api/chatbot
2025-12-02 08:01:02 [INFO] ✅ Loaded route: /api/dream-diary
2025-12-02 08:01:02 [INFO] ✅ Loaded route: /api/sd
2025-12-02 08:01:02 [INFO] ✅ Loaded route: /api/community
2025-12-02 08:01:02 [INFO] ✅ Loaded route: /api/feedback
2025-12-02 08:01:02 [INFO] ✅ Loaded route: /api/analytics
2025-12-02 08:01:02 [INFO] ✅ Loaded route: /api/dream-diary/lifestyle
2025-12-02 08:01:02 [INFO] ✅ Loaded route: /api/recent-activity
2025-12-02 08:01:02 [INFO] ✅ Loaded route: /api/activity
2025-12-02 08:01:02 [INFO] ✅ Loaded route: /api/generate-image
2025-12-02 08:01:02 [INFO] ✅ Backend Running on localhost:5000
2025-12-02 08:01:02 [INFO] 🌐 Access at: http://localhost:5000
2025-12-02 08:01:02 [INFO] ✅ MongoDB Connected Successfully (Local)
2025-12-02 08:01:02 [INFO] ✅ Database initialized
2025-12-02 08:02:18 [INFO] ✅ Loaded route: /api/auth
2025-12-02 08:02:19 [WARN] ⚠️  Route not found: /api/dreams (./routes/dreams.js)
2025-12-02 08:02:19 [INFO] ✅ Loaded route: /api/chatbot
2025-12-02 08:02:19 [INFO] ✅ Loaded route: /api/dream-diary
2025-12-02 08:02:19 [INFO] ✅ Loaded route: /api/sd
2025-12-02 08:02:19 [INFO] ✅ Loaded route: /api/community
2025-12-02 08:02:19 [INFO] ✅ Loaded route: /api/feedback
2025-12-02 08:02:19 [INFO] ✅ Loaded route: /api/analytics
2025-12-02 08:02:19 [INFO] ✅ Loaded route: /api/dream-diary/lifestyle
2025-12-02 08:02:19 [INFO] ✅ Loaded route: /api/recent-activity
2025-12-02 08:02:19 [INFO] ✅ Loaded route: /api/activity
2025-12-02 08:02:19 [INFO] ✅ Loaded route: /api/generate-image
2025-12-02 08:02:19 [INFO] ✅ Backend Running on localhost:5000
2025-12-02 08:02:19 [INFO] 🌐 Access at: http://localhost:5000
2025-12-02 08:02:19 [INFO] ✅ MongoDB Connected Successfully (Local)
2025-12-02 08:02:19 [INFO] ✅ Database initialized
2025-12-02 08:06:29 [INFO] ✅ Loaded route: /api/auth
2025-12-02 08:06:29 [WARN] ⚠️  Route not found: /api/dreams (./routes/dreams.js)
2025-12-02 08:06:29 [INFO] ✅ Loaded route: /api/chatbot
2025-12-02 08:06:30 [INFO] ✅ Loaded route: /api/dream-diary
2025-12-02 08:06:30 [INFO] ✅ Loaded route: /api/sd
2025-12-02 08:06:30 [INFO] ✅ Loaded route: /api/community
2025-12-02 08:06:30 [INFO] ✅ Loaded route: /api/feedback
2025-12-02 08:06:30 [INFO] ✅ Loaded route: /api/analytics
2025-12-02 08:06:30 [INFO] ✅ Loaded route: /api/dream-diary/lifestyle
2025-12-02 08:06:30 [INFO] ✅ Loaded route: /api/recent-activity
2025-12-02 08:06:30 [INFO] ✅ Loaded route: /api/activity
2025-12-02 08:06:30 [INFO] ✅ Loaded route: /api/generate-image
2025-12-02 08:06:30 [INFO] ✅ Backend Running on localhost:5000
2025-12-02 08:06:30 [INFO] 🌐 Access at: http://localhost:5000
2025-12-02 08:06:30 [INFO] ✅ MongoDB Connected Successfully (Local)
2025-12-02 08:06:30 [INFO] ✅ Database initialized
2025-12-02 08:07:56 [INFO] ✅ Loaded route: /api/auth
2025-12-02 08:07:56 [WARN] ⚠️  Route not found: /api/dreams (./routes/dreams.js)
2025-12-02 08:07:56 [INFO] ✅ Loaded route: /api/chatbot
2025-12-02 08:07:56 [INFO] ✅ Loaded route: /api/dream-diary
2025-12-02 08:07:56 [INFO] ✅ Loaded route: /api/sd
2025-12-02 08:07:56 [INFO] ✅ Loaded route: /api/community
2025-12-02 08:07:56 [INFO] ✅ Loaded route: /api/feedback
2025-12-02 08:07:56 [INFO] ✅ Loaded route: /api/analytics
2025-12-02 08:07:56 [INFO] ✅ Loaded route: /api/dream-diary/lifestyle
2025-12-02 08:07:56 [INFO] ✅ Loaded route: /api/recent-activity
2025-12-02 08:07:56 [INFO] ✅ Loaded route: /api/activity
2025-12-02 08:07:56 [INFO] ✅ Loaded route: /api/generate-image
2025-12-02 08:07:56 [INFO] ✅ Backend Running on localhost:5000
2025-12-02 08:07:56 [INFO] 🌐 Access at: http://localhost:5000
2025-12-02 08:07:56 [INFO] ✅ MongoDB Connected Successfully (Local)
2025-12-02 08:07:56 [INFO] ✅ Database initialized
2025-12-02 14:44:48 [INFO] ✅ Loaded route: /api/auth
2025-12-02 14:44:49 [WARN] ⚠️  Route not found: /api/dreams (./routes/dreams.js)
2025-12-02 14:44:49 [INFO] ✅ Loaded route: /api/chatbot
2025-12-02 14:44:49 [INFO] ✅ Loaded route: /api/dream-diary
2025-12-02 14:44:49 [INFO] ✅ Loaded route: /api/sd
2025-12-02 14:44:49 [INFO] ✅ Loaded route: /api/community
2025-12-02 14:44:49 [INFO] ✅ Loaded route: /api/feedback
2025-12-02 14:44:49 [INFO] ✅ Loaded route: /api/analytics
2025-12-02 14:44:49 [INFO] ✅ Loaded route: /api/dream-diary/lifestyle
2025-12-02 14:44:49 [INFO] ✅ Loaded route: /api/recent-activity
2025-12-02 14:44:49 [INFO] ✅ Loaded route: /api/activity
2025-12-02 14:44:49 [INFO] ✅ Loaded route: /api/generate-image
2025-12-02 14:44:49 [INFO] ✅ Backend Running on localhost:5000
2025-12-02 14:44:49 [INFO] 🌐 Access at: http://localhost:5000
2025-12-02 14:44:49 [INFO] ✅ MongoDB Connected Successfully (Local)
2025-12-02 14:44:49 [INFO] ✅ Database initialized
2025-12-02 14:47:17 [INFO] ✅ Loaded route: /api/auth
2025-12-02 14:47:17 [WARN] ⚠️  Route not found: /api/dreams (./routes/dreams.js)
2025-12-02 14:47:17 [INFO] ✅ Loaded route: /api/chatbot
2025-12-02 14:47:18 [INFO] ✅ Loaded route: /api/dream-diary
2025-12-02 14:47:18 [INFO] ✅ Loaded route: /api/sd
2025-12-02 14:47:18 [INFO] ✅ Loaded route: /api/community
2025-12-02 14:47:18 [INFO] ✅ Loaded route: /api/feedback
2025-12-02 14:47:18 [INFO] ✅ Loaded route: /api/analytics
2025-12-02 14:47:18 [INFO] ✅ Loaded route: /api/dream-diary/lifestyle
2025-12-02 14:47:18 [INFO] ✅ Loaded route: /api/recent-activity
2025-12-02 14:47:18 [INFO] ✅ Loaded route: /api/activity
2025-12-02 14:47:18 [INFO] ✅ Loaded route: /api/generate-image
2025-12-02 14:47:18 [INFO] ✅ Backend Running on localhost:5000
2025-12-02 14:47:18 [INFO] 🌐 Access at: http://localhost:5000
2025-12-02 14:47:18 [INFO] ✅ MongoDB Connected Successfully (Local)
2025-12-02 14:47:18 [INFO] ✅ Database initialized
2025-12-02 14:52:08 [INFO] ✅ Loaded route: /api/auth
2025-12-02 14:52:08 [WARN] ⚠️  Route not found: /api/dreams (./routes/dreams.js)
2025-12-02 14:52:08 [INFO] ✅ Loaded route: /api/chatbot
2025-12-02 14:52:08 [INFO] ✅ Loaded route: /api/dream-diary
2025-12-02 14:52:08 [INFO] ✅ Loaded route: /api/sd
2025-12-02 14:52:08 [INFO] ✅ Loaded route: /api/community
2025-12-02 14:52:08 [INFO] ✅ Loaded route: /api/feedback
2025-12-02 14:52:08 [INFO] ✅ Loaded route: /api/analytics
2025-12-02 14:52:08 [INFO] ✅ Loaded route: /api/dream-diary/lifestyle
2025-12-02 14:52:08 [INFO] ✅ Loaded route: /api/recent-activity
2025-12-02 14:52:08 [INFO] ✅ Loaded route: /api/activity
2025-12-02 14:52:08 [INFO] ✅ Loaded route: /api/generate-image
2025-12-02 14:52:08 [INFO] ✅ Backend Running on localhost:5000
2025-12-02 14:52:08 [INFO] 🌐 Access at: http://localhost:5000
2025-12-02 14:52:08 [INFO] ✅ MongoDB Connected Successfully (Local)
2025-12-02 14:52:08 [INFO] ✅ Database initialized
2025-12-02 14:57:01 [INFO] ✅ Loaded route: /api/auth
2025-12-02 14:57:01 [WARN] ⚠️  Route not found: /api/dreams (./routes/dreams.js)
2025-12-02 14:57:01 [INFO] ✅ Loaded route: /api/chatbot
2025-12-02 14:57:01 [INFO] ✅ Loaded route: /api/dream-diary
2025-12-02 14:57:01 [INFO] ✅ Loaded route: /api/sd
2025-12-02 14:57:01 [INFO] ✅ Loaded route: /api/community
2025-12-02 14:57:01 [INFO] ✅ Loaded route: /api/feedback
2025-12-02 14:57:01 [INFO] ✅ Loaded route: /api/analytics
2025-12-02 14:57:01 [INFO] ✅ Loaded route: /api/dream-diary/lifestyle
2025-12-02 14:57:01 [INFO] ✅ Loaded route: /api/recent-activity
2025-12-02 14:57:01 [INFO] ✅ Loaded route: /api/activity
2025-12-02 14:57:01 [INFO] ✅ Loaded route: /api/generate-image
2025-12-02 14:57:01 [INFO] ✅ Backend Running on localhost:5000
2025-12-02 14:57:01 [INFO] 🌐 Access at: http://localhost:5000
2025-12-02 14:57:01 [INFO] ✅ MongoDB Connected Successfully (Local)
2025-12-02 14:57:01 [INFO] ✅ Database initialized
2025-12-02 15:03:50 [INFO] ✅ Loaded route: /api/auth
2025-12-02 15:03:51 [WARN] ⚠️  Route not found: /api/dreams (./routes/dreams.js)
2025-12-02 15:03:51 [INFO] ✅ Loaded route: /api/chatbot
2025-12-02 15:03:51 [INFO] ✅ Loaded route: /api/dream-diary
2025-12-02 15:03:51 [INFO] ✅ Loaded route: /api/sd
2025-12-02 15:03:51 [INFO] ✅ Loaded route: /api/community
2025-12-02 15:03:51 [INFO] ✅ Loaded route: /api/feedback
2025-12-02 15:03:51 [INFO] ✅ Loaded route: /api/analytics
2025-12-02 15:03:51 [INFO] ✅ Loaded route: /api/dream-diary/lifestyle
2025-12-02 15:03:51 [INFO] ✅ Loaded route: /api/recent-activity
2025-12-02 15:03:51 [INFO] ✅ Loaded route: /api/activity
2025-12-02 15:03:51 [INFO] ✅ Loaded route: /api/generate-image
2025-12-02 15:03:51 [INFO] ✅ Backend Running on localhost:5000
2025-12-02 15:03:51 [INFO] 🌐 Access at: http://localhost:5000
2025-12-02 15:03:51 [INFO] ✅ MongoDB Connected Successfully (Local)
2025-12-02 15:03:51 [INFO] ✅ Database initialized
2025-12-02 15:10:30 [INFO] ✅ Loaded route: /api/auth
2025-12-02 15:10:31 [WARN] ⚠️  Route not found: /api/dreams (./routes/dreams.js)
2025-12-02 15:10:31 [INFO] ✅ Loaded route: /api/chatbot
2025-12-02 15:10:31 [INFO] ✅ Loaded route: /api/dream-diary
2025-12-02 15:10:31 [INFO] ✅ Loaded route: /api/sd
2025-12-02 15:10:31 [INFO] ✅ Loaded route: /api/community
2025-12-02 15:10:31 [INFO] ✅ Loaded route: /api/feedback
2025-12-02 15:10:31 [INFO] ✅ Loaded route: /api/analytics
2025-12-02 15:10:31 [INFO] ✅ Loaded route: /api/dream-diary/lifestyle
2025-12-02 15:10:31 [INFO] ✅ Loaded route: /api/recent-activity
2025-12-02 15:10:31 [INFO] ✅ Loaded route: /api/activity
2025-12-02 15:10:31 [INFO] ✅ Loaded route: /api/generate-image
2025-12-02 15:10:31 [INFO] ✅ Backend Running on localhost:5000
2025-12-02 15:10:31 [INFO] 🌐 Access at: http://localhost:5000
2025-12-02 15:10:31 [INFO] ✅ MongoDB Connected Successfully (Local)
2025-12-02 15:10:31 [INFO] ✅ Database initialized
2025-12-02 15:15:26 [INFO] ✅ Loaded route: /api/auth
2025-12-02 15:15:26 [WARN] ⚠️  Route not found: /api/dreams (./routes/dreams.js)
2025-12-02 15:15:26 [INFO] ✅ Loaded route: /api/chatbot
2025-12-02 15:15:26 [INFO] ✅ Loaded route: /api/dream-diary
2025-12-02 15:15:26 [INFO] ✅ Loaded route: /api/sd
2025-12-02 15:15:26 [INFO] ✅ Loaded route: /api/community
2025-12-02 15:15:26 [INFO] ✅ Loaded route: /api/feedback
2025-12-02 15:15:26 [INFO] ✅ Loaded route: /api/analytics
2025-12-02 15:15:26 [INFO] ✅ Loaded route: /api/dream-diary/lifestyle
2025-12-02 15:15:26 [INFO] ✅ Loaded route: /api/recent-activity
2025-12-02 15:15:26 [INFO] ✅ Loaded route: /api/activity
2025-12-02 15:15:26 [INFO] ✅ Loaded route: /api/generate-image
2025-12-02 15:15:26 [INFO] ✅ Backend Running on localhost:5000
2025-12-02 15:15:26 [INFO] 🌐 Access at: http://localhost:5000
2025-12-02 15:15:26 [INFO] ✅ MongoDB Connected Successfully (Local)
2025-12-02 15:15:26 [INFO] ✅ Database initialized
2025-12-02 15:22:14 [INFO] ✅ Loaded route: /api/auth
2025-12-02 15:22:14 [WARN] ⚠️  Route not found: /api/dreams (./routes/dreams.js)
2025-12-02 15:22:14 [INFO] ✅ Loaded route: /api/chatbot
2025-12-02 15:22:14 [INFO] ✅ Loaded route: /api/dream-diary
2025-12-02 15:22:14 [INFO] ✅ Loaded route: /api/sd
2025-12-02 15:22:14 [INFO] ✅ Loaded route: /api/community
2025-12-02 15:22:14 [INFO] ✅ Loaded route: /api/feedback
2025-12-02 15:22:14 [INFO] ✅ Loaded route: /api/analytics
2025-12-02 15:22:14 [INFO] ✅ Loaded route: /api/dream-diary/lifestyle
2025-12-02 15:22:14 [INFO] ✅ Loaded route: /api/recent-activity
2025-12-02 15:22:14 [INFO] ✅ Loaded route: /api/activity
2025-12-02 15:22:14 [INFO] ✅ Loaded route: /api/generate-image
2025-12-02 15:22:14 [INFO] ✅ Backend Running on localhost:5000
2025-12-02 15:22:14 [INFO] 🌐 Access at: http://localhost:5000
2025-12-02 15:22:14 [INFO] ✅ MongoDB Connected Successfully (Local)
2025-12-02 15:22:14 [INFO] ✅ Database initialized
2025-12-02 15:27:44 [INFO] ✅ Loaded route: /api/auth
2025-12-02 15:27:44 [WARN] ⚠️  Route not found: /api/dreams (./routes/dreams.js)
2025-12-02 15:27:44 [INFO] ✅ Loaded route: /api/chatbot
2025-12-02 15:27:44 [INFO] ✅ Loaded route: /api/dream-diary
2025-12-02 15:27:44 [INFO] ✅ Loaded route: /api/sd
2025-12-02 15:27:44 [INFO] ✅ Loaded route: /api/community
2025-12-02 15:27:44 [INFO] ✅ Loaded route: /api/feedback
2025-12-02 15:27:44 [INFO] ✅ Loaded route: /api/analytics
2025-12-02 15:27:44 [INFO] ✅ Loaded route: /api/dream-diary/lifestyle
2025-12-02 15:27:44 [INFO] ✅ Loaded route: /api/recent-activity
2025-12-02 15:27:44 [INFO] ✅ Loaded route: /api/activity
2025-12-02 15:27:44 [INFO] ✅ Loaded route: /api/generate-image
2025-12-02 15:27:44 [INFO] ✅ Backend Running on localhost:5000
2025-12-02 15:27:44 [INFO] 🌐 Access at: http://localhost:5000
2025-12-02 15:27:44 [INFO] ✅ MongoDB Connected Successfully (Local)
2025-12-02 15:27:44 [INFO] ✅ Database initialized
2025-12-02 15:33:02 [INFO] ✅ Loaded route: /api/auth
2025-12-02 15:33:03 [WARN] ⚠️  Route not found: /api/dreams (./routes/dreams.js)
2025-12-02 15:33:03 [INFO] ✅ Loaded route: /api/chatbot
2025-12-02 15:33:03 [INFO] ✅ Loaded route: /api/dream-diary
2025-12-02 15:33:03 [INFO] ✅ Loaded route: /api/sd
2025-12-02 15:33:03 [INFO] ✅ Loaded route: /api/community
2025-12-02 15:33:03 [INFO] ✅ Loaded route: /api/feedback
2025-12-02 15:33:03 [INFO] ✅ Loaded route: /api/analytics
2025-12-02 15:33:03 [INFO] ✅ Loaded route: /api/dream-diary/lifestyle
2025-12-02 15:33:03 [INFO] ✅ Loaded route: /api/recent-activity
2025-12-02 15:33:03 [INFO] ✅ Loaded route: /api/activity
2025-12-02 15:33:03 [INFO] ✅ Loaded route: /api/generate-image
2025-12-02 15:33:03 [INFO] ✅ Backend Running on localhost:5000
2025-12-02 15:33:03 [INFO] 🌐 Access at: http://localhost:5000
2025-12-02 15:33:03 [INFO] ✅ MongoDB Connected Successfully (Local)
2025-12-02 15:33:03 [INFO] ✅ Database initialized
2025-12-02 15:41:13 [INFO] ✅ Loaded route: /api/auth
2025-12-02 15:41:13 [WARN] ⚠️  Route not found: /api/dreams (./routes/dreams.js)
2025-12-02 15:41:13 [INFO] ✅ Loaded route: /api/chatbot
2025-12-02 15:41:13 [INFO] ✅ Loaded route: /api/dream-diary
2025-12-02 15:41:13 [INFO] ✅ Loaded route: /api/sd
2025-12-02 15:41:13 [INFO] ✅ Loaded route: /api/community
2025-12-02 15:41:13 [INFO] ✅ Loaded route: /api/feedback
2025-12-02 15:41:13 [INFO] ✅ Loaded route: /api/analytics
2025-12-02 15:41:13 [INFO] ✅ Loaded route: /api/dream-diary/lifestyle
2025-12-02 15:41:13 [INFO] ✅ Loaded route: /api/recent-activity
2025-12-02 15:41:13 [INFO] ✅ Loaded route: /api/activity
2025-12-02 15:41:13 [INFO] ✅ Loaded route: /api/generate-image
2025-12-02 15:41:14 [INFO] ✅ Backend Running on localhost:5000
2025-12-02 15:41:14 [INFO] 🌐 Access at: http://localhost:5000
2025-12-02 15:41:14 [INFO] ✅ MongoDB Connected Successfully (Local)
2025-12-02 15:41:14 [INFO] ✅ Database initialized
2025-12-02 15:46:46 [INFO] ✅ Loaded route: /api/auth
2025-12-02 15:46:46 [WARN] ⚠️  Route not found: /api/dreams (./routes/dreams.js)
2025-12-02 15:46:46 [INFO] ✅ Loaded route: /api/chatbot
2025-12-02 15:46:47 [INFO] ✅ Loaded route: /api/dream-diary
2025-12-02 15:46:47 [INFO] ✅ Loaded route: /api/sd
2025-12-02 15:46:47 [INFO] ✅ Loaded route: /api/community
2025-12-02 15:46:47 [INFO] ✅ Loaded route: /api/feedback
2025-12-02 15:46:47 [INFO] ✅ Loaded route: /api/analytics
2025-12-02 15:46:47 [INFO] ✅ Loaded route: /api/dream-diary/lifestyle
2025-12-02 15:46:47 [INFO] ✅ Loaded route: /api/recent-activity
2025-12-02 15:46:47 [INFO] ✅ Loaded route: /api/activity
2025-12-02 15:46:47 [INFO] ✅ Loaded route: /api/generate-image
2025-12-02 15:46:47 [INFO] ✅ Backend Running on localhost:5000
2025-12-02 15:46:47 [INFO] 🌐 Access at: http://localhost:5000
2025-12-02 15:46:47 [INFO] ✅ MongoDB Connected Successfully (Local)
2025-12-02 15:46:47 [INFO] ✅ Database initialized
2025-12-02 16:30:53 [INFO] ✅ Loaded route: /api/auth
2025-12-02 16:30:53 [WARN] ⚠️  Route not found: /api/dreams (./routes/dreams.js)
2025-12-02 16:30:53 [INFO] ✅ Loaded route: /api/chatbot
2025-12-02 16:30:53 [INFO] ✅ Loaded route: /api/dream-diary
2025-12-02 16:30:53 [INFO] ✅ Loaded route: /api/sd
2025-12-02 16:30:53 [INFO] ✅ Loaded route: /api/community
2025-12-02 16:30:53 [INFO] ✅ Loaded route: /api/feedback
2025-12-02 16:30:53 [INFO] ✅ Loaded route: /api/analytics
2025-12-02 16:30:53 [INFO] ✅ Loaded route: /api/dream-diary/lifestyle
2025-12-02 16:30:53 [INFO] ✅ Loaded route: /api/recent-activity
2025-12-02 16:30:53 [INFO] ✅ Loaded route: /api/activity
2025-12-02 16:30:53 [INFO] ✅ Loaded route: /api/generate-image
2025-12-02 16:30:53 [INFO] ✅ Backend Running on localhost:5000
2025-12-02 16:30:53 [INFO] 🌐 Access at: http://localhost:5000
2025-12-02 16:30:53 [INFO] ✅ MongoDB Connected Successfully (Local)
2025-12-02 16:30:53 [INFO] ✅ Database initialized
2025-12-02 16:34:05 [INFO] ✅ Loaded route: /api/auth
2025-12-02 16:34:05 [WARN] ⚠️  Route not found: /api/dreams (./routes/dreams.js)
2025-12-02 16:34:05 [INFO] ✅ Loaded route: /api/chatbot
2025-12-02 16:34:05 [INFO] ✅ Loaded route: /api/dream-diary
2025-12-02 16:34:05 [INFO] ✅ Loaded route: /api/sd
2025-12-02 16:34:05 [INFO] ✅ Loaded route: /api/community
2025-12-02 16:34:05 [INFO] ✅ Loaded route: /api/feedback
2025-12-02 16:34:05 [INFO] ✅ Loaded route: /api/analytics
2025-12-02 16:34:05 [INFO] ✅ Loaded route: /api/dream-diary/lifestyle
2025-12-02 16:34:05 [INFO] ✅ Loaded route: /api/recent-activity
2025-12-02 16:34:05 [INFO] ✅ Loaded route: /api/activity
2025-12-02 16:34:05 [INFO] ✅ Loaded route: /api/generate-image
2025-12-02 16:34:06 [INFO] ✅ Backend Running on localhost:5000
2025-12-02 16:34:06 [INFO] 🌐 Access at: http://localhost:5000
2025-12-02 16:34:06 [INFO] ✅ MongoDB Connected Successfully (Local)
2025-12-02 16:34:06 [INFO] ✅ Database initialized
2025-12-03 19:30:56 [INFO] ✅ Loaded route: /api/auth
2025-12-03 19:30:56 [WARN] ⚠️  Route not found: /api/dreams (./routes/dreams.js)
2025-12-03 19:30:56 [INFO] ✅ Loaded route: /api/chatbot
2025-12-03 19:30:56 [INFO] ✅ Loaded route: /api/dream-diary
2025-12-03 19:30:56 [INFO] ✅ Loaded route: /api/sd
2025-12-03 19:30:56 [INFO] ✅ Loaded route: /api/community
2025-12-03 19:30:56 [INFO] ✅ Loaded route: /api/feedback
2025-12-03 19:30:56 [INFO] ✅ Loaded route: /api/analytics
2025-12-03 19:30:56 [INFO] ✅ Loaded route: /api/dream-diary/lifestyle
2025-12-03 19:30:56 [INFO] ✅ Loaded route: /api/recent-activity
2025-12-03 19:30:56 [INFO] ✅ Loaded route: /api/activity
2025-12-03 19:30:56 [INFO] ✅ Loaded route: /api/generate-image
2025-12-03 19:30:57 [INFO] ✅ Backend Running on localhost:5000
2025-12-03 19:30:57 [INFO] 🌐 Access at: http://localhost:5000
2025-12-03 19:30:57 [INFO] ✅ MongoDB Connected Successfully (Local)
2025-12-03 19:30:57 [INFO] ✅ Database initialized
2025-12-03 19:40:23 [INFO] ✅ Loaded route: /api/auth
2025-12-03 19:40:23 [WARN] ⚠️  Route not found: /api/dreams (./routes/dreams.js)
2025-12-03 19:40:23 [INFO] ✅ Loaded route: /api/chatbot
2025-12-03 19:40:23 [INFO] ✅ Loaded route: /api/dream-diary
2025-12-03 19:40:23 [INFO] ✅ Loaded route: /api/sd
2025-12-03 19:40:23 [INFO] ✅ Loaded route: /api/community
2025-12-03 19:40:23 [INFO] ✅ Loaded route: /api/feedback
2025-12-03 19:40:23 [INFO] ✅ Loaded route: /api/analytics
2025-12-03 19:40:23 [INFO] ✅ Loaded route: /api/dream-diary/lifestyle
2025-12-03 19:40:23 [INFO] ✅ Loaded route: /api/recent-activity
2025-12-03 19:40:23 [INFO] ✅ Loaded route: /api/activity
2025-12-03 19:40:23 [INFO] ✅ Loaded route: /api/generate-image
2025-12-03 19:40:23 [INFO] ✅ Backend Running on localhost:5000
2025-12-03 19:40:23 [INFO] 🌐 Access at: http://localhost:5000
2025-12-03 19:40:23 [INFO] ✅ MongoDB Connected Successfully (Local)
2025-12-03 19:40:23 [INFO] ✅ Database initialized
2025-12-03 19:42:43 [INFO] [Image Generation] Request received - Prompt: "a lion is hunting a human"
2025-12-03 19:42:43 [ERROR] [Image Generation] Error generating image:
2025-12-03 19:42:45 [INFO] [Image Generation] Request received - Prompt: "a lion is hunting a human"
2025-12-03 19:42:45 [ERROR] [Image Generation] Error generating image:
2025-12-03 19:42:49 [INFO] [Image Generation] Request received - Prompt: "a lion is hunting a human"
2025-12-03 19:42:49 [ERROR] [Image Generation] Error generating image:
2025-12-03 20:49:20 [INFO] ✅ Loaded route: /api/auth
2025-12-03 20:49:21 [WARN] ⚠️  Route not found: /api/dreams (./routes/dreams.js)
2025-12-03 20:49:21 [INFO] ✅ Loaded route: /api/chatbot
2025-12-03 20:49:28 [INFO] ✅ Loaded route: /api/dream-diary
2025-12-03 20:49:29 [INFO] ✅ Loaded route: /api/sd
2025-12-03 20:49:29 [INFO] ✅ Loaded route: /api/community
2025-12-03 20:49:29 [INFO] ✅ Loaded route: /api/feedback
2025-12-03 20:49:29 [INFO] ✅ Loaded route: /api/analytics
2025-12-03 20:49:29 [INFO] ✅ Loaded route: /api/dream-diary/lifestyle
2025-12-03 20:49:29 [INFO] ✅ Loaded route: /api/recent-activity
2025-12-03 20:49:29 [INFO] ✅ Loaded route: /api/activity
2025-12-03 20:49:29 [INFO] ✅ Loaded route: /api/generate-image
2025-12-03 20:49:33 [WARN] ⚠️  MongoDB Local connection failed: Server selection timed out after 10000 ms
2025-12-03 20:49:33 [ERROR] ❌ All MongoDB connection attempts failed. Set MONGO_URI_ATLAS or ensure local MongoDB is running.
2025-12-03 20:49:33 [ERROR] ❌ Database init failed: MongoDB connection failed
2025-12-03 20:49:33 [INFO] ✅ Backend Running on localhost:5000
2025-12-03 20:49:33 [INFO] 🌐 Access at: http://localhost:5000
2025-12-03 20:49:53 [INFO] ✅ Loaded route: /api/auth
2025-12-03 20:49:53 [WARN] ⚠️  Route not found: /api/dreams (./routes/dreams.js)
2025-12-03 20:49:53 [INFO] ✅ Loaded route: /api/chatbot
2025-12-03 20:49:54 [INFO] ✅ Loaded route: /api/dream-diary
2025-12-03 20:49:54 [INFO] ✅ Loaded route: /api/sd
2025-12-03 20:49:54 [INFO] ✅ Loaded route: /api/community
2025-12-03 20:49:54 [INFO] ✅ Loaded route: /api/feedback
2025-12-03 20:49:54 [INFO] ✅ Loaded route: /api/analytics
2025-12-03 20:49:54 [INFO] ✅ Loaded route: /api/dream-diary/lifestyle
2025-12-03 20:49:54 [INFO] ✅ Loaded route: /api/recent-activity
2025-12-03 20:49:54 [INFO] ✅ Loaded route: /api/activity
2025-12-03 20:49:54 [INFO] ✅ Loaded route: /api/generate-image
2025-12-03 20:49:54 [INFO] ✅ Backend Running on localhost:5000
2025-12-03 20:49:54 [INFO] 🌐 Access at: http://localhost:5000
2025-12-03 20:49:54 [INFO] ✅ MongoDB Connected Successfully (Local)
2025-12-03 20:49:54 [INFO] ✅ Database initialized
2025-12-03 21:01:26 [INFO] ✅ Loaded route: /api/auth
2025-12-03 21:01:26 [WARN] ⚠️  Route not found: /api/dreams (./routes/dreams.js)
2025-12-03 21:01:26 [INFO] ✅ Loaded route: /api/chatbot
2025-12-03 21:01:27 [INFO] ✅ Loaded route: /api/dream-diary
2025-12-03 21:01:27 [INFO] ✅ Loaded route: /api/sd
2025-12-03 21:01:27 [INFO] ✅ Loaded route: /api/community
2025-12-03 21:01:27 [INFO] ✅ Loaded route: /api/feedback
2025-12-03 21:01:27 [INFO] ✅ Loaded route: /api/analytics
2025-12-03 21:01:27 [INFO] ✅ Loaded route: /api/dream-diary/lifestyle
2025-12-03 21:01:27 [INFO] ✅ Loaded route: /api/recent-activity
2025-12-03 21:01:27 [INFO] ✅ Loaded route: /api/activity
2025-12-03 21:01:27 [INFO] ✅ Loaded route: /api/generate-image
2025-12-03 21:01:27 [INFO] ✅ Backend Running on localhost:5000
2025-12-03 21:01:27 [INFO] 🌐 Access at: http://localhost:5000
2025-12-03 21:01:27 [INFO] ✅ MongoDB Connected Successfully (Local)
2025-12-03 21:01:27 [INFO] ✅ Database initialized
2025-12-03 21:11:13 [INFO] ✅ Loaded route: /api/auth
2025-12-03 21:11:14 [WARN] ⚠️  Route not found: /api/dreams (./routes/dreams.js)
2025-12-03 21:11:14 [INFO] ✅ Loaded route: /api/chatbot
2025-12-03 21:11:14 [INFO] ✅ Loaded route: /api/dream-diary
2025-12-03 21:11:14 [INFO] ✅ Loaded route: /api/sd
2025-12-03 21:11:14 [INFO] ✅ Loaded route: /api/community
2025-12-03 21:11:14 [INFO] ✅ Loaded route: /api/feedback
2025-12-03 21:11:14 [INFO] ✅ Loaded route: /api/analytics
2025-12-03 21:11:14 [INFO] ✅ Loaded route: /api/dream-diary/lifestyle
2025-12-03 21:11:14 [INFO] ✅ Loaded route: /api/recent-activity
2025-12-03 21:11:14 [INFO] ✅ Loaded route: /api/activity
2025-12-03 21:11:14 [INFO] ✅ Loaded route: /api/generate-image
2025-12-03 21:11:14 [INFO] ✅ Backend Running on localhost:5000
2025-12-03 21:11:14 [INFO] 🌐 Access at: http://localhost:5000
2025-12-03 21:11:14 [INFO] ✅ MongoDB Connected Successfully (Local)
2025-12-03 21:11:14 [INFO] ✅ Database initialized
2025-12-03 21:23:27 [INFO] ✅ Loaded route: /api/auth
2025-12-03 21:23:27 [WARN] ⚠️  Route not found: /api/dreams (./routes/dreams.js)
2025-12-03 21:23:27 [INFO] ✅ Loaded route: /api/chatbot
2025-12-03 21:23:28 [INFO] ✅ Loaded route: /api/dream-diary
2025-12-03 21:23:28 [INFO] ✅ Loaded route: /api/sd
2025-12-03 21:23:28 [INFO] ✅ Loaded route: /api/community
2025-12-03 21:23:28 [INFO] ✅ Loaded route: /api/feedback
2025-12-03 21:23:28 [INFO] ✅ Loaded route: /api/analytics
2025-12-03 21:23:28 [INFO] ✅ Loaded route: /api/dream-diary/lifestyle
2025-12-03 21:23:28 [INFO] ✅ Loaded route: /api/recent-activity
2025-12-03 21:23:28 [INFO] ✅ Loaded route: /api/activity
2025-12-03 21:23:28 [INFO] ✅ Loaded route: /api/generate-image
2025-12-03 21:23:28 [INFO] ✅ Backend Running on localhost:5000
2025-12-03 21:23:28 [INFO] 🌐 Access at: http://localhost:5000
2025-12-03 21:23:28 [INFO] ✅ MongoDB Connected Successfully (Local)
2025-12-03 21:23:28 [INFO] ✅ Database initialized
2025-12-03 21:25:11 [INFO] ✅ Loaded route: /api/auth
2025-12-03 21:25:11 [WARN] ⚠️  Route not found: /api/dreams (./routes/dreams.js)
2025-12-03 21:25:11 [INFO] ✅ Loaded route: /api/chatbot
2025-12-03 21:25:11 [INFO] ✅ Loaded route: /api/dream-diary
2025-12-03 21:25:11 [INFO] ✅ Loaded route: /api/sd
2025-12-03 21:25:11 [INFO] ✅ Loaded route: /api/community
2025-12-03 21:25:11 [INFO] ✅ Loaded route: /api/feedback
2025-12-03 21:25:11 [INFO] ✅ Loaded route: /api/analytics
2025-12-03 21:25:11 [INFO] ✅ Loaded route: /api/dream-diary/lifestyle
2025-12-03 21:25:11 [INFO] ✅ Loaded route: /api/recent-activity
2025-12-03 21:25:11 [INFO] ✅ Loaded route: /api/activity
2025-12-03 21:25:11 [INFO] ✅ Loaded route: /api/generate-image
2025-12-03 21:25:11 [INFO] ✅ Backend Running on localhost:5000
2025-12-03 21:25:11 [INFO] 🌐 Access at: http://localhost:5000
2025-12-03 21:25:12 [INFO] ✅ MongoDB Connected Successfully (Local)
2025-12-03 21:25:12 [INFO] ✅ Database initialized
2025-12-03 21:34:26 [INFO] ✅ Loaded route: /api/auth
2025-12-03 21:34:26 [WARN] ⚠️  Route not found: /api/dreams (./routes/dreams.js)
2025-12-03 21:34:26 [INFO] ✅ Loaded route: /api/chatbot
2025-12-03 21:34:26 [INFO] ✅ Loaded route: /api/dream-diary
2025-12-03 21:34:26 [INFO] ✅ Loaded route: /api/sd
2025-12-03 21:34:26 [INFO] ✅ Loaded route: /api/community
2025-12-03 21:34:26 [INFO] ✅ Loaded route: /api/feedback
2025-12-03 21:34:26 [INFO] ✅ Loaded route: /api/analytics
2025-12-03 21:34:26 [INFO] ✅ Loaded route: /api/dream-diary/lifestyle
2025-12-03 21:34:26 [INFO] ✅ Loaded route: /api/recent-activity
2025-12-03 21:34:26 [INFO] ✅ Loaded route: /api/activity
2025-12-03 21:34:26 [INFO] ✅ Loaded route: /api/generate-image
2025-12-03 21:34:26 [INFO] ✅ Backend Running on localhost:5000
2025-12-03 21:34:26 [INFO] 🌐 Access at: http://localhost:5000
2025-12-03 21:34:26 [INFO] ✅ MongoDB Connected Successfully (Local)
2025-12-03 21:34:26 [INFO] ✅ Database initialized
2025-12-03 21:42:27 [INFO] ✅ Loaded route: /api/auth
2025-12-03 21:42:27 [WARN] ⚠️  Route not found: /api/dreams (./routes/dreams.js)
2025-12-03 21:42:27 [INFO] ✅ Loaded route: /api/chatbot
2025-12-03 21:42:27 [INFO] ✅ Loaded route: /api/dream-diary
2025-12-03 21:42:27 [INFO] ✅ Loaded route: /api/sd
2025-12-03 21:42:27 [INFO] ✅ Loaded route: /api/community
2025-12-03 21:42:27 [INFO] ✅ Loaded route: /api/feedback
2025-12-03 21:42:27 [INFO] ✅ Loaded route: /api/analytics
2025-12-03 21:42:27 [INFO] ✅ Loaded route: /api/dream-diary/lifestyle
2025-12-03 21:42:27 [INFO] ✅ Loaded route: /api/recent-activity
2025-12-03 21:42:27 [INFO] ✅ Loaded route: /api/activity
2025-12-03 21:42:27 [INFO] ✅ Loaded route: /api/generate-image
2025-12-03 21:42:27 [INFO] ✅ Backend Running on localhost:5000
2025-12-03 21:42:27 [INFO] 🌐 Access at: http://localhost:5000
2025-12-03 21:42:27 [INFO] ✅ MongoDB Connected Successfully (Local)
2025-12-03 21:42:27 [INFO] ✅ Database initialized
2025-12-03 21:45:00 [INFO] ✅ Loaded route: /api/auth
2025-12-03 21:45:00 [WARN] ⚠️  Route not found: /api/dreams (./routes/dreams.js)
2025-12-03 21:45:00 [INFO] ✅ Loaded route: /api/chatbot
2025-12-03 21:45:00 [INFO] ✅ Loaded route: /api/dream-diary
2025-12-03 21:45:00 [INFO] ✅ Loaded route: /api/sd
2025-12-03 21:45:00 [INFO] ✅ Loaded route: /api/community
2025-12-03 21:45:00 [INFO] ✅ Loaded route: /api/feedback
2025-12-03 21:45:00 [INFO] ✅ Loaded route: /api/analytics
2025-12-03 21:45:00 [INFO] ✅ Loaded route: /api/dream-diary/lifestyle
2025-12-03 21:45:00 [INFO] ✅ Loaded route: /api/recent-activity
2025-12-03 21:45:00 [INFO] ✅ Loaded route: /api/activity
2025-12-03 21:45:00 [INFO] ✅ Loaded route: /api/generate-image
2025-12-03 21:45:00 [INFO] ✅ Backend Running on localhost:5000
2025-12-03 21:45:00 [INFO] 🌐 Access at: http://localhost:5000
2025-12-03 21:45:01 [INFO] ✅ MongoDB Connected Successfully (Local)
2025-12-03 21:45:01 [INFO] ✅ Database initialized
2025-12-03 21:49:36 [INFO] ✅ Loaded route: /api/auth
2025-12-03 21:49:36 [WARN] ⚠️  Route not found: /api/dreams (./routes/dreams.js)
2025-12-03 21:49:36 [INFO] ✅ Loaded route: /api/chatbot
2025-12-03 21:49:36 [INFO] ✅ Loaded route: /api/dream-diary
2025-12-03 21:49:36 [INFO] ✅ Loaded route: /api/sd
2025-12-03 21:49:36 [INFO] ✅ Loaded route: /api/community
2025-12-03 21:49:36 [INFO] ✅ Loaded route: /api/feedback
2025-12-03 21:49:36 [INFO] ✅ Loaded route: /api/analytics
2025-12-03 21:49:36 [INFO] ✅ Loaded route: /api/dream-diary/lifestyle
2025-12-03 21:49:36 [INFO] ✅ Loaded route: /api/recent-activity
2025-12-03 21:49:36 [INFO] ✅ Loaded route: /api/activity
2025-12-03 21:49:36 [INFO] ✅ Loaded route: /api/generate-image
2025-12-03 21:49:36 [INFO] ✅ Backend Running on localhost:5000
2025-12-03 21:49:36 [INFO] 🌐 Access at: http://localhost:5000
2025-12-03 21:49:36 [INFO] ✅ MongoDB Connected Successfully (Local)
2025-12-03 21:49:36 [INFO] ✅ Database initialized
2025-12-03 21:56:00 [INFO] ✅ Loaded route: /api/auth
2025-12-03 21:56:00 [WARN] ⚠️  Route not found: /api/dreams (./routes/dreams.js)
2025-12-03 21:56:00 [INFO] ✅ Loaded route: /api/chatbot
2025-12-03 21:56:01 [INFO] ✅ Loaded route: /api/dream-diary
2025-12-03 21:56:01 [INFO] ✅ Loaded route: /api/sd
2025-12-03 21:56:01 [INFO] ✅ Loaded route: /api/community
2025-12-03 21:56:01 [INFO] ✅ Loaded route: /api/feedback
2025-12-03 21:56:01 [INFO] ✅ Loaded route: /api/analytics
2025-12-03 21:56:01 [INFO] ✅ Loaded route: /api/dream-diary/lifestyle
2025-12-03 21:56:01 [INFO] ✅ Loaded route: /api/recent-activity
2025-12-03 21:56:01 [INFO] ✅ Loaded route: /api/activity
2025-12-03 21:56:01 [INFO] ✅ Loaded route: /api/generate-image
2025-12-03 21:56:01 [INFO] ✅ Backend Running on localhost:5000
2025-12-03 21:56:01 [INFO] 🌐 Access at: http://localhost:5000
2025-12-03 21:56:01 [INFO] ✅ MongoDB Connected Successfully (Local)
2025-12-03 21:56:01 [INFO] ✅ Database initialized
2025-12-03 22:01:31 [INFO] ✅ Loaded route: /api/auth
2025-12-03 22:01:31 [WARN] ⚠️  Route not found: /api/dreams (./routes/dreams.js)
2025-12-03 22:01:31 [INFO] ✅ Loaded route: /api/chatbot
2025-12-03 22:01:32 [INFO] ✅ Loaded route: /api/dream-diary
2025-12-03 22:01:32 [INFO] ✅ Loaded route: /api/sd
2025-12-03 22:01:32 [INFO] ✅ Loaded route: /api/community
2025-12-03 22:01:32 [INFO] ✅ Loaded route: /api/feedback
2025-12-03 22:01:32 [INFO] ✅ Loaded route: /api/analytics
2025-12-03 22:01:32 [INFO] ✅ Loaded route: /api/dream-diary/lifestyle
2025-12-03 22:01:32 [INFO] ✅ Loaded route: /api/recent-activity
2025-12-03 22:01:32 [INFO] ✅ Loaded route: /api/activity
2025-12-03 22:01:32 [INFO] ✅ Loaded route: /api/generate-image
2025-12-03 22:01:32 [INFO] ✅ Backend Running on localhost:5000
2025-12-03 22:01:32 [INFO] 🌐 Access at: http://localhost:5000
2025-12-03 22:01:32 [INFO] ✅ MongoDB Connected Successfully (Local)
2025-12-03 22:01:32 [INFO] ✅ Database initialized
2025-12-03 22:07:07 [INFO] ✅ Loaded route: /api/auth
2025-12-03 22:07:07 [WARN] ⚠️  Route not found: /api/dreams (./routes/dreams.js)
2025-12-03 22:07:07 [INFO] ✅ Loaded route: /api/chatbot
2025-12-03 22:07:07 [INFO] ✅ Loaded route: /api/dream-diary
2025-12-03 22:07:07 [INFO] ✅ Loaded route: /api/sd
2025-12-03 22:07:07 [INFO] ✅ Loaded route: /api/community
2025-12-03 22:07:07 [INFO] ✅ Loaded route: /api/feedback
2025-12-03 22:07:07 [INFO] ✅ Loaded route: /api/analytics
2025-12-03 22:07:07 [INFO] ✅ Loaded route: /api/dream-diary/lifestyle
2025-12-03 22:07:07 [INFO] ✅ Loaded route: /api/recent-activity
2025-12-03 22:07:07 [INFO] ✅ Loaded route: /api/activity
2025-12-03 22:07:07 [INFO] ✅ Loaded route: /api/generate-image
2025-12-03 22:07:07 [INFO] ✅ Backend Running on localhost:5000
2025-12-03 22:07:07 [INFO] 🌐 Access at: http://localhost:5000
2025-12-03 22:07:07 [INFO] ✅ MongoDB Connected Successfully (Local)
2025-12-03 22:07:07 [INFO] ✅ Database initialized
2025-12-03 22:12:18 [INFO] ✅ Loaded route: /api/auth
2025-12-03 22:12:18 [WARN] ⚠️  Route not found: /api/dreams (./routes/dreams.js)
2025-12-03 22:12:18 [INFO] ✅ Loaded route: /api/chatbot
2025-12-03 22:12:19 [INFO] ✅ Loaded route: /api/dream-diary
2025-12-03 22:12:19 [INFO] ✅ Loaded route: /api/sd
2025-12-03 22:12:19 [INFO] ✅ Loaded route: /api/community
2025-12-03 22:12:19 [INFO] ✅ Loaded route: /api/feedback
2025-12-03 22:12:19 [INFO] ✅ Loaded route: /api/analytics
2025-12-03 22:12:19 [INFO] ✅ Loaded route: /api/dream-diary/lifestyle
2025-12-03 22:12:19 [INFO] ✅ Loaded route: /api/recent-activity
2025-12-03 22:12:19 [INFO] ✅ Loaded route: /api/activity
2025-12-03 22:12:19 [INFO] ✅ Loaded route: /api/generate-image
2025-12-03 22:12:19 [INFO] ✅ Backend Running on localhost:5000
2025-12-03 22:12:19 [INFO] 🌐 Access at: http://localhost:5000
2025-12-03 22:12:19 [INFO] ✅ MongoDB Connected Successfully (Local)
2025-12-03 22:12:19 [INFO] ✅ Database initialized
2025-12-03 22:15:14 [INFO] [Image Generation] Request received - Prompt: "i was hiding in shadow of rock"
2025-12-03 22:16:30 [INFO] [Image Generation] Image generated in 76600ms: /uploads/sd-generated/61ab9add-4100-4828-8835-3d67281054dc.png
2025-12-03 22:22:46 [INFO] ✅ Loaded route: /api/auth
2025-12-03 22:22:46 [WARN] ⚠️  Route not found: /api/dreams (./routes/dreams.js)
2025-12-03 22:22:46 [INFO] ✅ Loaded route: /api/chatbot
2025-12-03 22:22:46 [INFO] ✅ Loaded route: /api/dream-diary
2025-12-03 22:22:46 [INFO] ✅ Loaded route: /api/sd
2025-12-03 22:22:46 [INFO] ✅ Loaded route: /api/community
2025-12-03 22:22:46 [INFO] ✅ Loaded route: /api/feedback
2025-12-03 22:22:46 [INFO] ✅ Loaded route: /api/analytics
2025-12-03 22:22:46 [INFO] ✅ Loaded route: /api/dream-diary/lifestyle
2025-12-03 22:22:46 [INFO] ✅ Loaded route: /api/recent-activity
2025-12-03 22:22:46 [INFO] ✅ Loaded route: /api/activity
2025-12-03 22:22:46 [INFO] ✅ Loaded route: /api/generate-image
2025-12-03 22:22:46 [INFO] ✅ Backend Running on localhost:5000
2025-12-03 22:22:46 [INFO] 🌐 Access at: http://localhost:5000
2025-12-03 22:22:46 [INFO] ✅ MongoDB Connected Successfully (Local)
2025-12-03 22:22:46 [INFO] ✅ Database initialized
2025-12-03 22:28:13 [INFO] ✅ Loaded route: /api/auth
2025-12-03 22:28:14 [WARN] ⚠️  Route not found: /api/dreams (./routes/dreams.js)
2025-12-03 22:28:14 [INFO] ✅ Loaded route: /api/chatbot
2025-12-03 22:28:14 [INFO] ✅ Loaded route: /api/dream-diary
2025-12-03 22:28:14 [INFO] ✅ Loaded route: /api/sd
2025-12-03 22:28:14 [INFO] ✅ Loaded route: /api/community
2025-12-03 22:28:14 [INFO] ✅ Loaded route: /api/feedback
2025-12-03 22:28:14 [INFO] ✅ Loaded route: /api/analytics
2025-12-03 22:28:14 [INFO] ✅ Loaded route: /api/dream-diary/lifestyle
2025-12-03 22:28:14 [INFO] ✅ Loaded route: /api/recent-activity
2025-12-03 22:28:14 [INFO] ✅ Loaded route: /api/activity
2025-12-03 22:28:14 [INFO] ✅ Loaded route: /api/generate-image
2025-12-03 22:28:14 [INFO] ✅ Backend Running on localhost:5000
2025-12-03 22:28:14 [INFO] 🌐 Access at: http://localhost:5000
2025-12-03 22:28:14 [INFO] ✅ MongoDB Connected Successfully (Local)
2025-12-03 22:28:14 [INFO] ✅ Database initialized
2025-12-03 22:31:32 [INFO] [Image Generation] Request received - Prompt: "i was fighting with alian"
2025-12-03 22:32:43 [INFO] [Image Generation] Image generated in 70652ms: /uploads/sd-generated/2356c8fe-8803-42f7-acfe-eddd9b5434c0.png
2025-12-03 22:39:01 [INFO] ✅ Loaded route: /api/auth
2025-12-03 22:39:02 [WARN] ⚠️  Route not found: /api/dreams (./routes/dreams.js)
2025-12-03 22:39:02 [INFO] ✅ Loaded route: /api/chatbot
2025-12-03 22:39:08 [INFO] ✅ Loaded route: /api/dream-diary
2025-12-03 22:39:08 [INFO] ✅ Loaded route: /api/sd
2025-12-03 22:39:08 [INFO] ✅ Loaded route: /api/community
2025-12-03 22:39:08 [INFO] ✅ Loaded route: /api/feedback
2025-12-03 22:39:08 [INFO] ✅ Loaded route: /api/analytics
2025-12-03 22:39:08 [INFO] ✅ Loaded route: /api/dream-diary/lifestyle
2025-12-03 22:39:08 [INFO] ✅ Loaded route: /api/recent-activity
2025-12-03 22:39:08 [INFO] ✅ Loaded route: /api/activity
2025-12-03 22:39:09 [INFO] ✅ Loaded route: /api/generate-image
2025-12-03 22:39:12 [WARN] ⚠️  MongoDB Local connection failed: Server selection timed out after 10000 ms
2025-12-03 22:39:12 [ERROR] ❌ All MongoDB connection attempts failed. Set MONGO_URI_ATLAS or ensure local MongoDB is running.
2025-12-03 22:39:12 [ERROR] ❌ Database init failed: MongoDB connection failed
2025-12-03 22:39:12 [INFO] ✅ Backend Running on localhost:5000
2025-12-03 22:39:12 [INFO] 🌐 Access at: http://localhost:5000
2025-12-03 22:39:22 [INFO] ✅ Loaded route: /api/auth
2025-12-03 22:39:22 [WARN] ⚠️  Route not found: /api/dreams (./routes/dreams.js)
2025-12-03 22:39:22 [INFO] ✅ Loaded route: /api/chatbot
2025-12-03 22:39:22 [INFO] ✅ Loaded route: /api/dream-diary
2025-12-03 22:39:22 [INFO] ✅ Loaded route: /api/sd
2025-12-03 22:39:22 [INFO] ✅ Loaded route: /api/community
2025-12-03 22:39:22 [INFO] ✅ Loaded route: /api/feedback
2025-12-03 22:39:22 [INFO] ✅ Loaded route: /api/analytics
2025-12-03 22:39:22 [INFO] ✅ Loaded route: /api/dream-diary/lifestyle
2025-12-03 22:39:22 [INFO] ✅ Loaded route: /api/recent-activity
2025-12-03 22:39:22 [INFO] ✅ Loaded route: /api/activity
2025-12-03 22:39:22 [INFO] ✅ Loaded route: /api/generate-image
2025-12-03 22:39:22 [INFO] ✅ Backend Running on localhost:5000
2025-12-03 22:39:22 [INFO] 🌐 Access at: http://localhost:5000
2025-12-03 22:39:22 [INFO] ✅ MongoDB Connected Successfully (Local)
2025-12-03 22:39:22 [INFO] ✅ Database initialized
2025-12-03 22:44:38 [INFO] ✅ Loaded route: /api/auth
2025-12-03 22:44:38 [WARN] ⚠️  Route not found: /api/dreams (./routes/dreams.js)
2025-12-03 22:44:38 [INFO] ✅ Loaded route: /api/chatbot
2025-12-03 22:44:39 [INFO] ✅ Loaded route: /api/dream-diary
2025-12-03 22:44:39 [INFO] ✅ Loaded route: /api/sd
2025-12-03 22:44:39 [INFO] ✅ Loaded route: /api/community
2025-12-03 22:44:39 [INFO] ✅ Loaded route: /api/feedback
2025-12-03 22:44:39 [INFO] ✅ Loaded route: /api/analytics
2025-12-03 22:44:39 [INFO] ✅ Loaded route: /api/dream-diary/lifestyle
2025-12-03 22:44:39 [INFO] ✅ Loaded route: /api/recent-activity
2025-12-03 22:44:39 [INFO] ✅ Loaded route: /api/activity
2025-12-03 22:44:39 [INFO] ✅ Loaded route: /api/generate-image
2025-12-03 22:44:39 [INFO] ✅ Backend Running on localhost:5000
2025-12-03 22:44:39 [INFO] 🌐 Access at: http://localhost:5000
2025-12-03 22:44:39 [INFO] ✅ MongoDB Connected Successfully (Local)
2025-12-03 22:44:39 [INFO] ✅ Database initialized
2025-12-03 22:50:55 [INFO] ✅ Loaded route: /api/auth
2025-12-03 22:50:56 [WARN] ⚠️  Route not found: /api/dreams (./routes/dreams.js)
2025-12-03 22:50:56 [INFO] ✅ Loaded route: /api/chatbot
2025-12-03 22:51:03 [INFO] ✅ Loaded route: /api/dream-diary
2025-12-03 22:51:03 [INFO] ✅ Loaded route: /api/sd
2025-12-03 22:51:03 [INFO] ✅ Loaded route: /api/community
2025-12-03 22:51:03 [INFO] ✅ Loaded route: /api/feedback
2025-12-03 22:51:03 [INFO] ✅ Loaded route: /api/analytics
2025-12-03 22:51:03 [INFO] ✅ Loaded route: /api/dream-diary/lifestyle
2025-12-03 22:51:03 [INFO] ✅ Loaded route: /api/recent-activity
2025-12-03 22:51:03 [INFO] ✅ Loaded route: /api/activity
2025-12-03 22:51:03 [INFO] ✅ Loaded route: /api/generate-image
2025-12-03 22:51:07 [WARN] ⚠️  MongoDB Local connection failed: Server selection timed out after 10000 ms
2025-12-03 22:51:07 [ERROR] ❌ All MongoDB connection attempts failed. Set MONGO_URI_ATLAS or ensure local MongoDB is running.
2025-12-03 22:51:07 [ERROR] ❌ Database init failed: MongoDB connection failed
2025-12-03 22:51:07 [INFO] ✅ Backend Running on localhost:5000
2025-12-03 22:51:07 [INFO] 🌐 Access at: http://localhost:5000
2025-12-03 22:51:18 [INFO] ✅ Loaded route: /api/auth
2025-12-03 22:51:18 [WARN] ⚠️  Route not found: /api/dreams (./routes/dreams.js)
2025-12-03 22:51:18 [INFO] ✅ Loaded route: /api/chatbot
2025-12-03 22:51:18 [INFO] ✅ Loaded route: /api/dream-diary
2025-12-03 22:51:18 [INFO] ✅ Loaded route: /api/sd
2025-12-03 22:51:18 [INFO] ✅ Loaded route: /api/community
2025-12-03 22:51:18 [INFO] ✅ Loaded route: /api/feedback
2025-12-03 22:51:18 [INFO] ✅ Loaded route: /api/analytics
2025-12-03 22:51:18 [INFO] ✅ Loaded route: /api/dream-diary/lifestyle
2025-12-03 22:51:18 [INFO] ✅ Loaded route: /api/recent-activity
2025-12-03 22:51:18 [INFO] ✅ Loaded route: /api/activity
2025-12-03 22:51:18 [INFO] ✅ Loaded route: /api/generate-image
2025-12-03 22:51:18 [INFO] ✅ Backend Running on localhost:5000
2025-12-03 22:51:18 [INFO] 🌐 Access at: http://localhost:5000
2025-12-03 22:51:18 [INFO] ✅ MongoDB Connected Successfully (Local)
2025-12-03 22:51:18 [INFO] ✅ Database initialized
2025-12-03 22:55:51 [INFO] [Image Generation] Request received - Prompt: "i saw a beautifull god in my dream"
2025-12-03 22:56:35 [INFO] [Image Generation] Image generated in 43928ms: /uploads/sd-generated/281f9972-db34-40af-b3a7-bdd67960f5e7.png
2025-12-04 06:08:13 [INFO] ✅ Loaded route: /api/auth
2025-12-04 06:08:13 [WARN] ⚠️  Route not found: /api/dreams (./routes/dreams.js)
2025-12-04 06:08:13 [INFO] ✅ Loaded route: /api/chatbot
2025-12-04 06:08:14 [INFO] ✅ Loaded route: /api/dream-diary
2025-12-04 06:08:14 [INFO] ✅ Loaded route: /api/sd
2025-12-04 06:08:14 [INFO] ✅ Loaded route: /api/community
2025-12-04 06:08:14 [INFO] ✅ Loaded route: /api/feedback
2025-12-04 06:08:14 [INFO] ✅ Loaded route: /api/analytics
2025-12-04 06:08:14 [INFO] ✅ Loaded route: /api/dream-diary/lifestyle
2025-12-04 06:08:14 [INFO] ✅ Loaded route: /api/recent-activity
2025-12-04 06:08:14 [INFO] ✅ Loaded route: /api/activity
2025-12-04 06:08:14 [INFO] ✅ Loaded route: /api/generate-image
2025-12-04 06:08:15 [INFO] ✅ Backend Running on localhost:5000
2025-12-04 06:08:15 [INFO] 🌐 Access at: http://localhost:5000
2025-12-04 06:08:15 [INFO] ✅ MongoDB Connected Successfully (Local)
2025-12-04 06:08:15 [INFO] ✅ Database initialized
2025-12-04 06:16:04 [INFO] ✅ Loaded route: /api/auth
2025-12-04 06:16:05 [WARN] ⚠️  Route not found: /api/dreams (./routes/dreams.js)
2025-12-04 06:16:05 [INFO] ✅ Loaded route: /api/chatbot
2025-12-04 06:16:05 [INFO] ✅ Loaded route: /api/dream-diary
2025-12-04 06:16:05 [INFO] ✅ Loaded route: /api/sd
2025-12-04 06:16:05 [INFO] ✅ Loaded route: /api/community
2025-12-04 06:16:05 [INFO] ✅ Loaded route: /api/feedback
2025-12-04 06:16:05 [INFO] ✅ Loaded route: /api/analytics
2025-12-04 06:16:05 [INFO] ✅ Loaded route: /api/dream-diary/lifestyle
2025-12-04 06:16:05 [INFO] ✅ Loaded route: /api/recent-activity
2025-12-04 06:16:05 [INFO] ✅ Loaded route: /api/activity
2025-12-04 06:16:05 [INFO] ✅ Loaded route: /api/generate-image
2025-12-04 06:16:06 [INFO] ✅ Backend Running on localhost:5000
2025-12-04 06:16:06 [INFO] 🌐 Access at: http://localhost:5000
2025-12-04 06:16:06 [INFO] ✅ MongoDB Connected Successfully (Local)
2025-12-04 06:16:06 [INFO] ✅ Database initialized
2025-12-04 06:24:35 [INFO] ✅ Loaded route: /api/auth
2025-12-04 06:24:36 [WARN] ⚠️  Route not found: /api/dreams (./routes/dreams.js)
2025-12-04 06:24:36 [INFO] ✅ Loaded route: /api/chatbot
2025-12-04 06:24:44 [INFO] ✅ Loaded route: /api/dream-diary
2025-12-04 06:24:45 [INFO] ✅ Loaded route: /api/sd
2025-12-04 06:24:45 [INFO] ✅ Loaded route: /api/community
2025-12-04 06:24:45 [INFO] ✅ Loaded route: /api/feedback
2025-12-04 06:24:45 [INFO] ✅ Loaded route: /api/analytics
2025-12-04 06:24:45 [INFO] ✅ Loaded route: /api/dream-diary/lifestyle
2025-12-04 06:24:45 [INFO] ✅ Loaded route: /api/recent-activity
2025-12-04 06:24:45 [INFO] ✅ Loaded route: /api/activity
2025-12-04 06:24:45 [INFO] ✅ Loaded route: /api/generate-image
2025-12-04 06:24:49 [WARN] ⚠️  MongoDB Local connection failed: Server selection timed out after 10000 ms
2025-12-04 06:24:49 [ERROR] ❌ All MongoDB connection attempts failed. Set MONGO_URI_ATLAS or ensure local MongoDB is running.
2025-12-04 06:24:49 [ERROR] ❌ Database init failed: MongoDB connection failed
2025-12-04 06:24:49 [INFO] ✅ Backend Running on localhost:5000
2025-12-04 06:24:49 [INFO] 🌐 Access at: http://localhost:5000
2025-12-04 06:25:00 [INFO] ✅ Loaded route: /api/auth
2025-12-04 06:25:00 [WARN] ⚠️  Route not found: /api/dreams (./routes/dreams.js)
2025-12-04 06:25:00 [INFO] ✅ Loaded route: /api/chatbot
2025-12-04 06:25:00 [INFO] ✅ Loaded route: /api/dream-diary
2025-12-04 06:25:00 [INFO] ✅ Loaded route: /api/sd
2025-12-04 06:25:00 [INFO] ✅ Loaded route: /api/community
2025-12-04 06:25:00 [INFO] ✅ Loaded route: /api/feedback
2025-12-04 06:25:00 [INFO] ✅ Loaded route: /api/analytics
2025-12-04 06:25:00 [INFO] ✅ Loaded route: /api/dream-diary/lifestyle
2025-12-04 06:25:00 [INFO] ✅ Loaded route: /api/recent-activity
2025-12-04 06:25:00 [INFO] ✅ Loaded route: /api/activity
2025-12-04 06:25:00 [INFO] ✅ Loaded route: /api/generate-image
2025-12-04 06:25:00 [INFO] ✅ Backend Running on localhost:5000
2025-12-04 06:25:00 [INFO] 🌐 Access at: http://localhost:5000
2025-12-04 06:25:00 [INFO] ✅ MongoDB Connected Successfully (Local)
2025-12-04 06:25:00 [INFO] ✅ Database initialized
2025-12-04 06:33:04 [INFO] ✅ Loaded route: /api/auth
2025-12-04 06:33:04 [WARN] ⚠️  Route not found: /api/dreams (./routes/dreams.js)
2025-12-04 06:33:04 [INFO] ✅ Loaded route: /api/chatbot
2025-12-04 06:33:04 [INFO] ✅ Loaded route: /api/dream-diary
2025-12-04 06:33:04 [INFO] ✅ Loaded route: /api/sd
2025-12-04 06:33:04 [INFO] ✅ Loaded route: /api/community
2025-12-04 06:33:04 [INFO] ✅ Loaded route: /api/feedback
2025-12-04 06:33:04 [INFO] ✅ Loaded route: /api/analytics
2025-12-04 06:33:05 [INFO] ✅ Loaded route: /api/dream-diary/lifestyle
2025-12-04 06:33:05 [INFO] ✅ Loaded route: /api/recent-activity
2025-12-04 06:33:05 [INFO] ✅ Loaded route: /api/activity
2025-12-04 06:33:05 [INFO] ✅ Loaded route: /api/generate-image
2025-12-04 06:33:05 [INFO] ✅ Backend Running on localhost:5000
2025-12-04 06:33:05 [INFO] 🌐 Access at: http://localhost:5000
2025-12-04 06:33:05 [INFO] ✅ MongoDB Connected Successfully (Local)
2025-12-04 06:33:05 [INFO] ✅ Database initialized
2025-12-04 06:38:41 [INFO] ✅ Loaded route: /api/auth
2025-12-04 06:38:42 [WARN] ⚠️  Route not found: /api/dreams (./routes/dreams.js)
2025-12-04 06:38:42 [INFO] ✅ Loaded route: /api/chatbot
2025-12-04 06:38:46 [INFO] ✅ Loaded route: /api/dream-diary
2025-12-04 06:38:46 [INFO] ✅ Loaded route: /api/sd
2025-12-04 06:38:46 [INFO] ✅ Loaded route: /api/community
2025-12-04 06:38:46 [INFO] ✅ Loaded route: /api/feedback
2025-12-04 06:38:46 [INFO] ✅ Loaded route: /api/analytics
2025-12-04 06:38:46 [INFO] ✅ Loaded route: /api/dream-diary/lifestyle
2025-12-04 06:38:46 [INFO] ✅ Loaded route: /api/recent-activity
2025-12-04 06:38:46 [INFO] ✅ Loaded route: /api/activity
2025-12-04 06:38:46 [INFO] ✅ Loaded route: /api/generate-image
2025-12-04 06:38:48 [WARN] ⚠️  MongoDB Local connection failed: Server selection timed out after 10000 ms
2025-12-04 06:38:48 [ERROR] ❌ All MongoDB connection attempts failed. Set MONGO_URI_ATLAS or ensure local MongoDB is running.
2025-12-04 06:38:48 [ERROR] ❌ Database init failed: MongoDB connection failed
2025-12-04 06:38:48 [INFO] ✅ Backend Running on localhost:5000
2025-12-04 06:38:48 [INFO] 🌐 Access at: http://localhost:5000
2025-12-04 06:38:57 [INFO] ✅ Loaded route: /api/auth
2025-12-04 06:38:57 [WARN] ⚠️  Route not found: /api/dreams (./routes/dreams.js)
2025-12-04 06:38:58 [INFO] ✅ Loaded route: /api/chatbot
2025-12-04 06:38:58 [INFO] ✅ Loaded route: /api/dream-diary
2025-12-04 06:38:58 [INFO] ✅ Loaded route: /api/sd
2025-12-04 06:38:58 [INFO] ✅ Loaded route: /api/community
2025-12-04 06:38:58 [INFO] ✅ Loaded route: /api/feedback
2025-12-04 06:38:58 [INFO] ✅ Loaded route: /api/analytics
2025-12-04 06:38:58 [INFO] ✅ Loaded route: /api/dream-diary/lifestyle
2025-12-04 06:38:58 [INFO] ✅ Loaded route: /api/recent-activity
2025-12-04 06:38:58 [INFO] ✅ Loaded route: /api/activity
2025-12-04 06:38:58 [INFO] ✅ Loaded route: /api/generate-image
2025-12-04 06:38:58 [INFO] ✅ Backend Running on localhost:5000
2025-12-04 06:38:58 [INFO] 🌐 Access at: http://localhost:5000
2025-12-04 06:38:58 [INFO] ✅ MongoDB Connected Successfully (Local)
2025-12-04 06:38:58 [INFO] ✅ Database initialized
2025-12-04 06:52:02 [INFO] ✅ Loaded route: /api/auth
2025-12-04 06:52:03 [WARN] ⚠️  Route not found: /api/dreams (./routes/dreams.js)
2025-12-04 06:52:03 [INFO] ✅ Loaded route: /api/chatbot
2025-12-04 06:52:09 [INFO] ✅ Loaded route: /api/dream-diary
2025-12-04 06:52:09 [INFO] ✅ Loaded route: /api/sd
2025-12-04 06:52:09 [INFO] ✅ Loaded route: /api/community
2025-12-04 06:52:09 [INFO] ✅ Loaded route: /api/feedback
2025-12-04 06:52:09 [INFO] ✅ Loaded route: /api/analytics
2025-12-04 06:52:09 [INFO] ✅ Loaded route: /api/dream-diary/lifestyle
2025-12-04 06:52:09 [INFO] ✅ Loaded route: /api/recent-activity
2025-12-04 06:52:09 [INFO] ✅ Loaded route: /api/activity
2025-12-04 06:52:09 [INFO] ✅ Loaded route: /api/generate-image
2025-12-04 06:52:12 [WARN] ⚠️  MongoDB Local connection failed: Server selection timed out after 10000 ms
2025-12-04 06:52:12 [ERROR] ❌ All MongoDB connection attempts failed. Set MONGO_URI_ATLAS or ensure local MongoDB is running.
2025-12-04 06:52:12 [ERROR] ❌ Database init failed: MongoDB connection failed
2025-12-04 06:52:12 [INFO] ✅ Backend Running on localhost:5000
2025-12-04 06:52:12 [INFO] 🌐 Access at: http://localhost:5000
2025-12-04 06:52:21 [INFO] ✅ Loaded route: /api/auth
2025-12-04 06:52:21 [WARN] ⚠️  Route not found: /api/dreams (./routes/dreams.js)
2025-12-04 06:52:21 [INFO] ✅ Loaded route: /api/chatbot
2025-12-04 06:52:21 [INFO] ✅ Loaded route: /api/dream-diary
2025-12-04 06:52:21 [INFO] ✅ Loaded route: /api/sd
2025-12-04 06:52:21 [INFO] ✅ Loaded route: /api/community
2025-12-04 06:52:21 [INFO] ✅ Loaded route: /api/feedback
2025-12-04 06:52:21 [INFO] ✅ Loaded route: /api/analytics
2025-12-04 06:52:21 [INFO] ✅ Loaded route: /api/dream-diary/lifestyle
2025-12-04 06:52:21 [INFO] ✅ Loaded route: /api/recent-activity
2025-12-04 06:52:21 [INFO] ✅ Loaded route: /api/activity
2025-12-04 06:52:21 [INFO] ✅ Loaded route: /api/generate-image
2025-12-04 06:52:21 [INFO] ✅ Backend Running on localhost:5000
2025-12-04 06:52:21 [INFO] 🌐 Access at: http://localhost:5000
2025-12-04 06:52:21 [INFO] ✅ MongoDB Connected Successfully (Local)
2025-12-04 06:52:21 [INFO] ✅ Database initialized
2025-12-04 07:01:58 [INFO] [Image Generation] Request received - Prompt: "i was eaten by my pet dog"
2025-12-04 07:02:51 [INFO] [Image Generation] Image generated in 53705ms: /uploads/sd-generated/19dc09cf-bcfc-448a-bc2a-fbd7c83de504.png
2025-12-04 07:06:47 [INFO] ✅ Loaded route: /api/auth
2025-12-04 07:06:47 [WARN] ⚠️  Route not found: /api/dreams (./routes/dreams.js)
2025-12-04 07:06:47 [INFO] ✅ Loaded route: /api/chatbot
2025-12-04 07:06:48 [INFO] ✅ Loaded route: /api/dream-diary
2025-12-04 07:06:48 [INFO] ✅ Loaded route: /api/sd
2025-12-04 07:06:48 [INFO] ✅ Loaded route: /api/community
2025-12-04 07:06:48 [INFO] ✅ Loaded route: /api/feedback
2025-12-04 07:06:48 [INFO] ✅ Loaded route: /api/analytics
2025-12-04 07:06:48 [INFO] ✅ Loaded route: /api/dream-diary/lifestyle
2025-12-04 07:06:48 [INFO] ✅ Loaded route: /api/recent-activity
2025-12-04 07:06:48 [INFO] ✅ Loaded route: /api/activity
2025-12-04 07:06:48 [INFO] ✅ Loaded route: /api/generate-image
2025-12-04 07:06:48 [INFO] ✅ Backend Running on localhost:5000
2025-12-04 07:06:48 [INFO] 🌐 Access at: http://localhost:5000
2025-12-04 07:06:48 [INFO] ✅ MongoDB Connected Successfully (Local)
2025-12-04 07:06:48 [INFO] ✅ Database initialized
2025-12-04 07:09:19 [INFO] [Image Generation] Request received - Prompt: "i was eating whole forest in my dream"
2025-12-04 07:10:02 [INFO] [Image Generation] Image generated in 43435ms: /uploads/sd-generated/0d9d5885-448f-465a-bbf5-2a195dbabb05.png
2025-12-04 07:12:51 [INFO] ✅ Loaded route: /api/auth
2025-12-04 07:12:51 [WARN] ⚠️  Route not found: /api/dreams (./routes/dreams.js)
2025-12-04 07:12:51 [INFO] ✅ Loaded route: /api/chatbot
2025-12-04 07:12:51 [INFO] ✅ Loaded route: /api/dream-diary
2025-12-04 07:12:51 [INFO] ✅ Loaded route: /api/sd
2025-12-04 07:12:51 [INFO] ✅ Loaded route: /api/community
2025-12-04 07:12:51 [INFO] ✅ Loaded route: /api/feedback
2025-12-04 07:12:51 [INFO] ✅ Loaded route: /api/analytics
2025-12-04 07:12:51 [INFO] ✅ Loaded route: /api/dream-diary/lifestyle
2025-12-04 07:12:51 [INFO] ✅ Loaded route: /api/recent-activity
2025-12-04 07:12:51 [INFO] ✅ Loaded route: /api/activity
2025-12-04 07:12:51 [INFO] ✅ Loaded route: /api/generate-image
2025-12-04 07:12:51 [INFO] ✅ Backend Running on localhost:5000
2025-12-04 07:12:51 [INFO] 🌐 Access at: http://localhost:5000
2025-12-04 07:12:51 [INFO] ✅ MongoDB Connected Successfully (Local)
2025-12-04 07:12:51 [INFO] ✅ Database initialized
2025-12-04 07:14:20 [INFO] [Image Generation] Request received - Prompt: "i was eaten by fox in my dream"
2025-12-04 07:14:31 [INFO] [Image Generation] Image generated in 11178ms: /uploads/sd-generated/cac27213-b710-4737-b3a3-09f98d557ef0.png
2025-12-04 08:29:05 [INFO] ✅ Loaded route: /api/auth
2025-12-04 08:29:07 [WARN] ⚠️  Route not found: /api/dreams (./routes/dreams.js)
2025-12-04 08:29:07 [INFO] ✅ Loaded route: /api/chatbot
2025-12-04 08:29:16 [INFO] ✅ Loaded route: /api/dream-diary
2025-12-04 08:29:17 [INFO] ✅ Loaded route: /api/sd
2025-12-04 08:29:17 [INFO] ✅ Loaded route: /api/community
2025-12-04 08:29:17 [INFO] ✅ Loaded route: /api/feedback
2025-12-04 08:29:17 [INFO] ✅ Loaded route: /api/analytics
2025-12-04 08:29:17 [INFO] ✅ Loaded route: /api/dream-diary/lifestyle
2025-12-04 08:29:17 [INFO] ✅ Loaded route: /api/recent-activity
2025-12-04 08:29:17 [INFO] ✅ Loaded route: /api/activity
2025-12-04 08:29:17 [INFO] ✅ Loaded route: /api/generate-image
2025-12-04 08:29:21 [WARN] ⚠️  MongoDB Local connection failed: Server selection timed out after 10000 ms
2025-12-04 08:29:21 [ERROR] ❌ All MongoDB connection attempts failed. Set MONGO_URI_ATLAS or ensure local MongoDB is running.
2025-12-04 08:29:21 [ERROR] ❌ Database init failed: MongoDB connection failed
2025-12-04 08:29:21 [INFO] ✅ Backend Running on localhost:5000
2025-12-04 08:29:21 [INFO] 🌐 Access at: http://localhost:5000
2025-12-04 08:29:41 [INFO] ✅ Loaded route: /api/auth
2025-12-04 08:29:41 [WARN] ⚠️  Route not found: /api/dreams (./routes/dreams.js)
2025-12-04 08:29:41 [INFO] ✅ Loaded route: /api/chatbot
2025-12-04 08:29:42 [INFO] ✅ Loaded route: /api/dream-diary
2025-12-04 08:29:42 [INFO] ✅ Loaded route: /api/sd
2025-12-04 08:29:42 [INFO] ✅ Loaded route: /api/community
2025-12-04 08:29:42 [INFO] ✅ Loaded route: /api/feedback
2025-12-04 08:29:42 [INFO] ✅ Loaded route: /api/analytics
2025-12-04 08:29:42 [INFO] ✅ Loaded route: /api/dream-diary/lifestyle
2025-12-04 08:29:42 [INFO] ✅ Loaded route: /api/recent-activity
2025-12-04 08:29:42 [INFO] ✅ Loaded route: /api/activity
2025-12-04 08:29:42 [INFO] ✅ Loaded route: /api/generate-image
2025-12-04 08:29:42 [INFO] ✅ Backend Running on localhost:5000
2025-12-04 08:29:42 [INFO] 🌐 Access at: http://localhost:5000
2025-12-04 08:29:42 [INFO] ✅ MongoDB Connected Successfully (Local)
2025-12-04 08:29:42 [INFO] ✅ Database initialized
2025-12-04 09:25:03 [INFO] ✅ Loaded route: /api/auth
2025-12-04 09:25:03 [WARN] ⚠️  Route not found: /api/dreams (./routes/dreams.js)
2025-12-04 09:25:03 [INFO] ✅ Loaded route: /api/chatbot
2025-12-04 09:25:04 [INFO] ✅ Loaded route: /api/dream-diary
2025-12-04 09:25:04 [INFO] ✅ Loaded route: /api/sd
2025-12-04 09:25:04 [INFO] ✅ Loaded route: /api/community
2025-12-04 09:25:04 [INFO] ✅ Loaded route: /api/feedback
2025-12-04 09:25:04 [INFO] ✅ Loaded route: /api/analytics
2025-12-04 09:25:04 [INFO] ✅ Loaded route: /api/dream-diary/lifestyle
2025-12-04 09:25:04 [INFO] ✅ Loaded route: /api/recent-activity
2025-12-04 09:25:04 [INFO] ✅ Loaded route: /api/activity
2025-12-04 09:25:04 [INFO] ✅ Loaded route: /api/generate-image
2025-12-04 09:25:04 [INFO] ✅ Backend Running on localhost:5000
2025-12-04 09:25:04 [INFO] 🌐 Access at: http://localhost:5000
2025-12-04 09:25:04 [INFO] ✅ MongoDB Connected Successfully (Local)
2025-12-04 09:25:04 [INFO] ✅ Database initialized
2025-12-04 09:27:22 [INFO] [Image Generation] Request received - Prompt: "i was moving to america in my dream"
2025-12-04 09:27:39 [INFO] [Image Generation] Image generated in 16264ms: /uploads/sd-generated/2509e3b3-5fe0-4fd4-b62d-a07e47369f30.png
2025-12-04 09:39:50 [INFO] [Image Generation] Request received - Prompt: "i was happily dancing with my friends in a flower garden"
2025-12-04 09:39:59 [INFO] [Image Generation] Image generated in 9035ms: /uploads/sd-generated/76ee5a41-39d6-4668-8f49-351ad4f11574.png
2025-12-04 09:59:30 [INFO] ✅ Loaded route: /api/auth
2025-12-04 09:59:32 [WARN] ⚠️  Route not found: /api/dreams (./routes/dreams.js)
2025-12-04 09:59:32 [INFO] ✅ Loaded route: /api/chatbot
2025-12-04 09:59:40 [INFO] ✅ Loaded route: /api/dream-diary
2025-12-04 09:59:40 [INFO] ✅ Loaded route: /api/sd
2025-12-04 09:59:40 [INFO] ✅ Loaded route: /api/community
2025-12-04 09:59:40 [INFO] ✅ Loaded route: /api/feedback
2025-12-04 09:59:40 [INFO] ✅ Loaded route: /api/analytics
2025-12-04 09:59:40 [INFO] ✅ Loaded route: /api/dream-diary/lifestyle
2025-12-04 09:59:40 [INFO] ✅ Loaded route: /api/recent-activity
2025-12-04 09:59:40 [INFO] ✅ Loaded route: /api/activity
2025-12-04 09:59:40 [INFO] ✅ Loaded route: /api/generate-image
2025-12-04 09:59:44 [WARN] ⚠️  MongoDB Local connection failed: Server selection timed out after 10000 ms
2025-12-04 09:59:44 [ERROR] ❌ All MongoDB connection attempts failed. Set MONGO_URI_ATLAS or ensure local MongoDB is running.
2025-12-04 09:59:44 [ERROR] ❌ Database init failed: MongoDB connection failed
2025-12-04 09:59:45 [INFO] ✅ Backend Running on localhost:5000
2025-12-04 09:59:45 [INFO] 🌐 Access at: http://localhost:5000
2025-12-04 10:00:29 [INFO] ✅ Loaded route: /api/auth
2025-12-04 10:00:29 [WARN] ⚠️  Route not found: /api/dreams (./routes/dreams.js)
2025-12-04 10:00:29 [INFO] ✅ Loaded route: /api/chatbot
2025-12-04 10:00:30 [INFO] ✅ Loaded route: /api/dream-diary
2025-12-04 10:00:30 [INFO] ✅ Loaded route: /api/sd
2025-12-04 10:00:30 [INFO] ✅ Loaded route: /api/community
2025-12-04 10:00:30 [INFO] ✅ Loaded route: /api/feedback
2025-12-04 10:00:30 [INFO] ✅ Loaded route: /api/analytics
2025-12-04 10:00:30 [INFO] ✅ Loaded route: /api/dream-diary/lifestyle
2025-12-04 10:00:30 [INFO] ✅ Loaded route: /api/recent-activity
2025-12-04 10:00:30 [INFO] ✅ Loaded route: /api/activity
2025-12-04 10:00:30 [INFO] ✅ Loaded route: /api/generate-image
2025-12-04 10:00:30 [INFO] ✅ Backend Running on localhost:5000
2025-12-04 10:00:30 [INFO] 🌐 Access at: http://localhost:5000
2025-12-04 10:00:30 [INFO] ✅ MongoDB Connected Successfully (Local)
2025-12-04 10:00:30 [INFO] ✅ Database initialized
2025-12-04 10:06:38 [INFO] [Image Generation] Request received - Prompt: "i was chased by tiger"
2025-12-04 10:07:30 [INFO] [Image Generation] Image generated in 51160ms: /uploads/sd-generated/c9f31c6b-37cd-471f-9354-57ed0ad6ad1f.png
2025-12-04 13:34:43 [INFO] ✅ Loaded route: /api/auth
2025-12-04 13:34:44 [WARN] ⚠️  Route not found: /api/dreams (./routes/dreams.js)
2025-12-04 13:34:44 [INFO] ✅ Loaded route: /api/chatbot
2025-12-04 13:34:52 [INFO] ✅ Loaded route: /api/dream-diary
2025-12-04 13:34:53 [INFO] ✅ Loaded route: /api/sd
2025-12-04 13:34:53 [INFO] ✅ Loaded route: /api/community
2025-12-04 13:34:53 [INFO] ✅ Loaded route: /api/feedback
2025-12-04 13:34:53 [INFO] ✅ Loaded route: /api/analytics
2025-12-04 13:34:53 [INFO] ✅ Loaded route: /api/dream-diary/lifestyle
2025-12-04 13:34:53 [INFO] ✅ Loaded route: /api/recent-activity
2025-12-04 13:34:53 [INFO] ✅ Loaded route: /api/activity
2025-12-04 13:34:53 [INFO] ✅ Loaded route: /api/generate-image
2025-12-04 13:34:56 [WARN] ⚠️  MongoDB Local connection failed: Server selection timed out after 10000 ms
2025-12-04 13:34:56 [ERROR] ❌ All MongoDB connection attempts failed. Set MONGO_URI_ATLAS or ensure local MongoDB is running.
2025-12-04 13:34:56 [ERROR] ❌ Database init failed: MongoDB connection failed
2025-12-04 13:34:56 [INFO] ✅ Backend Running on localhost:5000
2025-12-04 13:34:56 [INFO] 🌐 Access at: http://localhost:5000
2025-12-04 13:35:07 [INFO] ✅ Loaded route: /api/auth
2025-12-04 13:35:07 [WARN] ⚠️  Route not found: /api/dreams (./routes/dreams.js)
2025-12-04 13:35:07 [INFO] ✅ Loaded route: /api/chatbot
2025-12-04 13:35:07 [INFO] ✅ Loaded route: /api/dream-diary
2025-12-04 13:35:07 [INFO] ✅ Loaded route: /api/sd
2025-12-04 13:35:07 [INFO] ✅ Loaded route: /api/community
2025-12-04 13:35:07 [INFO] ✅ Loaded route: /api/feedback
2025-12-04 13:35:07 [INFO] ✅ Loaded route: /api/analytics
2025-12-04 13:35:07 [INFO] ✅ Loaded route: /api/dream-diary/lifestyle
2025-12-04 13:35:07 [INFO] ✅ Loaded route: /api/recent-activity
2025-12-04 13:35:07 [INFO] ✅ Loaded route: /api/activity
2025-12-04 13:35:07 [INFO] ✅ Loaded route: /api/generate-image
2025-12-04 13:35:07 [INFO] ✅ Backend Running on localhost:5000
2025-12-04 13:35:07 [INFO] 🌐 Access at: http://localhost:5000
2025-12-04 13:35:08 [INFO] ✅ MongoDB Connected Successfully (Local)
2025-12-04 13:35:08 [INFO] ✅ Database initialized
2025-12-04 13:40:38 [INFO] ✅ Loaded route: /api/auth
2025-12-04 13:40:38 [WARN] ⚠️  Route not found: /api/dreams (./routes/dreams.js)
2025-12-04 13:40:38 [INFO] ✅ Loaded route: /api/chatbot
2025-12-04 13:40:38 [INFO] ✅ Loaded route: /api/dream-diary
2025-12-04 13:40:38 [INFO] ✅ Loaded route: /api/sd
2025-12-04 13:40:38 [INFO] ✅ Loaded route: /api/community
2025-12-04 13:40:38 [INFO] ✅ Loaded route: /api/feedback
2025-12-04 13:40:38 [INFO] ✅ Loaded route: /api/analytics
2025-12-04 13:40:38 [INFO] ✅ Loaded route: /api/dream-diary/lifestyle
2025-12-04 13:40:38 [INFO] ✅ Loaded route: /api/recent-activity
2025-12-04 13:40:38 [INFO] ✅ Loaded route: /api/activity
2025-12-04 13:40:38 [INFO] ✅ Loaded route: /api/generate-image
2025-12-04 13:40:39 [INFO] ✅ Backend Running on localhost:5000
2025-12-04 13:40:39 [INFO] 🌐 Access at: http://localhost:5000
2025-12-04 13:40:39 [INFO] ✅ MongoDB Connected Successfully (Local)
2025-12-04 13:40:39 [INFO] ✅ Database initialized
2025-12-04 13:53:13 [INFO] [Image Generation] Request received - Prompt: "i was dancing in rain"
2025-12-04 13:54:31 [INFO] [Image Generation] Image generated in 78347ms: /uploads/sd-generated/10a6b1c2-9948-4898-859e-daa468edafb3.png
2025-12-04 20:18:37 [INFO] ✅ Loaded route: /api/auth
2025-12-04 20:18:37 [WARN] ⚠️  Route not found: /api/dreams (./routes/dreams.js)
2025-12-04 20:18:37 [INFO] ✅ Loaded route: /api/chatbot
2025-12-04 20:18:37 [INFO] ✅ Loaded route: /api/dream-diary
2025-12-04 20:18:37 [INFO] ✅ Loaded route: /api/sd
2025-12-04 20:18:37 [INFO] ✅ Loaded route: /api/community
2025-12-04 20:18:38 [INFO] ✅ Loaded route: /api/feedback
2025-12-04 20:18:38 [INFO] ✅ Loaded route: /api/analytics
2025-12-04 20:18:38 [INFO] ✅ Loaded route: /api/dream-diary/lifestyle
2025-12-04 20:18:38 [INFO] ✅ Loaded route: /api/recent-activity
2025-12-04 20:18:38 [INFO] ✅ Loaded route: /api/activity
2025-12-04 20:18:38 [INFO] ✅ Loaded route: /api/generate-image
2025-12-04 20:18:38 [INFO] ✅ Backend Running on localhost:5000
2025-12-04 20:18:38 [INFO] 🌐 Access at: http://localhost:5000
2025-12-04 20:18:38 [INFO] ✅ MongoDB Connected Successfully (Local)
2025-12-04 20:18:38 [INFO] ✅ Database initialized
2025-12-04 20:21:32 [INFO] [Image Generation] Request received - Prompt: "my brother gifted me a laptop"
2025-12-04 20:23:01 [INFO] [Image Generation] Image generated in 88842ms: /uploads/sd-generated/f935f426-8a9e-4394-ba08-fcbfefa17eb5.png
